"Path","LastWriteTime"
".cursorrules","2026-01-27 오후 4:10:30"
".env","2026-01-27 오전 10:58:32"
"check_db_state.py","2026-01-27 오후 4:27:59"
"check_deposit_baseline.py","2026-01-27 오후 4:16:34"
"check_user_progress.py","2026-01-27 오후 3:41:58"
"column_enums.txt","2026-01-27 오후 3:25:54"
"compare_users_tables.py","2026-01-27 오후 4:30:01"
"fix_user_id_mismatch.py","2026-01-27 오후 4:36:38"
"fix_user_id_mismatch_v2.py","2026-01-27 오후 4:37:12"
"force_recover_xp.py","2026-01-27 오후 4:17:45"
"inspect_level_users.py","2026-01-27 오후 4:04:15"
"inspect_mission_schema.py","2026-01-27 오후 3:26:04"
"inspect_output.txt","2026-01-27 오후 4:04:43"
"level_rewards_content.txt","2026-01-27 오후 3:31:59"
"level_thresholds_detail.txt","2026-01-27 오후 3:43:58"
"list_users.py","2026-01-27 오후 3:37:48"
"list_v2_levels.py","2026-01-27 오후 3:33:36"
"mission_schema.txt","2026-01-27 오후 3:21:48"
"mission_schema_full.txt","2026-01-27 오후 3:22:10"
"modified_files_20260127.csv","2026-01-27 오후 4:48:03"
"modified_files_20260127_v2.csv","2026-01-27 오후 4:49:46"
"recover_level_users.py","2026-01-27 오후 4:16:56"
"repro_mission_500.py","2026-01-27 오후 3:13:00"
"repro_output.log","2026-01-27 오후 3:15:18"
"test_audit_enum.py","2026-01-27 오후 3:27:11"
"test_point_edit.py","2026-01-27 오후 3:36:12"
"test_v2_login_sync.py","2026-01-27 오후 4:34:04"
"unit_test_sync.py","2026-01-27 오후 4:34:36"
"verify_api_fix.py","2026-01-27 오후 4:18:09"
".github\copilot-instructions.md","2026-01-27 오후 2:26:54"
".github\instructions\rule2026.instructions.md","2026-01-27 오후 2:32:38"
".pytest_cache\v\cache\lastfailed","2026-01-27 오후 4:34:08"
".pytest_cache\v\cache\nodeids","2026-01-27 오후 2:01:08"
".pytest_cache\v\cache\stepwise","2026-01-27 오후 4:48:26"
"alembic\versions\20260127_1600_add_missing_mission_gifticons.py","2026-01-27 오후 3:44:50"
"alembic\versions\__pycache__\20260125_1600_expand_v2_roulette_segment_slots.cpython-311.pyc","2026-01-27 오후 3:18:01"
"alembic\versions\__pycache__\20260127_1600_add_missing_mission_gifticons.cpython-311.pyc","2026-01-27 오후 3:45:01"
"app\api\routes\auth.py","2026-01-27 오전 11:06:36"
"app\api\routes\__pycache__\auth.cpython-311.pyc","2026-01-27 오전 11:06:39"
"app\core\config.py","2026-01-27 오후 4:08:49"
"app\core\__pycache__\config.cpython-311.pyc","2026-01-27 오후 4:08:51"
"app\services\dice_service.py","2026-01-27 오후 1:57:53"
"app\services\level_xp_service.py","2026-01-27 오후 3:14:21"
"app\services\lottery_service.py","2026-01-27 오후 1:57:53"
"app\services\mission_service.py","2026-01-27 오전 11:06:06"
"app\services\roulette_service.py","2026-01-27 오후 1:57:53"
"app\services\vault_service.py","2026-01-27 오전 11:48:33"
"app\services\__pycache__\dice_service.cpython-311.pyc","2026-01-27 오후 1:57:56"
"app\services\__pycache__\level_xp_service.cpython-311.pyc","2026-01-27 오후 3:21:59"
"app\services\__pycache__\lottery_service.cpython-311.pyc","2026-01-27 오후 1:57:56"
"app\services\__pycache__\mission_service.cpython-311.pyc","2026-01-27 오전 11:06:09"
"app\services\__pycache__\roulette_service.cpython-311.pyc","2026-01-27 오후 1:57:56"
"app\services\__pycache__\vault_service.cpython-311.pyc","2026-01-27 오전 11:48:35"
"app\v2\api\dev_login.py","2026-01-27 오후 4:33:55"
"app\v2\api\routes.py","2026-01-27 오후 12:13:53"
"app\v2\api\admin\economy_routes.py","2026-01-27 오후 4:17:43"
"app\v2\api\admin\game_config_routes.py","2026-01-27 오전 11:24:12"
"app\v2\api\admin\team_battle_routes.py","2026-01-27 오전 9:51:00"
"app\v2\api\admin\__pycache__\economy_routes.cpython-311.pyc","2026-01-27 오후 4:17:46"
"app\v2\api\admin\__pycache__\game_config_routes.cpython-311.pyc","2026-01-27 오전 11:24:15"
"app\v2\api\admin\__pycache__\team_battle_routes.cpython-311.pyc","2026-01-27 오전 9:51:03"
"app\v2\api\__pycache__\dev_login.cpython-311.pyc","2026-01-27 오후 4:33:56"
"app\v2\api\__pycache__\routes.cpython-311.pyc","2026-01-27 오후 12:13:56"
"app\v2\schemas\v2_admin_game.py","2026-01-27 오전 11:24:12"
"app\v2\schemas\__pycache__\v2_admin_game.cpython-311.pyc","2026-01-27 오전 11:24:15"
"app\v2\services\admin_cc_deposit_service.py","2026-01-27 오후 3:14:32"
"app\v2\services\admin_user_service.py","2026-01-27 오후 4:48:21"
"app\v2\services\auth_service.py","2026-01-27 오후 4:33:53"
"app\v2\services\mission_service.py","2026-01-27 오후 2:08:55"
"app\v2\services\shop_service.py","2026-01-27 오후 12:13:53"
"app\v2\services\team_battle_admin_service.py","2026-01-27 오전 9:51:00"
"app\v2\services\user_service.py","2026-01-27 오후 4:37:10"
"app\v2\services\vault_service.py","2026-01-27 오후 12:50:11"
"app\v2\services\__pycache__\admin_cc_deposit_service.cpython-311.pyc","2026-01-27 오후 3:21:57"
"app\v2\services\__pycache__\admin_user_service.cpython-311.pyc","2026-01-27 오후 4:48:24"
"app\v2\services\__pycache__\auth_service.cpython-311.pyc","2026-01-27 오후 4:33:56"
"app\v2\services\__pycache__\mission_service.cpython-311.pyc","2026-01-27 오후 2:08:58"
"app\v2\services\__pycache__\shop_service.cpython-311.pyc","2026-01-27 오후 12:13:56"
"app\v2\services\__pycache__\team_battle_admin_service.cpython-311.pyc","2026-01-27 오전 9:51:03"
"app\v2\services\__pycache__\user_service.cpython-311.pyc","2026-01-27 오후 4:37:11"
"app\v2\services\__pycache__\vault_service.cpython-311.pyc","2026-01-27 오후 12:50:14"
"brain\b3f6d7e3-a70e-47ca-ab89-c719652a98a7\anti_fraud_data_framework.md.resolved","2026-01-27 오전 9:39:38"
"brain\b3f6d7e3-a70e-47ca-ab89-c719652a98a7\game_design_evaluation.md","2026-01-27 오전 9:42:09"
"brain\b3f6d7e3-a70e-47ca-ab89-c719652a98a7\malicious_user_prevention_strategy.md","2026-01-27 오전 9:31:46"
"dist\index.html","2026-01-27 오후 2:57:51"
"dist\index.html.br","2026-01-27 오후 2:57:51"
"dist\index.html.gz","2026-01-27 오후 2:57:51"
"dist\assets\confetti.module-B5JVzsfH.js","2026-01-27 오후 2:57:51"
"dist\assets\confetti.module-B5JVzsfH.js.br","2026-01-27 오후 2:57:51"
"dist\assets\confetti.module-B5JVzsfH.js.gz","2026-01-27 오후 2:57:51"
"dist\assets\confetti.module-B5JVzsfH.js.map","2026-01-27 오후 2:57:51"
"dist\assets\DicePage-C-f3w8DL.css","2026-01-27 오후 2:57:51"
"dist\assets\DicePage-C-f3w8DL.css.br","2026-01-27 오후 2:57:51"
"dist\assets\DicePage-C-f3w8DL.css.gz","2026-01-27 오후 2:57:51"
"dist\assets\DicePage-rubuCwd0.js","2026-01-27 오후 2:57:51"
"dist\assets\DicePage-rubuCwd0.js.br","2026-01-27 오후 2:57:51"
"dist\assets\DicePage-rubuCwd0.js.gz","2026-01-27 오후 2:57:51"
"dist\assets\DicePage-rubuCwd0.js.map","2026-01-27 오후 2:57:51"
"dist\assets\ExchangePage-PzTMjIZ_.js","2026-01-27 오후 2:57:51"
"dist\assets\ExchangePage-PzTMjIZ_.js.br","2026-01-27 오후 2:57:51"
"dist\assets\ExchangePage-PzTMjIZ_.js.gz","2026-01-27 오후 2:57:51"
"dist\assets\ExchangePage-PzTMjIZ_.js.map","2026-01-27 오후 2:57:51"
"dist\assets\GamedashPage-BlGxf9j4.css","2026-01-27 오후 2:57:51"
"dist\assets\GamedashPage-BlGxf9j4.css.br","2026-01-27 오후 2:57:51"
"dist\assets\GamedashPage-BlGxf9j4.css.gz","2026-01-27 오후 2:57:51"
"dist\assets\GamedashPage-C7ERC4H_.js","2026-01-27 오후 2:57:51"
"dist\assets\GamedashPage-C7ERC4H_.js.br","2026-01-27 오후 2:57:51"
"dist\assets\GamedashPage-C7ERC4H_.js.gz","2026-01-27 오후 2:57:51"
"dist\assets\GamedashPage-C7ERC4H_.js.map","2026-01-27 오후 2:57:51"
"dist\assets\gamepad-2-Bitl1ASJ.js","2026-01-27 오후 2:57:51"
"dist\assets\gamepad-2-Bitl1ASJ.js.br","2026-01-27 오후 2:57:51"
"dist\assets\gamepad-2-Bitl1ASJ.js.gz","2026-01-27 오후 2:57:51"
"dist\assets\gamepad-2-Bitl1ASJ.js.map","2026-01-27 오후 2:57:51"
"dist\assets\haptic-DTy5EhMF.js","2026-01-27 오후 2:57:51"
"dist\assets\haptic-DTy5EhMF.js.br","2026-01-27 오후 2:57:51"
"dist\assets\haptic-DTy5EhMF.js.gz","2026-01-27 오후 2:57:51"
"dist\assets\haptic-DTy5EhMF.js.map","2026-01-27 오후 2:57:51"
"dist\assets\HomePage-B78I974q.css","2026-01-27 오후 2:57:51"
"dist\assets\HomePage-B78I974q.css.br","2026-01-27 오후 2:57:51"
"dist\assets\HomePage-B78I974q.css.gz","2026-01-27 오후 2:57:51"
"dist\assets\HomePage-DWj4fyEZ.js","2026-01-27 오후 2:57:51"
"dist\assets\HomePage-DWj4fyEZ.js.br","2026-01-27 오후 2:57:51"
"dist\assets\HomePage-DWj4fyEZ.js.gz","2026-01-27 오후 2:57:51"
"dist\assets\HomePage-DWj4fyEZ.js.map","2026-01-27 오후 2:57:51"
"dist\assets\index-BD29Bxv8.css","2026-01-27 오후 2:57:51"
"dist\assets\index-BD29Bxv8.css.br","2026-01-27 오후 2:57:51"
"dist\assets\index-BD29Bxv8.css.gz","2026-01-27 오후 2:57:51"
"dist\assets\index-BoDP2VMW.js","2026-01-27 오후 2:57:51"
"dist\assets\index-BoDP2VMW.js.br","2026-01-27 오후 2:57:51"
"dist\assets\index-BoDP2VMW.js.gz","2026-01-27 오후 2:57:51"
"dist\assets\index-BoDP2VMW.js.map","2026-01-27 오후 2:57:51"
"dist\assets\index-CrlKdRUj.js","2026-01-27 오후 2:57:51"
"dist\assets\index-CrlKdRUj.js.br","2026-01-27 오후 2:57:51"
"dist\assets\index-CrlKdRUj.js.gz","2026-01-27 오후 2:57:51"
"dist\assets\index-CrlKdRUj.js.map","2026-01-27 오후 2:57:51"
"dist\assets\InventoryPage-CylavyXU.js","2026-01-27 오후 2:57:51"
"dist\assets\InventoryPage-CylavyXU.js.br","2026-01-27 오후 2:57:51"
"dist\assets\InventoryPage-CylavyXU.js.gz","2026-01-27 오후 2:57:51"
"dist\assets\InventoryPage-CylavyXU.js.map","2026-01-27 오후 2:57:51"
"dist\assets\LevelTowerPage-Bs1aI541.js","2026-01-27 오후 2:57:51"
"dist\assets\LevelTowerPage-Bs1aI541.js.br","2026-01-27 오후 2:57:51"
"dist\assets\LevelTowerPage-Bs1aI541.js.gz","2026-01-27 오후 2:57:51"
"dist\assets\LevelTowerPage-Bs1aI541.js.map","2026-01-27 오후 2:57:51"
"dist\assets\LotteryPage-BXD5TXC_.css","2026-01-27 오후 2:57:51"
"dist\assets\LotteryPage-BXD5TXC_.css.br","2026-01-27 오후 2:57:51"
"dist\assets\LotteryPage-BXD5TXC_.css.gz","2026-01-27 오후 2:57:51"
"dist\assets\LotteryPage-BYMty7x4.js","2026-01-27 오후 2:57:51"
"dist\assets\LotteryPage-BYMty7x4.js.br","2026-01-27 오후 2:57:51"
"dist\assets\LotteryPage-BYMty7x4.js.gz","2026-01-27 오후 2:57:51"
"dist\assets\LotteryPage-BYMty7x4.js.map","2026-01-27 오후 2:57:51"
"dist\assets\MissionsPage-CT43g44l.css","2026-01-27 오후 2:57:51"
"dist\assets\MissionsPage-CT43g44l.css.br","2026-01-27 오후 2:57:51"
"dist\assets\MissionsPage-CT43g44l.css.gz","2026-01-27 오후 2:57:51"
"dist\assets\MissionsPage-j6susIe9.js","2026-01-27 오후 2:57:51"
"dist\assets\MissionsPage-j6susIe9.js.br","2026-01-27 오후 2:57:51"
"dist\assets\MissionsPage-j6susIe9.js.gz","2026-01-27 오후 2:57:51"
"dist\assets\MissionsPage-j6susIe9.js.map","2026-01-27 오후 2:57:51"
"dist\assets\puzzle-DoGFE9Kb.js","2026-01-27 오후 2:57:51"
"dist\assets\puzzle-DoGFE9Kb.js.br","2026-01-27 오후 2:57:51"
"dist\assets\puzzle-DoGFE9Kb.js.gz","2026-01-27 오후 2:57:51"
"dist\assets\puzzle-DoGFE9Kb.js.map","2026-01-27 오후 2:57:51"
"dist\assets\RoulettePage-C2_ZxW7O.css","2026-01-27 오후 2:57:51"
"dist\assets\RoulettePage-C2_ZxW7O.css.br","2026-01-27 오후 2:57:51"
"dist\assets\RoulettePage-C2_ZxW7O.css.gz","2026-01-27 오후 2:57:51"
"dist\assets\RoulettePage-_Pg5LlrU.js","2026-01-27 오후 2:57:51"
"dist\assets\RoulettePage-_Pg5LlrU.js.br","2026-01-27 오후 2:57:51"
"dist\assets\RoulettePage-_Pg5LlrU.js.gz","2026-01-27 오후 2:57:51"
"dist\assets\RoulettePage-_Pg5LlrU.js.map","2026-01-27 오후 2:57:51"
"dist\assets\shopping-bag-BHQN182b.js","2026-01-27 오후 2:57:51"
"dist\assets\shopping-bag-BHQN182b.js.br","2026-01-27 오후 2:57:51"
"dist\assets\shopping-bag-BHQN182b.js.gz","2026-01-27 오후 2:57:51"
"dist\assets\shopping-bag-BHQN182b.js.map","2026-01-27 오후 2:57:51"
"dist\assets\TeamBattlePage-ghTgu2_V.css","2026-01-27 오후 2:57:51"
"dist\assets\TeamBattlePage-ghTgu2_V.css.br","2026-01-27 오후 2:57:51"
"dist\assets\TeamBattlePage-ghTgu2_V.css.gz","2026-01-27 오후 2:57:51"
"dist\assets\TeamBattlePage-LqpDjNQS.js","2026-01-27 오후 2:57:51"
"dist\assets\TeamBattlePage-LqpDjNQS.js.br","2026-01-27 오후 2:57:51"
"dist\assets\TeamBattlePage-LqpDjNQS.js.gz","2026-01-27 오후 2:57:51"
"dist\assets\TeamBattlePage-LqpDjNQS.js.map","2026-01-27 오후 2:57:51"
"dist\assets\V2UserLoginPage-_KwdkeHe.js","2026-01-27 오후 2:57:51"
"dist\assets\V2UserLoginPage-_KwdkeHe.js.br","2026-01-27 오후 2:57:51"
"dist\assets\V2UserLoginPage-_KwdkeHe.js.gz","2026-01-27 오후 2:57:51"
"dist\assets\V2UserLoginPage-_KwdkeHe.js.map","2026-01-27 오후 2:57:51"
"dist\assets\VaultPage-D34pdr7S.js","2026-01-27 오후 2:57:51"
"dist\assets\VaultPage-D34pdr7S.js.br","2026-01-27 오후 2:57:51"
"dist\assets\VaultPage-D34pdr7S.js.gz","2026-01-27 오후 2:57:51"
"dist\assets\VaultPage-D34pdr7S.js.map","2026-01-27 오후 2:57:51"
"dist\assets\VaultPage-DsAJ6jzo.css","2026-01-27 오후 2:57:51"
"dist\assets\VaultPage-DsAJ6jzo.css.br","2026-01-27 오후 2:57:51"
"dist\assets\VaultPage-DsAJ6jzo.css.gz","2026-01-27 오후 2:57:51"
"dist\assets\icons\icon_cart.svg.br","2026-01-27 오후 2:57:52"
"dist\assets\icons\icon_cart.svg.gz","2026-01-27 오후 2:57:52"
"dist\assets\icons\icon_clock.svg.br","2026-01-27 오후 2:57:52"
"dist\assets\icons\icon_clock.svg.gz","2026-01-27 오후 2:57:52"
"dist\assets\icons\icon_compose.svg.br","2026-01-27 오후 2:57:52"
"dist\assets\icons\icon_compose.svg.gz","2026-01-27 오후 2:57:52"
"dist\assets\icons\icon_fire.svg.br","2026-01-27 오후 2:57:52"
"dist\assets\icons\icon_fire.svg.gz","2026-01-27 오후 2:57:52"
"dist\assets\modals\welcome_claim_success.json.br","2026-01-27 오후 2:57:57"
"dist\assets\modals\welcome_claim_success.json.gz","2026-01-27 오후 2:57:54"
"dist\assets\roulette\12.svg.br","2026-01-27 오후 2:57:52"
"dist\assets\roulette\12.svg.gz","2026-01-27 오후 2:57:52"
"dist\assets\roulette\13.svg.br","2026-01-27 오후 2:57:52"
"dist\assets\roulette\13.svg.gz","2026-01-27 오후 2:57:52"
"dist\assets\roulette\14.svg.br","2026-01-27 오후 2:57:52"
"dist\assets\roulette\14.svg.gz","2026-01-27 오후 2:57:52"
"dist\assets\roulette\15.svg.br","2026-01-27 오후 2:57:52"
"dist\assets\roulette\15.svg.gz","2026-01-27 오후 2:57:52"
"dist\assets\roulette\16.svg.br","2026-01-27 오후 2:57:52"
"dist\assets\roulette\16.svg.gz","2026-01-27 오후 2:57:52"
"dist\assets\roulette\Vector.svg.br","2026-01-27 오후 2:57:52"
"dist\assets\roulette\Vector.svg.gz","2026-01-27 오후 2:57:52"
"dist\assets\roulette\Vector10.svg.br","2026-01-27 오후 2:57:52"
"dist\assets\roulette\Vector10.svg.gz","2026-01-27 오후 2:57:52"
"dist\assets\roulette\Vector11.svg.br","2026-01-27 오후 2:57:52"
"dist\assets\roulette\Vector11.svg.gz","2026-01-27 오후 2:57:52"
"dist\assets\roulette\Vector2.svg.br","2026-01-27 오후 2:57:52"
"dist\assets\roulette\Vector2.svg.gz","2026-01-27 오후 2:57:52"
"dist\assets\roulette\Vector3.svg.br","2026-01-27 오후 2:57:52"
"dist\assets\roulette\Vector3.svg.gz","2026-01-27 오후 2:57:52"
"dist\assets\roulette\Vector4.svg.br","2026-01-27 오후 2:57:52"
"dist\assets\roulette\Vector4.svg.gz","2026-01-27 오후 2:57:52"
"dist\assets\roulette\Vector5.svg.br","2026-01-27 오후 2:57:52"
"dist\assets\roulette\Vector5.svg.gz","2026-01-27 오후 2:57:52"
"dist\assets\roulette\Vector6.svg.br","2026-01-27 오후 2:57:52"
"dist\assets\roulette\Vector6.svg.gz","2026-01-27 오후 2:57:52"
"dist\assets\roulette\Vector7.svg.br","2026-01-27 오후 2:57:52"
"dist\assets\roulette\Vector7.svg.gz","2026-01-27 오후 2:57:52"
"dist\assets\roulette\Vector8.svg.br","2026-01-27 오후 2:57:52"
"dist\assets\roulette\Vector8.svg.gz","2026-01-27 오후 2:57:52"
"dist\assets\roulette\Vector9.svg.br","2026-01-27 오후 2:57:52"
"dist\assets\roulette\Vector9.svg.gz","2026-01-27 오후 2:57:52"
"dist\assets\roulette\Pokemon Gaming iOS Mobile App (Community)_icon\Group-1.svg.br","2026-01-27 오후 2:57:52"
"dist\assets\roulette\Pokemon Gaming iOS Mobile App (Community)_icon\Group-1.svg.gz","2026-01-27 오후 2:57:52"
"dist\assets\roulette\Pokemon Gaming iOS Mobile App (Community)_icon\Group-2.svg.br","2026-01-27 오후 2:57:52"
"dist\assets\roulette\Pokemon Gaming iOS Mobile App (Community)_icon\Group-2.svg.gz","2026-01-27 오후 2:57:52"
"dist\assets\roulette\Pokemon Gaming iOS Mobile App (Community)_icon\Group.svg.br","2026-01-27 오후 2:57:52"
"dist\assets\roulette\Pokemon Gaming iOS Mobile App (Community)_icon\Group.svg.gz","2026-01-27 오후 2:57:52"
"dist\assets\roulette\Pokemon Gaming iOS Mobile App (Community)_icon\Vector-1.svg.br","2026-01-27 오후 2:57:52"
"dist\assets\roulette\Pokemon Gaming iOS Mobile App (Community)_icon\Vector-1.svg.gz","2026-01-27 오후 2:57:52"
"dist\assets\roulette\Pokemon Gaming iOS Mobile App (Community)_icon\Vector-10.svg.br","2026-01-27 오후 2:57:52"
"dist\assets\roulette\Pokemon Gaming iOS Mobile App (Community)_icon\Vector-10.svg.gz","2026-01-27 오후 2:57:52"
"dist\assets\roulette\Pokemon Gaming iOS Mobile App (Community)_icon\Vector-11.svg.br","2026-01-27 오후 2:57:52"
"dist\assets\roulette\Pokemon Gaming iOS Mobile App (Community)_icon\Vector-11.svg.gz","2026-01-27 오후 2:57:52"
"dist\assets\roulette\Pokemon Gaming iOS Mobile App (Community)_icon\Vector-12.svg.br","2026-01-27 오후 2:57:52"
"dist\assets\roulette\Pokemon Gaming iOS Mobile App (Community)_icon\Vector-12.svg.gz","2026-01-27 오후 2:57:52"
"dist\assets\roulette\Pokemon Gaming iOS Mobile App (Community)_icon\Vector-2.svg.br","2026-01-27 오후 2:57:52"
"dist\assets\roulette\Pokemon Gaming iOS Mobile App (Community)_icon\Vector-2.svg.gz","2026-01-27 오후 2:57:52"
"dist\assets\roulette\Pokemon Gaming iOS Mobile App (Community)_icon\Vector-3.svg.br","2026-01-27 오후 2:57:52"
"dist\assets\roulette\Pokemon Gaming iOS Mobile App (Community)_icon\Vector-3.svg.gz","2026-01-27 오후 2:57:52"
"dist\assets\roulette\Pokemon Gaming iOS Mobile App (Community)_icon\Vector-4.svg.br","2026-01-27 오후 2:57:52"
"dist\assets\roulette\Pokemon Gaming iOS Mobile App (Community)_icon\Vector-4.svg.gz","2026-01-27 오후 2:57:52"
"dist\assets\roulette\Pokemon Gaming iOS Mobile App (Community)_icon\Vector-5.svg.br","2026-01-27 오후 2:57:52"
"dist\assets\roulette\Pokemon Gaming iOS Mobile App (Community)_icon\Vector-5.svg.gz","2026-01-27 오후 2:57:52"
"dist\assets\roulette\Pokemon Gaming iOS Mobile App (Community)_icon\Vector-6.svg.br","2026-01-27 오후 2:57:52"
"dist\assets\roulette\Pokemon Gaming iOS Mobile App (Community)_icon\Vector-6.svg.gz","2026-01-27 오후 2:57:52"
"dist\assets\roulette\Pokemon Gaming iOS Mobile App (Community)_icon\Vector-7.svg.br","2026-01-27 오후 2:57:52"
"dist\assets\roulette\Pokemon Gaming iOS Mobile App (Community)_icon\Vector-7.svg.gz","2026-01-27 오후 2:57:52"
"dist\assets\roulette\Pokemon Gaming iOS Mobile App (Community)_icon\Vector-8.svg.br","2026-01-27 오후 2:57:52"
"dist\assets\roulette\Pokemon Gaming iOS Mobile App (Community)_icon\Vector-8.svg.gz","2026-01-27 오후 2:57:52"
"dist\assets\roulette\Pokemon Gaming iOS Mobile App (Community)_icon\Vector-9.svg.br","2026-01-27 오후 2:57:52"
"dist\assets\roulette\Pokemon Gaming iOS Mobile App (Community)_icon\Vector-9.svg.gz","2026-01-27 오후 2:57:52"
"dist\assets\roulette\Pokemon Gaming iOS Mobile App (Community)_icon\Vector.svg.br","2026-01-27 오후 2:57:52"
"dist\assets\roulette\Pokemon Gaming iOS Mobile App (Community)_icon\Vector.svg.gz","2026-01-27 오후 2:57:52"
"dist\images\cherry.svg.br","2026-01-27 오후 2:57:52"
"dist\images\cherry.svg.gz","2026-01-27 오후 2:57:52"
"dist\images\clip-path-group.svg.br","2026-01-27 오후 2:57:52"
"dist\images\clip-path-group.svg.gz","2026-01-27 오후 2:57:52"
"dist\images\clip-path-group01.svg.br","2026-01-27 오후 2:57:52"
"dist\images\clip-path-group01.svg.gz","2026-01-27 오후 2:57:52"
"dist\images\coin.svg.br","2026-01-27 오후 2:57:52"
"dist\images\coin.svg.gz","2026-01-27 오후 2:57:52"
"dist\images\dia.svg.br","2026-01-27 오후 2:57:52"
"dist\images\dia.svg.gz","2026-01-27 오후 2:57:52"
"dist\images\direction.svg.br","2026-01-27 오후 2:57:52"
"dist\images\direction.svg.gz","2026-01-27 오후 2:57:52"
"dist\images\Ellipse 771.svg.br","2026-01-27 오후 2:57:52"
"dist\images\Ellipse 771.svg.gz","2026-01-27 오후 2:57:52"
"dist\images\flag.svg.br","2026-01-27 오후 2:57:52"
"dist\images\flag.svg.gz","2026-01-27 오후 2:57:52"
"dist\images\layer-1.svg.br","2026-01-27 오후 2:57:52"
"dist\images\layer-1.svg.gz","2026-01-27 오후 2:57:52"
"dist\images\layer-2.svg.br","2026-01-27 오후 2:57:52"
"dist\images\layer-2.svg.gz","2026-01-27 오후 2:57:52"
"dist\images\layer-3.svg.br","2026-01-27 오후 2:57:52"
"dist\images\layer-3.svg.gz","2026-01-27 오후 2:57:52"
"dist\images\money.svg.br","2026-01-27 오후 2:57:52"
"dist\images\money.svg.gz","2026-01-27 오후 2:57:52"
"dist\images\moon.svg.br","2026-01-27 오후 2:57:52"
"dist\images\moon.svg.gz","2026-01-27 오후 2:57:52"
"dist\images\pattern-grid.svg.br","2026-01-27 오후 2:57:52"
"dist\images\pattern-grid.svg.gz","2026-01-27 오후 2:57:52"
"dist\images\pattern-vip.svg.br","2026-01-27 오후 2:57:52"
"dist\images\pattern-vip.svg.gz","2026-01-27 오후 2:57:52"
"dist\images\phone.svg.br","2026-01-27 오후 2:57:52"
"dist\images\phone.svg.gz","2026-01-27 오후 2:57:52"
"dist\images\stop.svg.br","2026-01-27 오후 2:57:52"
"dist\images\stop.svg.gz","2026-01-27 오후 2:57:52"
"dist\images\tele.svg.br","2026-01-27 오후 2:57:52"
"dist\images\tele.svg.gz","2026-01-27 오후 2:57:52"
"dist\images\unnamed.svg.br","2026-01-27 오후 2:57:52"
"dist\images\unnamed.svg.gz","2026-01-27 오후 2:57:52"
"dist\images\unnamed113.svg.br","2026-01-27 오후 2:57:52"
"dist\images\unnamed113.svg.gz","2026-01-27 오후 2:57:52"
"dist\images\upload.svg.br","2026-01-27 오후 2:57:52"
"dist\images\upload.svg.gz","2026-01-27 오후 2:57:52"
"dist\images\vector.svg.br","2026-01-27 오후 2:57:52"
"dist\images\vector.svg.gz","2026-01-27 오후 2:57:52"
"dist\images\vector111.svg.br","2026-01-27 오후 2:57:52"
"dist\images\vector111.svg.gz","2026-01-27 오후 2:57:52"
"dist\images\vector112.svg.br","2026-01-27 오후 2:57:52"
"dist\images\vector112.svg.gz","2026-01-27 오후 2:57:52"
"dist\images\vector2.svg.br","2026-01-27 오후 2:57:52"
"dist\images\vector2.svg.gz","2026-01-27 오후 2:57:52"
"dist\images\wallet.svg.br","2026-01-27 오후 2:57:52"
"dist\images\wallet.svg.gz","2026-01-27 오후 2:57:52"
"dist\images\wife.svg.br","2026-01-27 오후 2:57:52"
"dist\images\wife.svg.gz","2026-01-27 오후 2:57:52"
"dist\v2\assets\01home\home.svg.br","2026-01-27 오후 2:57:52"
"dist\v2\assets\01home\home.svg.gz","2026-01-27 오후 2:57:52"
"dist\v2\assets\01home\icon.svg.br","2026-01-27 오후 2:57:52"
"dist\v2\assets\01home\icon.svg.gz","2026-01-27 오후 2:57:52"
"dist\v2\assets\01home\Vector-1.svg.br","2026-01-27 오후 2:57:52"
"dist\v2\assets\01home\Vector-1.svg.gz","2026-01-27 오후 2:57:52"
"dist\v2\assets\01home\Vector-10.svg.br","2026-01-27 오후 2:57:52"
"dist\v2\assets\01home\Vector-10.svg.gz","2026-01-27 오후 2:57:52"
"dist\v2\assets\01home\Vector-2.svg.br","2026-01-27 오후 2:57:52"
"dist\v2\assets\01home\Vector-2.svg.gz","2026-01-27 오후 2:57:52"
"dist\v2\assets\01home\Vector-3.svg.br","2026-01-27 오후 2:57:52"
"dist\v2\assets\01home\Vector-3.svg.gz","2026-01-27 오후 2:57:52"
"dist\v2\assets\01home\Vector-4.svg.br","2026-01-27 오후 2:57:52"
"dist\v2\assets\01home\Vector-4.svg.gz","2026-01-27 오후 2:57:52"
"dist\v2\assets\01home\Vector-5.svg.br","2026-01-27 오후 2:57:52"
"dist\v2\assets\01home\Vector-5.svg.gz","2026-01-27 오후 2:57:52"
"dist\v2\assets\01home\Vector-6.svg.br","2026-01-27 오후 2:57:52"
"dist\v2\assets\01home\Vector-6.svg.gz","2026-01-27 오후 2:57:52"
"dist\v2\assets\01home\Vector-7.svg.br","2026-01-27 오후 2:57:52"
"dist\v2\assets\01home\Vector-7.svg.gz","2026-01-27 오후 2:57:52"
"dist\v2\assets\01home\Vector-8.svg.br","2026-01-27 오후 2:57:52"
"dist\v2\assets\01home\Vector-8.svg.gz","2026-01-27 오후 2:57:52"
"dist\v2\assets\01home\Vector-9.svg.br","2026-01-27 오후 2:57:52"
"dist\v2\assets\01home\Vector-9.svg.gz","2026-01-27 오후 2:57:52"
"dist\v2\assets\01home\Vector.svg.br","2026-01-27 오후 2:57:52"
"dist\v2\assets\01home\Vector.svg.gz","2026-01-27 오후 2:57:52"
"dist\v2\assets\02gamedash\Ellipse 374.svg.br","2026-01-27 오후 2:57:54"
"dist\v2\assets\02gamedash\Ellipse 374.svg.gz","2026-01-27 오후 2:57:54"
"dist\v2\assets\02gamedash\gamedash.svg.br","2026-01-27 오후 2:57:59"
"dist\v2\assets\02gamedash\gamedash.svg.gz","2026-01-27 오후 2:57:58"
"dist\v2\assets\02gamedash\icon.svg.br","2026-01-27 오후 2:57:52"
"dist\v2\assets\02gamedash\icon.svg.gz","2026-01-27 오후 2:57:52"
"dist\v2\assets\02gamedash\Vector-1.svg.br","2026-01-27 오후 2:57:52"
"dist\v2\assets\02gamedash\Vector-1.svg.gz","2026-01-27 오후 2:57:52"
"dist\v2\assets\02gamedash\Vector-2.svg.br","2026-01-27 오후 2:57:53"
"dist\v2\assets\02gamedash\Vector-2.svg.gz","2026-01-27 오후 2:57:52"
"dist\v2\assets\02gamedash\Vector-3.svg.br","2026-01-27 오후 2:57:53"
"dist\v2\assets\02gamedash\Vector-3.svg.gz","2026-01-27 오후 2:57:52"
"dist\v2\assets\02gamedash\Vector-4.svg.br","2026-01-27 오후 2:57:53"
"dist\v2\assets\02gamedash\Vector-4.svg.gz","2026-01-27 오후 2:57:52"
"dist\v2\assets\02gamedash\Vector-5.svg.br","2026-01-27 오후 2:57:53"
"dist\v2\assets\02gamedash\Vector-5.svg.gz","2026-01-27 오후 2:57:53"
"dist\v2\assets\02gamedash\Vector-6.svg.br","2026-01-27 오후 2:57:53"
"dist\v2\assets\02gamedash\Vector-6.svg.gz","2026-01-27 오후 2:57:53"
"dist\v2\assets\02gamedash\Vector-7.svg.br","2026-01-27 오후 2:57:53"
"dist\v2\assets\02gamedash\Vector-7.svg.gz","2026-01-27 오후 2:57:53"
"dist\v2\assets\02gamedash\Vector-8.svg.br","2026-01-27 오후 2:57:53"
"dist\v2\assets\02gamedash\Vector-8.svg.gz","2026-01-27 오후 2:57:53"
"dist\v2\assets\02gamedash\Vector.svg.br","2026-01-27 오후 2:57:53"
"dist\v2\assets\02gamedash\Vector.svg.gz","2026-01-27 오후 2:57:53"
"dist\v2\assets\03dice\icon.svg.br","2026-01-27 오후 2:57:53"
"dist\v2\assets\03dice\icon.svg.gz","2026-01-27 오후 2:57:53"
"dist\v2\assets\03dice\Vector-1.svg.br","2026-01-27 오후 2:57:53"
"dist\v2\assets\03dice\Vector-1.svg.gz","2026-01-27 오후 2:57:53"
"dist\v2\assets\03dice\Vector-2.svg.br","2026-01-27 오후 2:57:53"
"dist\v2\assets\03dice\Vector-2.svg.gz","2026-01-27 오후 2:57:53"
"dist\v2\assets\03dice\Vector-3.svg.br","2026-01-27 오후 2:57:53"
"dist\v2\assets\03dice\Vector-3.svg.gz","2026-01-27 오후 2:57:53"
"dist\v2\assets\03dice\Vector-4.svg.br","2026-01-27 오후 2:57:53"
"dist\v2\assets\03dice\Vector-4.svg.gz","2026-01-27 오후 2:57:53"
"dist\v2\assets\03dice\Vector.svg.br","2026-01-27 오후 2:57:53"
"dist\v2\assets\03dice\Vector.svg.gz","2026-01-27 오후 2:57:53"
"dist\v2\assets\04lotto\game-L.svg.br","2026-01-27 오후 2:57:54"
"dist\v2\assets\04lotto\game-L.svg.gz","2026-01-27 오후 2:57:53"
"dist\v2\assets\04lotto\icon.svg.br","2026-01-27 오후 2:57:53"
"dist\v2\assets\04lotto\icon.svg.gz","2026-01-27 오후 2:57:53"
"dist\v2\assets\04lotto\Vector-1.svg.br","2026-01-27 오후 2:57:53"
"dist\v2\assets\04lotto\Vector-1.svg.gz","2026-01-27 오후 2:57:53"
"dist\v2\assets\04lotto\Vector-2.svg.br","2026-01-27 오후 2:57:53"
"dist\v2\assets\04lotto\Vector-2.svg.gz","2026-01-27 오후 2:57:53"
"dist\v2\assets\04lotto\Vector-3.svg.br","2026-01-27 오후 2:57:53"
"dist\v2\assets\04lotto\Vector-3.svg.gz","2026-01-27 오후 2:57:53"
"dist\v2\assets\04lotto\Vector-4.svg.br","2026-01-27 오후 2:57:53"
"dist\v2\assets\04lotto\Vector-4.svg.gz","2026-01-27 오후 2:57:53"
"dist\v2\assets\04lotto\Vector.svg.br","2026-01-27 오후 2:57:53"
"dist\v2\assets\04lotto\Vector.svg.gz","2026-01-27 오후 2:57:53"
"dist\v2\assets\05valut\Chevron Icon.svg.br","2026-01-27 오후 2:57:53"
"dist\v2\assets\05valut\Chevron Icon.svg.gz","2026-01-27 오후 2:57:53"
"dist\v2\assets\05valut\icon.svg.br","2026-01-27 오후 2:57:53"
"dist\v2\assets\05valut\icon.svg.gz","2026-01-27 오후 2:57:53"
"dist\v2\assets\05valut\Progress Bar.svg.br","2026-01-27 오후 2:57:53"
"dist\v2\assets\05valut\Progress Bar.svg.gz","2026-01-27 오후 2:57:53"
"dist\v2\assets\05valut\valut (1).svg.br","2026-01-27 오후 2:57:59"
"dist\v2\assets\05valut\valut (1).svg.gz","2026-01-27 오후 2:57:58"
"dist\v2\assets\05valut\Vector-1.svg.br","2026-01-27 오후 2:57:53"
"dist\v2\assets\05valut\Vector-1.svg.gz","2026-01-27 오후 2:57:53"
"dist\v2\assets\05valut\Vector-2.svg.br","2026-01-27 오후 2:57:53"
"dist\v2\assets\05valut\Vector-2.svg.gz","2026-01-27 오후 2:57:53"
"dist\v2\assets\05valut\Vector-3.svg.br","2026-01-27 오후 2:57:54"
"dist\v2\assets\05valut\Vector-3.svg.gz","2026-01-27 오후 2:57:53"
"dist\v2\assets\05valut\Vector-4.svg.br","2026-01-27 오후 2:57:54"
"dist\v2\assets\05valut\Vector-4.svg.gz","2026-01-27 오후 2:57:53"
"dist\v2\assets\05valut\Vector.svg.br","2026-01-27 오후 2:57:54"
"dist\v2\assets\05valut\Vector.svg.gz","2026-01-27 오후 2:57:53"
"dist\v2\assets\06shop\Element-1.svg.br","2026-01-27 오후 2:57:54"
"dist\v2\assets\06shop\Element-1.svg.gz","2026-01-27 오후 2:57:53"
"dist\v2\assets\06shop\Element.svg.br","2026-01-27 오후 2:57:54"
"dist\v2\assets\06shop\Element.svg.gz","2026-01-27 오후 2:57:53"
"dist\v2\assets\06shop\icon.svg.br","2026-01-27 오후 2:57:54"
"dist\v2\assets\06shop\icon.svg.gz","2026-01-27 오후 2:57:53"
"dist\v2\assets\06shop\Vector-1.svg.br","2026-01-27 오후 2:57:54"
"dist\v2\assets\06shop\Vector-1.svg.gz","2026-01-27 오후 2:57:53"
"dist\v2\assets\06shop\Vector-10.svg.br","2026-01-27 오후 2:57:54"
"dist\v2\assets\06shop\Vector-10.svg.gz","2026-01-27 오후 2:57:54"
"dist\v2\assets\06shop\Vector-2.svg.br","2026-01-27 오후 2:57:54"
"dist\v2\assets\06shop\Vector-2.svg.gz","2026-01-27 오후 2:57:54"
"dist\v2\assets\06shop\Vector-3.svg.br","2026-01-27 오후 2:57:54"
"dist\v2\assets\06shop\Vector-3.svg.gz","2026-01-27 오후 2:57:54"
"dist\v2\assets\06shop\Vector-4.svg.br","2026-01-27 오후 2:57:54"
"dist\v2\assets\06shop\Vector-4.svg.gz","2026-01-27 오후 2:57:54"
"dist\v2\assets\06shop\Vector-5.svg.br","2026-01-27 오후 2:57:54"
"dist\v2\assets\06shop\Vector-5.svg.gz","2026-01-27 오후 2:57:54"
"dist\v2\assets\06shop\Vector-6.svg.br","2026-01-27 오후 2:57:54"
"dist\v2\assets\06shop\Vector-6.svg.gz","2026-01-27 오후 2:57:54"
"dist\v2\assets\06shop\Vector-7.svg.br","2026-01-27 오후 2:57:54"
"dist\v2\assets\06shop\Vector-7.svg.gz","2026-01-27 오후 2:57:54"
"dist\v2\assets\06shop\Vector-8.svg.br","2026-01-27 오후 2:57:58"
"dist\v2\assets\06shop\Vector-8.svg.gz","2026-01-27 오후 2:57:54"
"dist\v2\assets\06shop\Vector-9.svg.br","2026-01-27 오후 2:57:54"
"dist\v2\assets\06shop\Vector-9.svg.gz","2026-01-27 오후 2:57:54"
"dist\v2\assets\06shop\Vector.svg.br","2026-01-27 오후 2:57:54"
"dist\v2\assets\06shop\Vector.svg.gz","2026-01-27 오후 2:57:54"
"dist\v2\assets\06shop\VectorMAIN.svg.br","2026-01-27 오후 2:57:54"
"dist\v2\assets\06shop\VectorMAIN.svg.gz","2026-01-27 오후 2:57:54"
"dist\v2\assets\07mission\button.svg.br","2026-01-27 오후 2:57:54"
"dist\v2\assets\07mission\button.svg.gz","2026-01-27 오후 2:57:54"
"dist\v2\assets\07mission\Ellipse 1.svg.br","2026-01-27 오후 2:57:54"
"dist\v2\assets\07mission\Ellipse 1.svg.gz","2026-01-27 오후 2:57:54"
"dist\v2\assets\07mission\Ellipse 372.svg.br","2026-01-27 오후 2:57:54"
"dist\v2\assets\07mission\Ellipse 372.svg.gz","2026-01-27 오후 2:57:54"
"dist\v2\assets\07mission\Ellipse 373.svg.br","2026-01-27 오후 2:57:54"
"dist\v2\assets\07mission\Ellipse 373.svg.gz","2026-01-27 오후 2:57:54"
"dist\v2\assets\07mission\icon.svg.br","2026-01-27 오후 2:57:54"
"dist\v2\assets\07mission\icon.svg.gz","2026-01-27 오후 2:57:54"
"dist\v2\assets\07mission\mission (1).svg.br","2026-01-27 오후 2:57:58"
"dist\v2\assets\07mission\mission (1).svg.gz","2026-01-27 오후 2:57:57"
"dist\v2\assets\07mission\Vector-1.svg.br","2026-01-27 오후 2:57:54"
"dist\v2\assets\07mission\Vector-1.svg.gz","2026-01-27 오후 2:57:54"
"dist\v2\assets\07mission\Vector-2.svg.br","2026-01-27 오후 2:57:54"
"dist\v2\assets\07mission\Vector-2.svg.gz","2026-01-27 오후 2:57:54"
"dist\v2\assets\07mission\Vector-3.svg.br","2026-01-27 오후 2:57:54"
"dist\v2\assets\07mission\Vector-3.svg.gz","2026-01-27 오후 2:57:54"
"dist\v2\assets\07mission\Vector-4.svg.br","2026-01-27 오후 2:57:54"
"dist\v2\assets\07mission\Vector-4.svg.gz","2026-01-27 오후 2:57:54"
"dist\v2\assets\07mission\Vector.svg.br","2026-01-27 오후 2:57:54"
"dist\v2\assets\07mission\Vector.svg.gz","2026-01-27 오후 2:57:54"
"dist\v2\assets\08inventory\icon.svg.br","2026-01-27 오후 2:57:54"
"dist\v2\assets\08inventory\icon.svg.gz","2026-01-27 오후 2:57:54"
"dist\v2\assets\08inventory\Vector-1.svg.br","2026-01-27 오후 2:57:54"
"dist\v2\assets\08inventory\Vector-1.svg.gz","2026-01-27 오후 2:57:54"
"dist\v2\assets\08inventory\Vector-2.svg.br","2026-01-27 오후 2:57:54"
"dist\v2\assets\08inventory\Vector-2.svg.gz","2026-01-27 오후 2:57:54"
"dist\v2\assets\08inventory\Vector-3.svg.br","2026-01-27 오후 2:57:54"
"dist\v2\assets\08inventory\Vector-3.svg.gz","2026-01-27 오후 2:57:54"
"dist\v2\assets\08inventory\Vector-4.svg.br","2026-01-27 오후 2:57:54"
"dist\v2\assets\08inventory\Vector-4.svg.gz","2026-01-27 오후 2:57:54"
"dist\v2\assets\08inventory\Vector-5.svg.br","2026-01-27 오후 2:57:54"
"dist\v2\assets\08inventory\Vector-5.svg.gz","2026-01-27 오후 2:57:54"
"dist\v2\assets\08inventory\Vector-6.svg.br","2026-01-27 오후 2:57:54"
"dist\v2\assets\08inventory\Vector-6.svg.gz","2026-01-27 오후 2:57:54"
"dist\v2\assets\08inventory\Vector-7.svg.br","2026-01-27 오후 2:57:54"
"dist\v2\assets\08inventory\Vector-7.svg.gz","2026-01-27 오후 2:57:54"
"dist\v2\assets\08inventory\Vector.svg.br","2026-01-27 오후 2:57:54"
"dist\v2\assets\08inventory\Vector.svg.gz","2026-01-27 오후 2:57:54"
"dist\v2\assets\arch\arrow_back_ios_black_24dp (1) 1.svg.br","2026-01-27 오후 2:57:54"
"dist\v2\assets\arch\arrow_back_ios_black_24dp (1) 1.svg.gz","2026-01-27 오후 2:57:54"
"dist\v2\assets\arch\Ellipse 1.svg.br","2026-01-27 오후 2:57:54"
"dist\v2\assets\arch\Ellipse 1.svg.gz","2026-01-27 오후 2:57:54"
"dist\v2\assets\arch\Ellipse 2.svg.br","2026-01-27 오후 2:57:54"
"dist\v2\assets\arch\Ellipse 2.svg.gz","2026-01-27 오후 2:57:54"
"dist\v2\assets\arch\Ellipse 3.svg.br","2026-01-27 오후 2:57:54"
"dist\v2\assets\arch\Ellipse 3.svg.gz","2026-01-27 오후 2:57:54"
"dist\v2\assets\arch\Ellipse 4.svg.br","2026-01-27 오후 2:57:54"
"dist\v2\assets\arch\Ellipse 4.svg.gz","2026-01-27 오후 2:57:54"
"dist\v2\assets\arch\Ellipse 5.svg.br","2026-01-27 오후 2:57:54"
"dist\v2\assets\arch\Ellipse 5.svg.gz","2026-01-27 오후 2:57:54"
"dist\v2\assets\arch\dashboard\#2 dashboard_icon\arrow_back_ios_black_24dp (1) 1.svg.br","2026-01-27 오후 2:57:57"
"dist\v2\assets\arch\dashboard\#2 dashboard_icon\arrow_back_ios_black_24dp (1) 1.svg.gz","2026-01-27 오후 2:57:54"
"dist\v2\assets\arch\dashboard\#2 dashboard_icon\dashboard.svg.br","2026-01-27 오후 2:57:57"
"dist\v2\assets\arch\dashboard\#2 dashboard_icon\dashboard.svg.gz","2026-01-27 오후 2:57:54"
"dist\v2\assets\arch\dashboard\#2 dashboard_icon\Group-1.svg.br","2026-01-27 오후 2:57:57"
"dist\v2\assets\arch\dashboard\#2 dashboard_icon\Group-1.svg.gz","2026-01-27 오후 2:57:54"
"dist\v2\assets\arch\dashboard\#2 dashboard_icon\Group-2.svg.br","2026-01-27 오후 2:57:57"
"dist\v2\assets\arch\dashboard\#2 dashboard_icon\Group-2.svg.gz","2026-01-27 오후 2:57:54"
"dist\v2\assets\arch\dashboard\#2 dashboard_icon\Group.svg.br","2026-01-27 오후 2:57:58"
"dist\v2\assets\arch\dashboard\#2 dashboard_icon\Group.svg.gz","2026-01-27 오후 2:57:56"
"dist\v2\assets\arch\dashboard\#2 dashboard_icon\Rectangle 30-1.svg.br","2026-01-27 오후 2:57:58"
"dist\v2\assets\arch\dashboard\#2 dashboard_icon\Rectangle 30-1.svg.gz","2026-01-27 오후 2:57:56"
"dist\v2\assets\arch\dashboard\#2 dashboard_icon\Rectangle 30-2.svg.br","2026-01-27 오후 2:57:58"
"dist\v2\assets\arch\dashboard\#2 dashboard_icon\Rectangle 30-2.svg.gz","2026-01-27 오후 2:57:57"
"dist\v2\assets\arch\dashboard\#2 dashboard_icon\Rectangle 30-3.svg.br","2026-01-27 오후 2:57:58"
"dist\v2\assets\arch\dashboard\#2 dashboard_icon\Rectangle 30-3.svg.gz","2026-01-27 오후 2:57:57"
"dist\v2\assets\arch\dashboard\#2 dashboard_icon\Rectangle 30-4.svg.br","2026-01-27 오후 2:57:58"
"dist\v2\assets\arch\dashboard\#2 dashboard_icon\Rectangle 30-4.svg.gz","2026-01-27 오후 2:57:57"
"dist\v2\assets\arch\dashboard\#2 dashboard_icon\Rectangle 30-5.svg.br","2026-01-27 오후 2:57:58"
"dist\v2\assets\arch\dashboard\#2 dashboard_icon\Rectangle 30-5.svg.gz","2026-01-27 오후 2:57:57"
"dist\v2\assets\arch\dashboard\#2 dashboard_icon\Rectangle 30.svg.br","2026-01-27 오후 2:57:58"
"dist\v2\assets\arch\dashboard\#2 dashboard_icon\Rectangle 30.svg.gz","2026-01-27 오후 2:57:57"
"dist\v2\assets\arch\dashboard\#2 dashboard_icon\Vector-1.svg.br","2026-01-27 오후 2:57:58"
"dist\v2\assets\arch\dashboard\#2 dashboard_icon\Vector-1.svg.gz","2026-01-27 오후 2:57:58"
"dist\v2\assets\arch\dashboard\#2 dashboard_icon\Vector-10.svg.br","2026-01-27 오후 2:57:58"
"dist\v2\assets\arch\dashboard\#2 dashboard_icon\Vector-10.svg.gz","2026-01-27 오후 2:57:58"
"dist\v2\assets\arch\dashboard\#2 dashboard_icon\Vector-11.svg.br","2026-01-27 오후 2:57:58"
"dist\v2\assets\arch\dashboard\#2 dashboard_icon\Vector-11.svg.gz","2026-01-27 오후 2:57:58"
"dist\v2\assets\arch\dashboard\#2 dashboard_icon\Vector-12.svg.br","2026-01-27 오후 2:57:58"
"dist\v2\assets\arch\dashboard\#2 dashboard_icon\Vector-12.svg.gz","2026-01-27 오후 2:57:58"
"dist\v2\assets\arch\dashboard\#2 dashboard_icon\Vector-13.svg.br","2026-01-27 오후 2:57:58"
"dist\v2\assets\arch\dashboard\#2 dashboard_icon\Vector-13.svg.gz","2026-01-27 오후 2:57:58"
"dist\v2\assets\arch\dashboard\#2 dashboard_icon\Vector-14.svg.br","2026-01-27 오후 2:57:58"
"dist\v2\assets\arch\dashboard\#2 dashboard_icon\Vector-14.svg.gz","2026-01-27 오후 2:57:58"
"dist\v2\assets\arch\dashboard\#2 dashboard_icon\Vector-2.svg.br","2026-01-27 오후 2:57:58"
"dist\v2\assets\arch\dashboard\#2 dashboard_icon\Vector-2.svg.gz","2026-01-27 오후 2:57:58"
"dist\v2\assets\arch\dashboard\#2 dashboard_icon\Vector-3.svg.br","2026-01-27 오후 2:57:58"
"dist\v2\assets\arch\dashboard\#2 dashboard_icon\Vector-3.svg.gz","2026-01-27 오후 2:57:58"
"dist\v2\assets\arch\dashboard\#2 dashboard_icon\Vector-4.svg.br","2026-01-27 오후 2:57:58"
"dist\v2\assets\arch\dashboard\#2 dashboard_icon\Vector-4.svg.gz","2026-01-27 오후 2:57:58"
"dist\v2\assets\arch\dashboard\#2 dashboard_icon\Vector-5.svg.br","2026-01-27 오후 2:57:58"
"dist\v2\assets\arch\dashboard\#2 dashboard_icon\Vector-5.svg.gz","2026-01-27 오후 2:57:58"
"dist\v2\assets\arch\dashboard\#2 dashboard_icon\Vector-6.svg.br","2026-01-27 오후 2:57:58"
"dist\v2\assets\arch\dashboard\#2 dashboard_icon\Vector-6.svg.gz","2026-01-27 오후 2:57:58"
"dist\v2\assets\arch\dashboard\#2 dashboard_icon\Vector-7.svg.br","2026-01-27 오후 2:57:58"
"dist\v2\assets\arch\dashboard\#2 dashboard_icon\Vector-7.svg.gz","2026-01-27 오후 2:57:58"
"dist\v2\assets\arch\dashboard\#2 dashboard_icon\Vector-8.svg.br","2026-01-27 오후 2:57:58"
"dist\v2\assets\arch\dashboard\#2 dashboard_icon\Vector-8.svg.gz","2026-01-27 오후 2:57:58"
"dist\v2\assets\arch\dashboard\#2 dashboard_icon\Vector-9.svg.br","2026-01-27 오후 2:57:58"
"dist\v2\assets\arch\dashboard\#2 dashboard_icon\Vector-9.svg.gz","2026-01-27 오후 2:57:58"
"dist\v2\assets\arch\dashboard\#2 dashboard_icon\Vector.svg.br","2026-01-27 오후 2:57:58"
"dist\v2\assets\arch\dashboard\#2 dashboard_icon\Vector.svg.gz","2026-01-27 오후 2:57:58"
"dist\v2\assets\svg\10.svg.br","2026-01-27 오후 2:57:54"
"dist\v2\assets\svg\10.svg.gz","2026-01-27 오후 2:57:54"
"dist\v2\assets\svg\12.svg.br","2026-01-27 오후 2:57:58"
"dist\v2\assets\svg\12.svg.gz","2026-01-27 오후 2:57:58"
"dist\v2\assets\svg\3.svg.br","2026-01-27 오후 2:57:55"
"dist\v2\assets\svg\3.svg.gz","2026-01-27 오후 2:57:54"
"dist\v2\assets\svg\4.svg.br","2026-01-27 오후 2:57:58"
"dist\v2\assets\svg\4.svg.gz","2026-01-27 오후 2:57:58"
"dist\v2\assets\svg\6.svg.br","2026-01-27 오후 2:57:55"
"dist\v2\assets\svg\6.svg.gz","2026-01-27 오후 2:57:54"
"dist\v2\assets\svg\7.svg.br","2026-01-27 오후 2:57:59"
"dist\v2\assets\svg\7.svg.gz","2026-01-27 오후 2:57:58"
"dist\v2\assets\svg\8.svg.br","2026-01-27 오후 2:58:04"
"dist\v2\assets\svg\8.svg.gz","2026-01-27 오후 2:57:59"
"dist\v2\assets\svg\hub2 (1).svg.br","2026-01-27 오후 2:57:59"
"dist\v2\assets\svg\hub2 (1).svg.gz","2026-01-27 오후 2:57:58"
"dist\v2\assets\svg\hub2 (2).svg.br","2026-01-27 오후 2:57:58"
"dist\v2\assets\svg\hub2 (2).svg.gz","2026-01-27 오후 2:57:58"
"dist\v2\assets\svg\hub2 (3).svg.br","2026-01-27 오후 2:57:58"
"dist\v2\assets\svg\hub2 (3).svg.gz","2026-01-27 오후 2:57:57"
"dist\v2\assets\svg\hub2 (4).svg.br","2026-01-27 오후 2:57:57"
"dist\v2\assets\svg\hub2 (4).svg.gz","2026-01-27 오후 2:57:57"
"docs\v2_specs\00_sot_meta\00_INDEX.md","2026-01-27 오후 4:41:01"
"docs\v2_specs\00_sot_meta\00_A_sot_code_ops_chk\learned_\game\20260127_dice_modal_vault_earn_display_fix.md","2026-01-27 오후 2:56:07"
"docs\v2_specs\00_sot_meta\00_A_sot_code_ops_chk\learned_\game\20260127_lottery_prize_partial_update_fix.md","2026-01-27 오전 11:26:27"
"docs\v2_specs\00_sot_meta\00_A_sot_code_ops_chk\learned_\game\20260205_lottery_ui_backend_tier_sync.md","2026-01-27 오후 4:43:13"
"docs\v2_specs\00_sot_meta\00_A_sot_code_ops_chk\learned_\level\07.level.md","2026-01-27 오후 4:20:42"
"docs\v2_specs\00_sot_meta\00_A_sot_code_ops_chk\learned_\mission\20260127_mission_admin_builder_rules_update.md","2026-01-27 오후 1:08:15"
"docs\v2_specs\00_sot_meta\00_A_sot_code_ops_chk\learned_\mission\20260127_mission_builder_auto_logickey_update.md","2026-01-27 오후 1:44:56"
"docs\v2_specs\00_sot_meta\00_A_sot_code_ops_chk\learned_\mission\20260127_mission_error_update.md","2026-01-27 오후 3:45:28"
"docs\v2_specs\00_sot_meta\00_A_sot_code_ops_chk\learned_\mission\20260127_mission_preset_expansion.md","2026-01-27 오후 2:08:55"
"docs\v2_specs\00_sot_meta\00_A_sot_code_ops_chk\learned_\shop\20260127_shop_cost_type_fix.md","2026-01-27 오후 12:21:59"
"docs\v2_specs\00_sot_meta\00_A_sot_code_ops_chk\learned_\teambattle\04.team_battle.md","2026-01-27 오전 9:54:04"
"docs\v2_specs\00_sot_meta\00_A_sot_code_ops_chk\learned_\teambattle\learned_context_summary_team_battle.md","2026-01-27 오전 9:54:04"
"docs\v2_specs\00_sot_meta\00_A_sot_code_ops_chk\learned_\user\02.user.md","2026-01-27 오후 4:45:09"
"docs\v2_specs\00_sot_meta\00_A_sot_code_ops_chk\learned_\user\20260126_user_delete_api_path_fix.md","2026-01-27 오후 4:48:35"
"docs\v2_specs\00_sot_meta\00_A_sot_code_ops_chk\learned_\user\20260127_admin_user_level_sync_fix.md","2026-01-27 오후 4:20:30"
"docs\v2_specs\00_sot_meta\00_A_sot_code_ops_chk\learned_\user\20260127_user_integrity_execution_plan.md","2026-01-27 오후 4:44:30"
"docs\v2_specs\00_sot_meta\00_A_sot_code_ops_chk\learned_\user\20260127_user_login_jit_sync_implementation.md","2026-01-27 오후 4:46:26"
"docs\v2_specs\00_sot_meta\00_A_sot_code_ops_chk\learned_\user\20260127_user_table_unification_plan.md","2026-01-27 오후 4:44:29"
"docs\v2_specs\00_sot_meta\00_A_sot_code_ops_chk\learned_\user\user_consistency_guide.md","2026-01-27 오후 4:45:55"
"docs\v2_specs\00_sot_meta\00_A_sot_code_ops_chk\learned_\vault\20260127_dice_vault_deduction_fix.md","2026-01-27 오전 11:48:33"
"docs\v2_specs\00_sot_meta\00_A_sot_code_ops_chk\vault\20260127_vault_play_count_update.md","2026-01-27 오후 12:50:20"
"docs\v2_specs\01_core\v2_level_point_extension_sot_ko.md","2026-01-27 오후 4:20:51"
"docs\v2_specs\01_core\v2_level_reward_table_sot_ko.md","2026-01-27 오후 4:21:16"
"docs\v2_specs\02_game\v2_team_battle_sot_ko.md","2026-01-27 오전 9:54:03"
"docs\v2_specs\03_api\v2_team_battle_api_contract_ko.md","2026-01-27 오전 9:54:03"
"docs\v2_specs\90_troubleshooting\0125_v2_troubleshooting.md","2026-01-27 오후 12:51:14"
"docs\v2_specs\90_troubleshooting\20260127_admin_login_integrity_error_fix.md","2026-01-27 오전 11:10:21"
"scripts\test_lottery_branching.py","2026-01-27 오후 4:43:13"
"scripts\test_play_count_bug.py","2026-01-27 오후 12:22:20"
"scripts\verify_vault_fix.py","2026-01-27 오후 12:49:13"
"scripts\__pycache__\test_lottery_branching.cpython-311-pytest-7.4.4.pyc","2026-01-27 오후 4:43:16"
"scripts\__pycache__\test_play_count_bug.cpython-311-pytest-7.4.4.pyc","2026-01-27 오후 12:22:23"
"scripts\__pycache__\test_vault_logic.cpython-311-pytest-7.4.4.pyc","2026-01-27 오전 11:50:03"
"src\hooks\useSound.ts","2026-01-27 오후 2:47:56"
"src\v2\admin\layouts\AdminLayout.tsx","2026-01-27 오전 11:21:19"
"src\v2\admin\pages\game\AdminTeamBattlePage.tsx","2026-01-27 오전 9:59:51"
"src\v2\admin\pages\game\MissionManagerPage.tsx","2026-01-27 오후 2:56:36"
"src\v2\api\adminApi.ts","2026-01-27 오전 11:24:13"
"src\v2\components\game\DiceResultModal.tsx","2026-01-27 오후 3:23:05"
"src\v2\components\game\LotteryResultModal.tsx","2026-01-27 오후 4:43:13"
"src\v2\components\game\RouletteResultModal.tsx","2026-01-27 오전 11:25:08"
"src\v2\components\ui\EncryptedText.tsx","2026-01-27 오후 3:42:20"
"src\v2\hooks\useAdminGame.ts","2026-01-27 오전 10:56:57"
"src\v2\pages\game\DicePage.tsx","2026-01-27 오후 2:55:03"
"src\v2\pages\game\LotteryPage.tsx","2026-01-27 오전 11:53:30"
"src\v2\pages\game\RoulettePage.tsx","2026-01-27 오전 11:53:38"
"src\v2\pages\home\HomePage.tsx","2026-01-27 오전 11:54:09"
"src\v2\pages\vault\VaultPage.tsx","2026-01-27 오전 11:49:54"
"tests\v2_tests\phase2_core\test_v2_mission_game_specific.py","2026-01-27 오후 2:08:55"
"tests\v2_tests\phase2_core\__pycache__\test_v2_mission_game_specific.cpython-311-pytest-7.4.4.pyc","2026-01-27 오후 2:09:00"
"tests\v2_tests\phase2_core\__pycache__\test_v2_mission_game_specific.cpython-311-pytest-8.3.2.pyc","2026-01-27 오후 2:01:07"
"__pycache__\test_audit_enum.cpython-311-pytest-7.4.4.pyc","2026-01-27 오후 3:27:13"
"__pycache__\test_point_edit.cpython-311-pytest-7.4.4.pyc","2026-01-27 오후 3:36:14"
"__pycache__\test_v2_login_sync.cpython-311-pytest-7.4.4.pyc","2026-01-27 오후 4:34:06"
