-- MySQL dump 10.13  Distrib 8.0.44, for Linux (x86_64)
--
-- Host: localhost    Database: xmas_event
-- ------------------------------------------------------
-- Server version	8.0.44

/*!40101 SET @OLD_CHARACTER_SET_CLIENT=@@CHARACTER_SET_CLIENT */;
/*!40101 SET @OLD_CHARACTER_SET_RESULTS=@@CHARACTER_SET_RESULTS */;
/*!40101 SET @OLD_COLLATION_CONNECTION=@@COLLATION_CONNECTION */;
/*!50503 SET NAMES utf8mb4 */;
/*!40103 SET @OLD_TIME_ZONE=@@TIME_ZONE */;
/*!40103 SET TIME_ZONE='+00:00' */;
/*!40014 SET @OLD_UNIQUE_CHECKS=@@UNIQUE_CHECKS, UNIQUE_CHECKS=0 */;
/*!40014 SET @OLD_FOREIGN_KEY_CHECKS=@@FOREIGN_KEY_CHECKS, FOREIGN_KEY_CHECKS=0 */;
/*!40101 SET @OLD_SQL_MODE=@@SQL_MODE, SQL_MODE='NO_AUTO_VALUE_ON_ZERO' */;
/*!40111 SET @OLD_SQL_NOTES=@@SQL_NOTES, SQL_NOTES=0 */;

--
-- Table structure for table `alembic_version`
--

DROP TABLE IF EXISTS `alembic_version`;
/*!40101 SET @saved_cs_client     = @@character_set_client */;
/*!50503 SET character_set_client = utf8mb4 */;
CREATE TABLE `alembic_version` (
  `version_num` varchar(32) NOT NULL,
  PRIMARY KEY (`version_num`)
) ENGINE=InnoDB DEFAULT CHARSET=utf8mb4 COLLATE=utf8mb4_0900_ai_ci;
/*!40101 SET character_set_client = @saved_cs_client */;

--
-- Dumping data for table `alembic_version`
--

LOCK TABLES `alembic_version` WRITE;
/*!40000 ALTER TABLE `alembic_version` DISABLE KEYS */;
INSERT INTO `alembic_version` VALUES ('20251217_0023');
/*!40000 ALTER TABLE `alembic_version` ENABLE KEYS */;
UNLOCK TABLES;

--
-- Table structure for table `dice_config`
--

DROP TABLE IF EXISTS `dice_config`;
/*!40101 SET @saved_cs_client     = @@character_set_client */;
/*!50503 SET character_set_client = utf8mb4 */;
CREATE TABLE `dice_config` (
  `id` int NOT NULL AUTO_INCREMENT,
  `name` varchar(100) NOT NULL,
  `is_active` tinyint(1) NOT NULL,
  `max_daily_plays` int NOT NULL,
  `win_reward_type` varchar(50) NOT NULL,
  `win_reward_amount` int NOT NULL,
  `draw_reward_type` varchar(50) NOT NULL,
  `draw_reward_amount` int NOT NULL,
  `lose_reward_type` varchar(50) NOT NULL,
  `lose_reward_amount` int NOT NULL,
  `created_at` datetime NOT NULL,
  `updated_at` datetime NOT NULL,
  PRIMARY KEY (`id`),
  KEY `ix_dice_config_id` (`id`)
) ENGINE=InnoDB AUTO_INCREMENT=2 DEFAULT CHARSET=utf8mb4 COLLATE=utf8mb4_0900_ai_ci;
/*!40101 SET character_set_client = @saved_cs_client */;

--
-- Dumping data for table `dice_config`
--

LOCK TABLES `dice_config` WRITE;
/*!40000 ALTER TABLE `dice_config` DISABLE KEYS */;
INSERT INTO `dice_config` VALUES (1,'XMAS Dice',1,50,'POINT',20,'POINT',5,'POINT',5,'2025-12-10 15:09:02','2025-12-11 09:25:27');
/*!40000 ALTER TABLE `dice_config` ENABLE KEYS */;
UNLOCK TABLES;

--
-- Table structure for table `dice_log`
--

DROP TABLE IF EXISTS `dice_log`;
/*!40101 SET @saved_cs_client     = @@character_set_client */;
/*!50503 SET character_set_client = utf8mb4 */;
CREATE TABLE `dice_log` (
  `id` int NOT NULL AUTO_INCREMENT,
  `user_id` int NOT NULL,
  `config_id` int NOT NULL,
  `user_dice_1` int NOT NULL,
  `user_dice_2` int NOT NULL,
  `user_sum` int NOT NULL,
  `dealer_dice_1` int NOT NULL,
  `dealer_dice_2` int NOT NULL,
  `dealer_sum` int NOT NULL,
  `result` varchar(10) NOT NULL,
  `reward_type` varchar(50) NOT NULL,
  `reward_amount` int NOT NULL,
  `created_at` datetime NOT NULL,
  PRIMARY KEY (`id`),
  KEY `config_id` (`config_id`),
  KEY `ix_dice_log_id` (`id`),
  KEY `ix_dice_log_user_created_at` (`user_id`,`created_at`),
  CONSTRAINT `dice_log_ibfk_1` FOREIGN KEY (`user_id`) REFERENCES `user` (`id`) ON DELETE CASCADE,
  CONSTRAINT `dice_log_ibfk_2` FOREIGN KEY (`config_id`) REFERENCES `dice_config` (`id`) ON DELETE CASCADE
) ENGINE=InnoDB AUTO_INCREMENT=210 DEFAULT CHARSET=utf8mb4 COLLATE=utf8mb4_0900_ai_ci;
/*!40101 SET character_set_client = @saved_cs_client */;

--
-- Dumping data for table `dice_log`
--

LOCK TABLES `dice_log` WRITE;
/*!40000 ALTER TABLE `dice_log` DISABLE KEYS */;
INSERT INTO `dice_log` VALUES (1,6,1,2,2,4,2,4,6,'LOSE','POINT',5,'2025-12-14 13:53:37'),(2,7,1,3,3,6,5,4,9,'LOSE','POINT',5,'2025-12-15 13:56:04'),(3,7,1,3,2,5,5,1,6,'LOSE','POINT',5,'2025-12-15 13:56:07'),(4,8,1,1,5,6,5,6,11,'LOSE','POINT',5,'2025-12-15 14:07:48'),(5,9,1,4,1,5,3,1,4,'WIN','POINT',20,'2025-12-15 14:53:21'),(6,9,1,2,2,4,1,1,2,'WIN','POINT',20,'2025-12-15 14:53:23'),(7,9,1,4,4,8,6,2,8,'DRAW','POINT',5,'2025-12-15 15:00:13'),(8,9,1,2,4,6,5,5,10,'LOSE','POINT',5,'2025-12-15 15:00:16'),(9,9,1,4,5,9,4,5,9,'DRAW','POINT',5,'2025-12-15 15:02:20'),(10,9,1,6,2,8,1,1,2,'WIN','POINT',20,'2025-12-15 15:02:23'),(11,43,1,2,5,7,5,4,9,'LOSE','POINT',5,'2025-12-15 15:24:48'),(12,6,1,1,3,4,3,2,5,'LOSE','POINT',5,'2025-12-15 15:25:08'),(13,50,1,3,6,9,3,2,5,'WIN','POINT',20,'2025-12-15 15:45:38'),(14,58,1,1,1,2,1,5,6,'LOSE','POINT',5,'2025-12-15 15:56:27'),(15,44,1,3,6,9,1,3,4,'WIN','POINT',20,'2025-12-15 16:33:40'),(16,44,1,3,5,8,4,1,5,'WIN','POINT',20,'2025-12-15 16:33:44'),(17,10,1,1,3,4,4,1,5,'LOSE','POINT',5,'2025-12-16 02:28:17'),(18,22,1,6,3,9,1,5,6,'WIN','POINT',20,'2025-12-16 02:52:52'),(21,11,1,2,5,7,6,4,10,'LOSE','POINT',5,'2025-12-16 02:54:19'),(22,11,1,6,3,9,6,1,7,'WIN','POINT',20,'2025-12-16 02:57:54'),(23,33,1,3,6,9,2,2,4,'WIN','POINT',20,'2025-12-16 03:02:44'),(24,48,1,6,1,7,2,1,3,'WIN','POINT',20,'2025-12-16 03:36:57'),(25,29,1,4,6,10,4,6,10,'DRAW','POINT',5,'2025-12-16 03:40:04'),(26,26,1,2,5,7,1,6,7,'DRAW','POINT',5,'2025-12-16 04:39:56'),(27,26,1,6,3,9,3,6,9,'DRAW','POINT',5,'2025-12-16 04:40:05'),(28,26,1,4,3,7,5,2,7,'DRAW','POINT',5,'2025-12-16 04:40:12'),(29,26,1,4,3,7,4,4,8,'LOSE','POINT',5,'2025-12-16 04:40:17'),(30,25,1,2,2,4,2,4,6,'LOSE','POINT',5,'2025-12-16 04:41:11'),(31,25,1,1,6,7,4,1,5,'WIN','POINT',20,'2025-12-16 04:41:14'),(32,25,1,2,6,8,1,1,2,'WIN','POINT',20,'2025-12-16 04:45:58'),(33,25,1,4,5,9,4,2,6,'WIN','POINT',20,'2025-12-16 04:46:15'),(34,67,1,6,3,9,1,4,5,'WIN','POINT',20,'2025-12-16 04:50:30'),(35,67,1,1,6,7,2,5,7,'DRAW','POINT',5,'2025-12-16 04:50:35'),(36,67,1,4,6,10,3,6,9,'WIN','POINT',20,'2025-12-16 04:55:49'),(37,67,1,4,3,7,6,3,9,'LOSE','POINT',5,'2025-12-16 04:55:55'),(38,67,1,6,1,7,1,6,7,'DRAW','POINT',5,'2025-12-16 04:55:58'),(39,69,1,2,6,8,4,2,6,'WIN','POINT',20,'2025-12-16 05:02:23'),(40,69,1,1,1,2,6,1,7,'LOSE','POINT',5,'2025-12-16 05:02:27'),(41,69,1,1,2,3,4,1,5,'LOSE','POINT',5,'2025-12-16 05:02:31'),(42,14,1,3,5,8,1,2,3,'WIN','POINT',20,'2025-12-16 05:03:56'),(43,14,1,3,6,9,2,2,4,'WIN','POINT',20,'2025-12-16 05:05:34'),(44,14,1,3,1,4,3,3,6,'LOSE','POINT',5,'2025-12-16 05:05:37'),(45,15,1,1,6,7,4,5,9,'LOSE','POINT',5,'2025-12-16 05:07:00'),(46,70,1,5,2,7,5,3,8,'LOSE','POINT',5,'2025-12-16 05:17:28'),(47,70,1,2,4,6,5,1,6,'DRAW','POINT',5,'2025-12-16 05:17:33'),(48,11,1,2,3,5,5,5,10,'LOSE','POINT',5,'2025-12-16 05:32:13'),(49,11,1,3,5,8,6,2,8,'DRAW','POINT',5,'2025-12-16 05:32:15'),(50,68,1,1,5,6,4,6,10,'LOSE','POINT',5,'2025-12-16 05:34:27'),(51,68,1,2,6,8,6,1,7,'WIN','POINT',20,'2025-12-16 05:34:31'),(52,15,1,4,5,9,4,3,7,'WIN','POINT',20,'2025-12-16 06:10:53'),(53,18,1,6,1,7,2,6,8,'LOSE','POINT',5,'2025-12-16 06:21:44'),(54,18,1,3,4,7,6,6,12,'LOSE','POINT',5,'2025-12-16 06:21:47'),(55,18,1,4,4,8,3,4,7,'WIN','POINT',20,'2025-12-16 06:21:53'),(56,70,1,5,4,9,3,4,7,'WIN','POINT',20,'2025-12-16 06:27:40'),(57,70,1,2,5,7,3,1,4,'WIN','POINT',20,'2025-12-16 06:29:38'),(58,70,1,6,4,10,3,6,9,'WIN','POINT',20,'2025-12-16 06:29:43'),(59,70,1,6,3,9,6,3,9,'DRAW','POINT',5,'2025-12-16 06:30:22'),(60,82,1,6,5,11,1,6,7,'WIN','POINT',20,'2025-12-16 07:01:53'),(61,82,1,6,3,9,3,4,7,'WIN','POINT',20,'2025-12-16 07:02:01'),(62,30,1,5,6,11,2,5,7,'WIN','POINT',20,'2025-12-16 07:06:12'),(63,30,1,6,4,10,3,6,9,'WIN','POINT',20,'2025-12-16 07:06:17'),(64,16,1,6,6,12,6,3,9,'WIN','POINT',20,'2025-12-16 07:07:29'),(65,75,1,2,5,7,3,2,5,'WIN','POINT',20,'2025-12-16 07:09:11'),(66,75,1,4,5,9,6,3,9,'DRAW','POINT',5,'2025-12-16 07:09:16'),(67,75,1,2,2,4,5,2,7,'LOSE','POINT',5,'2025-12-16 07:09:24'),(68,75,1,5,3,8,4,6,10,'LOSE','POINT',5,'2025-12-16 07:09:28'),(69,85,1,4,4,8,4,4,8,'DRAW','POINT',5,'2025-12-16 07:13:57'),(70,85,1,5,6,11,4,4,8,'WIN','POINT',20,'2025-12-16 07:14:01'),(71,84,1,5,4,9,2,5,7,'WIN','POINT',20,'2025-12-16 07:18:42'),(72,84,1,4,6,10,1,6,7,'WIN','POINT',20,'2025-12-16 07:18:49'),(73,84,1,6,6,12,6,4,10,'WIN','POINT',20,'2025-12-16 07:20:11'),(74,84,1,6,6,12,6,4,10,'WIN','POINT',20,'2025-12-16 07:20:16'),(75,85,1,5,4,9,1,5,6,'WIN','POINT',20,'2025-12-16 07:23:38'),(76,85,1,3,3,6,4,5,9,'LOSE','POINT',5,'2025-12-16 07:23:46'),(77,83,1,6,5,11,4,4,8,'WIN','POINT',20,'2025-12-16 07:25:31'),(78,83,1,3,5,8,4,5,9,'LOSE','POINT',5,'2025-12-16 07:25:43'),(79,85,1,1,3,4,6,5,11,'LOSE','POINT',5,'2025-12-16 07:48:09'),(80,85,1,5,3,8,5,2,7,'WIN','POINT',20,'2025-12-16 07:48:12'),(81,45,1,5,1,6,2,4,6,'DRAW','POINT',5,'2025-12-16 07:58:02'),(82,41,1,2,3,5,4,6,10,'LOSE','POINT',5,'2025-12-16 08:00:15'),(83,41,1,2,1,3,1,2,3,'DRAW','POINT',5,'2025-12-16 08:00:18'),(84,39,1,1,1,2,1,1,2,'DRAW','POINT',5,'2025-12-16 08:01:09'),(85,39,1,1,6,7,5,1,6,'WIN','POINT',20,'2025-12-16 08:02:40'),(86,23,1,6,6,12,3,4,7,'WIN','POINT',20,'2025-12-16 08:21:06'),(87,75,1,6,4,10,2,1,3,'WIN','POINT',20,'2025-12-16 08:28:23'),(88,75,1,4,1,5,4,2,6,'LOSE','POINT',5,'2025-12-16 08:28:27'),(89,75,1,4,5,9,3,4,7,'WIN','POINT',20,'2025-12-16 08:28:30'),(90,75,1,2,4,6,1,6,7,'LOSE','POINT',5,'2025-12-16 08:28:33'),(91,75,1,6,1,7,2,1,3,'WIN','POINT',20,'2025-12-16 08:28:35'),(92,75,1,5,5,10,5,3,8,'WIN','POINT',20,'2025-12-16 08:28:38'),(93,75,1,3,1,4,2,5,7,'LOSE','POINT',5,'2025-12-16 08:28:40'),(94,90,1,2,5,7,5,6,11,'LOSE','POINT',5,'2025-12-16 08:31:21'),(95,90,1,3,1,4,6,6,12,'LOSE','POINT',5,'2025-12-16 08:31:28'),(96,89,1,4,3,7,5,2,7,'DRAW','POINT',5,'2025-12-16 08:33:02'),(97,89,1,3,4,7,4,5,9,'LOSE','POINT',5,'2025-12-16 08:33:10'),(98,15,1,2,5,7,1,6,7,'DRAW','POINT',5,'2025-12-16 08:42:43'),(99,15,1,1,1,2,1,4,5,'LOSE','POINT',5,'2025-12-16 08:42:47'),(100,15,1,5,1,6,3,1,4,'WIN','POINT',20,'2025-12-16 08:42:50'),(101,15,1,5,6,11,6,4,10,'WIN','POINT',20,'2025-12-16 08:42:53'),(102,15,1,6,1,7,5,2,7,'DRAW','POINT',5,'2025-12-16 08:42:56'),(103,40,1,2,2,4,5,1,6,'LOSE','POINT',5,'2025-12-16 08:55:13'),(104,40,1,4,4,8,4,2,6,'WIN','POINT',20,'2025-12-16 08:55:16'),(105,40,1,3,6,9,2,4,6,'WIN','POINT',20,'2025-12-16 08:55:21'),(106,40,1,1,6,7,4,3,7,'DRAW','POINT',5,'2025-12-16 08:55:24'),(107,40,1,2,4,6,6,3,9,'LOSE','POINT',5,'2025-12-16 08:55:27'),(108,40,1,6,1,7,4,3,7,'DRAW','POINT',5,'2025-12-16 08:55:30'),(109,39,1,2,2,4,1,3,4,'DRAW','POINT',5,'2025-12-16 08:59:33'),(110,39,1,2,1,3,4,1,5,'LOSE','POINT',5,'2025-12-16 08:59:40'),(111,92,1,4,6,10,4,1,5,'WIN','POINT',20,'2025-12-16 09:08:35'),(112,92,1,4,4,8,5,4,9,'LOSE','POINT',5,'2025-12-16 09:08:41'),(113,92,1,3,1,4,4,1,5,'LOSE','POINT',5,'2025-12-16 09:14:28'),(114,92,1,2,3,5,5,1,6,'LOSE','POINT',5,'2025-12-16 09:14:30'),(115,92,1,1,2,3,1,1,2,'WIN','POINT',20,'2025-12-16 09:14:33'),(116,92,1,1,5,6,6,2,8,'LOSE','POINT',5,'2025-12-16 09:14:36'),(117,92,1,6,5,11,1,6,7,'WIN','POINT',20,'2025-12-16 09:14:39'),(118,92,1,6,5,11,6,3,9,'WIN','POINT',20,'2025-12-16 09:14:42'),(119,92,1,3,6,9,6,4,10,'LOSE','POINT',5,'2025-12-16 09:21:42'),(120,92,1,2,6,8,5,4,9,'LOSE','POINT',5,'2025-12-16 09:21:46'),(121,43,1,6,6,12,5,1,6,'WIN','POINT',20,'2025-12-16 09:27:22'),(122,43,1,5,4,9,3,1,4,'WIN','POINT',20,'2025-12-16 09:27:27'),(123,43,1,4,5,9,4,6,10,'LOSE','POINT',5,'2025-12-16 09:27:48'),(124,41,1,3,4,7,4,5,9,'LOSE','POINT',5,'2025-12-16 09:50:23'),(125,41,1,4,5,9,5,2,7,'WIN','POINT',20,'2025-12-16 09:50:32'),(126,41,1,5,3,8,2,2,4,'WIN','POINT',20,'2025-12-16 09:50:36'),(127,41,1,4,4,8,4,2,6,'WIN','POINT',20,'2025-12-16 09:50:39'),(128,41,1,6,4,10,3,2,5,'WIN','POINT',20,'2025-12-16 09:50:41'),(129,41,1,3,3,6,3,5,8,'LOSE','POINT',5,'2025-12-16 09:50:43'),(130,41,1,1,4,5,3,5,8,'LOSE','POINT',5,'2025-12-16 09:51:32'),(131,95,1,4,5,9,3,4,7,'WIN','POINT',20,'2025-12-16 10:25:57'),(132,95,1,3,3,6,6,2,8,'LOSE','POINT',5,'2025-12-16 10:26:02'),(133,95,1,5,1,6,1,4,5,'WIN','POINT',20,'2025-12-16 10:26:56'),(134,95,1,1,1,2,6,6,12,'LOSE','POINT',5,'2025-12-16 10:27:01'),(135,14,1,3,5,8,1,5,6,'WIN','POINT',20,'2025-12-16 11:33:47'),(136,14,1,6,6,12,1,3,4,'WIN','POINT',20,'2025-12-16 11:33:50'),(137,14,1,3,4,7,1,6,7,'DRAW','POINT',5,'2025-12-16 11:33:53'),(138,12,1,6,2,8,5,6,11,'LOSE','POINT',5,'2025-12-16 13:21:43'),(139,12,1,2,2,4,5,6,11,'LOSE','POINT',5,'2025-12-16 13:22:14'),(140,12,1,2,4,6,2,4,6,'DRAW','POINT',5,'2025-12-16 13:22:16'),(141,12,1,3,6,9,2,2,4,'WIN','POINT',20,'2025-12-16 13:22:19'),(142,12,1,5,6,11,4,4,8,'WIN','POINT',20,'2025-12-16 13:22:21'),(143,7,1,4,1,5,2,6,8,'LOSE','POINT',5,'2025-12-16 13:28:20'),(144,7,1,6,4,10,1,2,3,'WIN','POINT',20,'2025-12-16 13:28:22'),(145,7,1,2,1,3,1,5,6,'LOSE','POINT',5,'2025-12-16 13:28:24'),(146,7,1,4,4,8,5,4,9,'LOSE','POINT',5,'2025-12-16 13:28:26'),(147,7,1,1,1,2,4,4,8,'LOSE','POINT',5,'2025-12-16 13:28:28'),(148,7,1,4,3,7,4,5,9,'LOSE','POINT',5,'2025-12-16 13:28:31'),(149,7,1,3,3,6,3,1,4,'WIN','POINT',20,'2025-12-16 13:28:33'),(150,7,1,6,2,8,5,3,8,'DRAW','POINT',5,'2025-12-16 13:28:35'),(151,85,1,1,1,2,6,3,9,'LOSE','POINT',5,'2025-12-16 13:48:09'),(152,85,1,2,4,6,4,5,9,'LOSE','POINT',5,'2025-12-16 13:48:12'),(153,85,1,6,1,7,4,2,6,'WIN','POINT',20,'2025-12-16 13:48:15'),(154,85,1,6,2,8,4,1,5,'WIN','POINT',20,'2025-12-16 13:48:18'),(155,85,1,6,3,9,4,3,7,'WIN','POINT',20,'2025-12-16 13:48:20'),(156,7,1,3,5,8,2,1,3,'WIN','POINT',20,'2025-12-16 14:00:13'),(157,92,1,4,5,9,5,3,8,'WIN','POINT',20,'2025-12-16 14:24:37'),(158,26,1,6,2,8,4,2,6,'WIN','POINT',20,'2025-12-16 17:59:52'),(159,30,1,6,6,12,5,1,6,'WIN','POINT',20,'2025-12-16 22:38:42'),(160,85,1,5,6,11,3,5,8,'WIN','POINT',20,'2025-12-17 00:43:02'),(161,85,1,5,4,9,2,1,3,'WIN','POINT',20,'2025-12-17 00:43:05'),(162,21,1,5,6,11,6,1,7,'WIN','POINT',20,'2025-12-17 01:33:01'),(163,21,1,2,1,3,1,3,4,'LOSE','POINT',5,'2025-12-17 01:33:07'),(164,21,1,4,2,6,6,6,12,'LOSE','POINT',5,'2025-12-17 01:33:12'),(165,21,1,3,2,5,3,2,5,'DRAW','POINT',5,'2025-12-17 01:33:20'),(166,12,1,6,2,8,1,2,3,'WIN','POINT',20,'2025-12-17 02:10:47'),(167,12,1,1,1,2,1,1,2,'DRAW','POINT',5,'2025-12-17 02:10:49'),(168,51,1,1,3,4,2,6,8,'LOSE','POINT',5,'2025-12-17 02:26:52'),(169,51,1,4,2,6,2,4,6,'DRAW','POINT',5,'2025-12-17 02:28:05'),(170,51,1,4,3,7,3,5,8,'LOSE','POINT',5,'2025-12-17 02:28:10'),(171,51,1,2,4,6,5,3,8,'LOSE','POINT',5,'2025-12-17 02:29:05'),(172,51,1,2,1,3,2,3,5,'LOSE','POINT',5,'2025-12-17 02:29:08'),(173,51,1,5,5,10,1,3,4,'WIN','POINT',20,'2025-12-17 02:29:32'),(174,51,1,5,1,6,6,4,10,'LOSE','POINT',5,'2025-12-17 02:29:35'),(175,51,1,3,3,6,5,6,11,'LOSE','POINT',5,'2025-12-17 02:29:40'),(176,16,1,3,5,8,2,2,4,'WIN','POINT',20,'2025-12-17 03:04:13'),(177,16,1,4,4,8,3,2,5,'WIN','POINT',20,'2025-12-17 03:04:16'),(178,16,1,5,4,9,3,5,8,'WIN','POINT',20,'2025-12-17 03:04:18'),(179,16,1,3,1,4,5,4,9,'LOSE','POINT',5,'2025-12-17 03:04:21'),(180,16,1,6,1,7,1,4,5,'WIN','POINT',20,'2025-12-17 03:04:25'),(181,26,1,5,3,8,2,5,7,'WIN','POINT',20,'2025-12-17 03:14:42'),(182,26,1,5,6,11,2,6,8,'WIN','POINT',20,'2025-12-17 03:14:50'),(183,26,1,1,3,4,5,2,7,'LOSE','POINT',5,'2025-12-17 03:14:54'),(184,55,1,1,5,6,6,3,9,'LOSE','POINT',5,'2025-12-17 03:48:10'),(185,55,1,2,4,6,3,2,5,'WIN','POINT',20,'2025-12-17 03:48:14'),(186,55,1,6,4,10,3,1,4,'WIN','POINT',20,'2025-12-17 03:49:15'),(187,55,1,5,1,6,1,2,3,'WIN','POINT',20,'2025-12-17 03:49:19'),(188,43,1,4,3,7,6,1,7,'DRAW','POINT',5,'2025-12-17 04:20:52'),(189,43,1,2,5,7,1,1,2,'WIN','POINT',20,'2025-12-17 04:20:54'),(190,10,1,2,4,6,3,4,7,'LOSE','POINT',5,'2025-12-17 04:21:54'),(191,10,1,6,1,7,1,5,6,'WIN','POINT',20,'2025-12-17 04:22:01'),(192,10,1,6,3,9,4,4,8,'WIN','POINT',20,'2025-12-17 04:22:04'),(193,44,1,2,6,8,6,3,9,'LOSE','POINT',5,'2025-12-17 04:51:03'),(194,44,1,4,5,9,3,5,8,'WIN','POINT',20,'2025-12-17 04:51:07'),(195,83,1,1,1,2,3,4,7,'LOSE','POINT',5,'2025-12-17 06:32:03'),(196,39,1,1,2,3,2,5,7,'LOSE','POINT',5,'2025-12-17 07:29:04'),(197,39,1,2,3,5,5,2,7,'LOSE','POINT',5,'2025-12-17 07:29:09'),(198,41,1,2,4,6,4,2,6,'DRAW','POINT',5,'2025-12-17 08:13:24'),(199,41,1,2,5,7,6,6,12,'LOSE','POINT',5,'2025-12-17 08:13:27'),(200,41,1,2,3,5,2,4,6,'LOSE','POINT',5,'2025-12-17 08:13:30'),(201,41,1,3,2,5,2,6,8,'LOSE','POINT',5,'2025-12-17 08:13:32'),(202,7,1,4,3,7,2,4,6,'WIN','POINT',20,'2025-12-17 09:13:59'),(203,7,1,6,2,8,3,5,8,'DRAW','POINT',5,'2025-12-17 09:14:02'),(204,7,1,3,2,5,4,2,6,'LOSE','POINT',5,'2025-12-17 09:24:32'),(205,7,1,3,4,7,3,1,4,'WIN','POINT',20,'2025-12-17 09:24:35'),(206,14,1,1,1,2,4,1,5,'LOSE','POINT',5,'2025-12-17 12:13:20'),(207,14,1,2,4,6,2,3,5,'WIN','POINT',20,'2025-12-17 12:13:23'),(208,18,1,5,2,7,5,5,10,'LOSE','POINT',5,'2025-12-17 13:58:12'),(209,18,1,5,1,6,5,6,11,'LOSE','POINT',5,'2025-12-17 13:58:14');
/*!40000 ALTER TABLE `dice_log` ENABLE KEYS */;
UNLOCK TABLES;

--
-- Table structure for table `external_ranking_data`
--

DROP TABLE IF EXISTS `external_ranking_data`;
/*!40101 SET @saved_cs_client     = @@character_set_client */;
/*!50503 SET character_set_client = utf8mb4 */;
CREATE TABLE `external_ranking_data` (
  `id` int NOT NULL AUTO_INCREMENT,
  `user_id` int NOT NULL,
  `deposit_amount` int NOT NULL,
  `play_count` int NOT NULL,
  `daily_base_deposit` int NOT NULL,
  `daily_base_play` int NOT NULL,
  `last_daily_reset` date DEFAULT NULL,
  `memo` varchar(255) DEFAULT NULL,
  `created_at` datetime NOT NULL,
  `updated_at` datetime NOT NULL,
  `deposit_remainder` int NOT NULL DEFAULT '0',
  PRIMARY KEY (`id`),
  UNIQUE KEY `uq_external_ranking_user` (`user_id`),
  KEY `ix_external_ranking_data_id` (`id`),
  KEY `ix_external_ranking_data_user_id` (`user_id`)
) ENGINE=InnoDB AUTO_INCREMENT=34 DEFAULT CHARSET=utf8mb4 COLLATE=utf8mb4_0900_ai_ci;
/*!40101 SET character_set_client = @saved_cs_client */;

--
-- Dumping data for table `external_ranking_data`
--

LOCK TABLES `external_ranking_data` WRITE;
/*!40000 ALTER TABLE `external_ranking_data` DISABLE KEYS */;
INSERT INTO `external_ranking_data` VALUES (2,18,500000,5,200000,2,'2025-12-17','','2025-12-15 15:41:55','2025-12-17 14:12:06',0),(3,45,70000,1,70000,1,'2025-12-17','','2025-12-15 15:42:09','2025-12-17 02:11:26',0),(4,39,700000,4,500000,3,'2025-12-17','','2025-12-15 15:42:22','2025-12-17 08:50:01',0),(5,23,650000,4,450000,3,'2025-12-17','','2025-12-15 15:42:31','2025-12-17 09:30:06',0),(6,44,250000,5,200000,1,'2025-12-17','','2025-12-15 15:43:33','2025-12-17 03:27:33',0),(8,10,4500000,11,3200000,9,'2025-12-17','','2025-12-15 15:44:46','2025-12-17 10:04:14',0),(9,58,3800000,10,2500000,8,'2025-12-17','','2025-12-15 15:47:50','2025-12-17 04:56:04',50000),(10,29,800000,4,400000,2,'2025-12-17','','2025-12-16 01:36:41','2025-12-17 02:14:14',0),(12,22,700000,4,500000,3,'2025-12-17','','2025-12-16 01:37:44','2025-12-17 02:15:05',0),(13,64,300000,2,300000,2,'2025-12-17','','2025-12-16 02:17:30','2025-12-17 02:11:26',0),(14,63,1000000,5,700000,3,'2025-12-17','','2025-12-16 02:17:52','2025-12-17 09:26:26',50000),(15,11,2500000,9,1600000,8,'2025-12-17','','2025-12-16 02:21:48','2025-12-17 04:56:15',0),(16,9,700000,2,400000,1,'2025-12-17','','2025-12-16 02:22:12','2025-12-17 02:42:57',0),(17,48,800000,4,400000,2,'2025-12-17','','2025-12-16 02:59:33','2025-12-17 03:27:24',0),(18,69,200000,1,200000,1,'2025-12-17','','2025-12-16 04:58:39','2025-12-17 02:11:26',0),(19,12,9700000,14,5700000,8,'2025-12-17','','2025-12-16 05:06:09','2025-12-17 14:13:12',0),(20,52,300000,1,300000,1,'2025-12-17','','2025-12-16 05:12:21','2025-12-17 02:11:26',0),(21,15,750000,3,550000,2,'2025-12-17','','2025-12-16 06:09:43','2025-12-17 07:57:01',0),(22,75,50000,1,50000,1,'2025-12-17','','2025-12-16 06:57:43','2025-12-17 02:11:26',0),(23,16,1500000,3,1000000,2,'2025-12-17','','2025-12-16 07:21:45','2025-12-17 07:56:16',0),(24,43,500000,4,100000,1,'2025-12-17','','2025-12-16 08:20:27','2025-12-17 09:29:57',0),(25,40,1460000,3,1060000,2,'2025-12-17','','2025-12-16 08:48:40','2025-12-17 07:56:05',60000),(26,92,50000,3,20000,1,'2025-12-17','','2025-12-16 08:58:18','2025-12-17 07:57:12',0),(27,41,800000,2,400000,1,'2025-12-17','','2025-12-16 09:03:37','2025-12-17 08:03:25',0),(28,14,2250000,15,500000,3,'2025-12-17','','2025-12-16 10:13:26','2025-12-17 10:04:03',0),(29,21,170000,6,100000,5,'2025-12-17','','2025-12-16 13:15:43','2025-12-17 14:11:50',0),(30,26,180000,1,0,0,'2025-12-17','','2025-12-17 02:13:38','2025-12-17 02:13:38',0),(31,85,200000,1,0,0,'2025-12-17','','2025-12-17 02:14:56','2025-12-17 02:14:56',0),(32,55,350000,1,0,0,'2025-12-17','','2025-12-17 03:47:18','2025-12-17 03:47:18',0),(33,105,110000,1,0,0,'2025-12-17','','2025-12-17 03:47:38','2025-12-17 03:47:38',0);
/*!40000 ALTER TABLE `external_ranking_data` ENABLE KEYS */;
UNLOCK TABLES;

--
-- Table structure for table `external_ranking_reward_log`
--

DROP TABLE IF EXISTS `external_ranking_reward_log`;
/*!40101 SET @saved_cs_client     = @@character_set_client */;
/*!50503 SET character_set_client = utf8mb4 */;
CREATE TABLE `external_ranking_reward_log` (
  `id` int NOT NULL AUTO_INCREMENT,
  `user_id` int NOT NULL,
  `reward_type` varchar(50) NOT NULL,
  `reward_amount` int NOT NULL,
  `reason` varchar(100) NOT NULL,
  `season_name` varchar(50) NOT NULL,
  `data_id` int DEFAULT NULL,
  `created_at` datetime NOT NULL,
  PRIMARY KEY (`id`),
  KEY `data_id` (`data_id`),
  KEY `ix_external_ranking_reward_log_id` (`id`),
  KEY `ix_external_ranking_reward_log_user_id` (`user_id`),
  CONSTRAINT `external_ranking_reward_log_ibfk_1` FOREIGN KEY (`data_id`) REFERENCES `external_ranking_data` (`id`) ON DELETE SET NULL
) ENGINE=InnoDB DEFAULT CHARSET=utf8mb4 COLLATE=utf8mb4_0900_ai_ci;
/*!40101 SET character_set_client = @saved_cs_client */;

--
-- Dumping data for table `external_ranking_reward_log`
--

LOCK TABLES `external_ranking_reward_log` WRITE;
/*!40000 ALTER TABLE `external_ranking_reward_log` DISABLE KEYS */;
/*!40000 ALTER TABLE `external_ranking_reward_log` ENABLE KEYS */;
UNLOCK TABLES;

--
-- Table structure for table `feature_config`
--

DROP TABLE IF EXISTS `feature_config`;
/*!40101 SET @saved_cs_client     = @@character_set_client */;
/*!50503 SET character_set_client = utf8mb4 */;
CREATE TABLE `feature_config` (
  `id` int NOT NULL AUTO_INCREMENT,
  `feature_type` enum('ROULETTE','DICE','LOTTERY','RANKING','SEASON_PASS','NONE') NOT NULL,
  `title` varchar(100) NOT NULL,
  `page_path` varchar(100) NOT NULL,
  `is_enabled` tinyint(1) NOT NULL,
  `config_json` json DEFAULT NULL,
  `created_at` datetime NOT NULL,
  `updated_at` datetime NOT NULL,
  PRIMARY KEY (`id`),
  UNIQUE KEY `uq_feature_config_feature_type` (`feature_type`),
  KEY `ix_feature_config_id` (`id`)
) ENGINE=InnoDB AUTO_INCREMENT=6 DEFAULT CHARSET=utf8mb4 COLLATE=utf8mb4_0900_ai_ci;
/*!40101 SET character_set_client = @saved_cs_client */;

--
-- Dumping data for table `feature_config`
--

LOCK TABLES `feature_config` WRITE;
/*!40000 ALTER TABLE `feature_config` DISABLE KEYS */;
INSERT INTO `feature_config` VALUES (1,'ROULETTE','Christmas Roulette','/roulette',1,NULL,'2025-12-10 14:42:43','2025-12-10 14:42:43'),(2,'SEASON_PASS','Season Pass','/season-pass',1,NULL,'2025-12-10 14:42:43','2025-12-10 14:42:43'),(3,'DICE','Christmas Dice','/dice',1,NULL,'2025-12-10 14:42:43','2025-12-10 14:42:43'),(4,'LOTTERY','Christmas Lottery','/lottery',1,NULL,'2025-12-10 14:42:43','2025-12-10 14:42:43'),(5,'RANKING','Christmas Ranking','/ranking',1,NULL,'2025-12-10 14:42:43','2025-12-10 14:42:43');
/*!40000 ALTER TABLE `feature_config` ENABLE KEYS */;
UNLOCK TABLES;

--
-- Table structure for table `feature_schedule`
--

DROP TABLE IF EXISTS `feature_schedule`;
/*!40101 SET @saved_cs_client     = @@character_set_client */;
/*!50503 SET character_set_client = utf8mb4 */;
CREATE TABLE `feature_schedule` (
  `id` int NOT NULL AUTO_INCREMENT,
  `date` date NOT NULL,
  `feature_type` enum('ROULETTE','DICE','LOTTERY','RANKING','SEASON_PASS','NONE') NOT NULL,
  `is_active` tinyint(1) NOT NULL,
  `created_at` datetime NOT NULL,
  `updated_at` datetime NOT NULL,
  PRIMARY KEY (`id`),
  UNIQUE KEY `uq_feature_schedule_date` (`date`),
  KEY `ix_feature_schedule_id` (`id`)
) ENGINE=InnoDB AUTO_INCREMENT=19 DEFAULT CHARSET=utf8mb4 COLLATE=utf8mb4_0900_ai_ci;
/*!40101 SET character_set_client = @saved_cs_client */;

--
-- Dumping data for table `feature_schedule`
--

LOCK TABLES `feature_schedule` WRITE;
/*!40000 ALTER TABLE `feature_schedule` DISABLE KEYS */;
INSERT INTO `feature_schedule` VALUES (2,'2025-12-09','SEASON_PASS',1,'2025-12-10 14:42:43','2025-12-10 14:42:43'),(3,'2025-12-10','ROULETTE',1,'2025-12-10 14:42:43','2025-12-10 14:42:43'),(4,'2025-12-11','DICE',1,'2025-12-10 14:42:43','2025-12-10 14:42:43'),(5,'2025-12-12','LOTTERY',1,'2025-12-10 14:42:43','2025-12-10 14:42:43'),(6,'2025-12-13','RANKING',1,'2025-12-10 14:42:43','2025-12-10 14:42:43'),(7,'2025-12-14','ROULETTE',1,'2025-12-10 14:42:43','2025-12-10 14:42:43'),(8,'2025-12-15','DICE',1,'2025-12-10 14:42:43','2025-12-10 14:42:43'),(9,'2025-12-16','LOTTERY',1,'2025-12-10 14:42:43','2025-12-10 14:42:43'),(10,'2025-12-17','RANKING',1,'2025-12-10 14:42:43','2025-12-10 14:42:43'),(11,'2025-12-18','ROULETTE',1,'2025-12-10 14:42:43','2025-12-10 14:42:43'),(12,'2025-12-19','DICE',1,'2025-12-10 14:42:43','2025-12-10 14:42:43'),(13,'2025-12-20','LOTTERY',1,'2025-12-10 14:42:43','2025-12-10 14:42:43'),(14,'2025-12-21','RANKING',1,'2025-12-10 14:42:43','2025-12-10 14:42:43'),(15,'2025-12-22','ROULETTE',1,'2025-12-10 14:42:43','2025-12-10 14:42:43'),(16,'2025-12-23','DICE',1,'2025-12-10 14:42:43','2025-12-10 14:42:43'),(17,'2025-12-24','LOTTERY',1,'2025-12-10 14:42:43','2025-12-10 14:42:43'),(18,'2025-12-25','SEASON_PASS',1,'2025-12-10 14:42:43','2025-12-10 14:42:43');
/*!40000 ALTER TABLE `feature_schedule` ENABLE KEYS */;
UNLOCK TABLES;

--
-- Table structure for table `lottery_config`
--

DROP TABLE IF EXISTS `lottery_config`;
/*!40101 SET @saved_cs_client     = @@character_set_client */;
/*!50503 SET character_set_client = utf8mb4 */;
CREATE TABLE `lottery_config` (
  `id` int NOT NULL AUTO_INCREMENT,
  `name` varchar(100) NOT NULL,
  `is_active` tinyint(1) NOT NULL,
  `max_daily_tickets` int NOT NULL,
  `created_at` datetime NOT NULL,
  `updated_at` datetime NOT NULL,
  PRIMARY KEY (`id`),
  KEY `ix_lottery_config_id` (`id`)
) ENGINE=InnoDB AUTO_INCREMENT=2 DEFAULT CHARSET=utf8mb4 COLLATE=utf8mb4_0900_ai_ci;
/*!40101 SET character_set_client = @saved_cs_client */;

--
-- Dumping data for table `lottery_config`
--

LOCK TABLES `lottery_config` WRITE;
/*!40000 ALTER TABLE `lottery_config` DISABLE KEYS */;
INSERT INTO `lottery_config` VALUES (1,'Test Lottery',1,1,'2025-12-10 15:10:01','2025-12-11 05:45:39');
/*!40000 ALTER TABLE `lottery_config` ENABLE KEYS */;
UNLOCK TABLES;

--
-- Table structure for table `lottery_log`
--

DROP TABLE IF EXISTS `lottery_log`;
/*!40101 SET @saved_cs_client     = @@character_set_client */;
/*!50503 SET character_set_client = utf8mb4 */;
CREATE TABLE `lottery_log` (
  `id` int NOT NULL AUTO_INCREMENT,
  `user_id` int NOT NULL,
  `config_id` int NOT NULL,
  `prize_id` int NOT NULL,
  `reward_type` varchar(50) NOT NULL,
  `reward_amount` int NOT NULL,
  `created_at` datetime NOT NULL,
  PRIMARY KEY (`id`),
  KEY `config_id` (`config_id`),
  KEY `prize_id` (`prize_id`),
  KEY `ix_lottery_log_user_created_at` (`user_id`,`created_at`),
  KEY `ix_lottery_log_id` (`id`),
  CONSTRAINT `lottery_log_ibfk_1` FOREIGN KEY (`user_id`) REFERENCES `user` (`id`) ON DELETE CASCADE,
  CONSTRAINT `lottery_log_ibfk_2` FOREIGN KEY (`config_id`) REFERENCES `lottery_config` (`id`) ON DELETE CASCADE,
  CONSTRAINT `lottery_log_ibfk_3` FOREIGN KEY (`prize_id`) REFERENCES `lottery_prize` (`id`) ON DELETE CASCADE
) ENGINE=InnoDB AUTO_INCREMENT=40 DEFAULT CHARSET=utf8mb4 COLLATE=utf8mb4_0900_ai_ci;
/*!40101 SET character_set_client = @saved_cs_client */;

--
-- Dumping data for table `lottery_log`
--

LOCK TABLES `lottery_log` WRITE;
/*!40000 ALTER TABLE `lottery_log` DISABLE KEYS */;
INSERT INTO `lottery_log` VALUES (39,74,1,126,'POINT',5,'2025-12-17 12:04:07');
/*!40000 ALTER TABLE `lottery_log` ENABLE KEYS */;
UNLOCK TABLES;

--
-- Table structure for table `lottery_prize`
--

DROP TABLE IF EXISTS `lottery_prize`;
/*!40101 SET @saved_cs_client     = @@character_set_client */;
/*!50503 SET character_set_client = utf8mb4 */;
CREATE TABLE `lottery_prize` (
  `id` int NOT NULL AUTO_INCREMENT,
  `config_id` int NOT NULL,
  `label` varchar(100) NOT NULL,
  `reward_type` varchar(50) NOT NULL,
  `reward_amount` int NOT NULL,
  `weight` int NOT NULL,
  `stock` int DEFAULT NULL,
  `is_active` tinyint(1) NOT NULL,
  `created_at` datetime NOT NULL,
  `updated_at` datetime NOT NULL,
  PRIMARY KEY (`id`),
  UNIQUE KEY `uq_lottery_prize_label` (`config_id`,`label`),
  KEY `ix_lottery_prize_id` (`id`),
  CONSTRAINT `lottery_prize_ibfk_1` FOREIGN KEY (`config_id`) REFERENCES `lottery_config` (`id`) ON DELETE CASCADE,
  CONSTRAINT `ck_lottery_prize_stock_non_negative` CHECK (((`stock` is null) or (`stock` >= 0))),
  CONSTRAINT `ck_lottery_prize_weight_non_negative` CHECK ((`weight` >= 0))
) ENGINE=InnoDB AUTO_INCREMENT=128 DEFAULT CHARSET=utf8mb4 COLLATE=utf8mb4_0900_ai_ci;
/*!40101 SET character_set_client = @saved_cs_client */;

--
-- Dumping data for table `lottery_prize`
--

LOCK TABLES `lottery_prize` WRITE;
/*!40000 ALTER TABLE `lottery_prize` DISABLE KEYS */;
INSERT INTO `lottery_prize` VALUES (121,1,'CC코인1개','POINT',5,18,97,1,'2025-12-17 09:14:57','2025-12-17 09:14:57'),(122,1,'CC포인트2만','POINT',5,1,1,1,'2025-12-17 09:14:57','2025-12-17 09:14:57'),(123,1,'배민 5천원','POINT',5,10,91,1,'2025-12-17 09:14:57','2025-12-17 09:14:57'),(124,1,'실장영상','POINT',5,7,99,1,'2025-12-17 09:14:57','2025-12-17 09:14:57'),(125,1,'주사위티켓 2장','TICKET_DICE',2,50,1,1,'2025-12-17 09:14:57','2025-12-17 09:14:57'),(126,1,'컴포즈아아','POINT',5,27,88,1,'2025-12-17 09:14:57','2025-12-17 12:04:07'),(127,1,'티빙1개월이용권','POINT',5,5,4,1,'2025-12-17 09:14:57','2025-12-17 09:14:57');
/*!40000 ALTER TABLE `lottery_prize` ENABLE KEYS */;
UNLOCK TABLES;

--
-- Table structure for table `new_member_dice_eligibility`
--

DROP TABLE IF EXISTS `new_member_dice_eligibility`;
/*!40101 SET @saved_cs_client     = @@character_set_client */;
/*!50503 SET character_set_client = utf8mb4 */;
CREATE TABLE `new_member_dice_eligibility` (
  `id` int NOT NULL AUTO_INCREMENT,
  `user_id` int NOT NULL,
  `is_eligible` tinyint(1) NOT NULL DEFAULT '1',
  `campaign_key` varchar(50) COLLATE utf8mb4_unicode_ci DEFAULT NULL,
  `granted_by` varchar(100) COLLATE utf8mb4_unicode_ci DEFAULT NULL,
  `expires_at` datetime DEFAULT NULL,
  `revoked_at` datetime DEFAULT NULL,
  `created_at` datetime NOT NULL DEFAULT CURRENT_TIMESTAMP,
  `updated_at` datetime NOT NULL DEFAULT CURRENT_TIMESTAMP,
  PRIMARY KEY (`id`),
  UNIQUE KEY `uq_new_member_dice_eligibility_user_id` (`user_id`),
  KEY `ix_new_member_dice_eligibility_user_id` (`user_id`),
  CONSTRAINT `new_member_dice_eligibility_ibfk_1` FOREIGN KEY (`user_id`) REFERENCES `user` (`id`) ON DELETE CASCADE
) ENGINE=InnoDB AUTO_INCREMENT=10 DEFAULT CHARSET=utf8mb4 COLLATE=utf8mb4_unicode_ci;
/*!40101 SET character_set_client = @saved_cs_client */;

--
-- Dumping data for table `new_member_dice_eligibility`
--

LOCK TABLES `new_member_dice_eligibility` WRITE;
/*!40000 ALTER TABLE `new_member_dice_eligibility` DISABLE KEYS */;
/*!40000 ALTER TABLE `new_member_dice_eligibility` ENABLE KEYS */;
UNLOCK TABLES;

--
-- Table structure for table `new_member_dice_log`
--

DROP TABLE IF EXISTS `new_member_dice_log`;
/*!40101 SET @saved_cs_client     = @@character_set_client */;
/*!50503 SET character_set_client = utf8mb4 */;
CREATE TABLE `new_member_dice_log` (
  `id` int NOT NULL AUTO_INCREMENT,
  `user_id` int NOT NULL,
  `campaign_key` varchar(50) COLLATE utf8mb4_unicode_ci DEFAULT NULL,
  `outcome` varchar(10) COLLATE utf8mb4_unicode_ci NOT NULL,
  `user_dice` int NOT NULL,
  `dealer_dice` int NOT NULL,
  `win_link` varchar(200) COLLATE utf8mb4_unicode_ci DEFAULT NULL,
  `created_at` datetime NOT NULL DEFAULT CURRENT_TIMESTAMP,
  PRIMARY KEY (`id`),
  UNIQUE KEY `uq_new_member_dice_log_user_id` (`user_id`),
  KEY `ix_new_member_dice_log_user_created_at` (`user_id`,`created_at`),
  CONSTRAINT `new_member_dice_log_ibfk_1` FOREIGN KEY (`user_id`) REFERENCES `user` (`id`) ON DELETE CASCADE
) ENGINE=InnoDB AUTO_INCREMENT=6 DEFAULT CHARSET=utf8mb4 COLLATE=utf8mb4_unicode_ci;
/*!40101 SET character_set_client = @saved_cs_client */;

--
-- Dumping data for table `new_member_dice_log`
--

LOCK TABLES `new_member_dice_log` WRITE;
/*!40000 ALTER TABLE `new_member_dice_log` DISABLE KEYS */;
INSERT INTO `new_member_dice_log` VALUES (2,104,NULL,'LOSE',4,5,'https://ccc-010.com','2025-12-16 15:18:28'),(3,108,NULL,'LOSE',2,5,'https://ccc-010.com','2025-12-17 08:21:04'),(4,107,NULL,'WIN',5,2,'https://ccc-010.com','2025-12-17 08:28:54'),(5,106,NULL,'LOSE',1,5,'https://ccc-010.com','2025-12-17 08:32:22');
/*!40000 ALTER TABLE `new_member_dice_log` ENABLE KEYS */;
UNLOCK TABLES;

--
-- Table structure for table `ranking_daily`
--

DROP TABLE IF EXISTS `ranking_daily`;
/*!40101 SET @saved_cs_client     = @@character_set_client */;
/*!50503 SET character_set_client = utf8mb4 */;
CREATE TABLE `ranking_daily` (
  `id` int NOT NULL AUTO_INCREMENT,
  `date` date NOT NULL,
  `user_id` int DEFAULT NULL,
  `display_name` varchar(50) NOT NULL,
  `score` int NOT NULL,
  `rank` int NOT NULL,
  `created_at` datetime NOT NULL,
  PRIMARY KEY (`id`),
  UNIQUE KEY `uq_ranking_daily_date_rank` (`date`,`rank`),
  KEY `user_id` (`user_id`),
  KEY `ix_ranking_daily_id` (`id`),
  CONSTRAINT `ranking_daily_ibfk_1` FOREIGN KEY (`user_id`) REFERENCES `user` (`id`) ON DELETE SET NULL
) ENGINE=InnoDB DEFAULT CHARSET=utf8mb4 COLLATE=utf8mb4_0900_ai_ci;
/*!40101 SET character_set_client = @saved_cs_client */;

--
-- Dumping data for table `ranking_daily`
--

LOCK TABLES `ranking_daily` WRITE;
/*!40000 ALTER TABLE `ranking_daily` DISABLE KEYS */;
/*!40000 ALTER TABLE `ranking_daily` ENABLE KEYS */;
UNLOCK TABLES;

--
-- Table structure for table `roulette_config`
--

DROP TABLE IF EXISTS `roulette_config`;
/*!40101 SET @saved_cs_client     = @@character_set_client */;
/*!50503 SET character_set_client = utf8mb4 */;
CREATE TABLE `roulette_config` (
  `id` int NOT NULL AUTO_INCREMENT,
  `name` varchar(100) NOT NULL,
  `is_active` tinyint(1) NOT NULL,
  `max_daily_spins` int NOT NULL,
  `created_at` datetime NOT NULL,
  `updated_at` datetime NOT NULL,
  PRIMARY KEY (`id`),
  KEY `ix_roulette_config_id` (`id`)
) ENGINE=InnoDB AUTO_INCREMENT=8 DEFAULT CHARSET=utf8mb4 COLLATE=utf8mb4_0900_ai_ci;
/*!40101 SET character_set_client = @saved_cs_client */;

--
-- Dumping data for table `roulette_config`
--

LOCK TABLES `roulette_config` WRITE;
/*!40000 ALTER TABLE `roulette_config` DISABLE KEYS */;
INSERT INTO `roulette_config` VALUES (7,'Test Roulette',1,0,'2025-12-14 13:59:35','2025-12-14 13:59:35');
/*!40000 ALTER TABLE `roulette_config` ENABLE KEYS */;
UNLOCK TABLES;

--
-- Table structure for table `roulette_log`
--

DROP TABLE IF EXISTS `roulette_log`;
/*!40101 SET @saved_cs_client     = @@character_set_client */;
/*!50503 SET character_set_client = utf8mb4 */;
CREATE TABLE `roulette_log` (
  `id` int NOT NULL AUTO_INCREMENT,
  `user_id` int NOT NULL,
  `config_id` int NOT NULL,
  `segment_id` int NOT NULL,
  `reward_type` varchar(50) NOT NULL,
  `reward_amount` int NOT NULL,
  `created_at` datetime NOT NULL,
  PRIMARY KEY (`id`),
  KEY `config_id` (`config_id`),
  KEY `segment_id` (`segment_id`),
  KEY `ix_roulette_log_id` (`id`),
  KEY `ix_roulette_log_user_created_at` (`user_id`,`created_at`),
  CONSTRAINT `roulette_log_ibfk_1` FOREIGN KEY (`user_id`) REFERENCES `user` (`id`) ON DELETE CASCADE,
  CONSTRAINT `roulette_log_ibfk_2` FOREIGN KEY (`config_id`) REFERENCES `roulette_config` (`id`) ON DELETE CASCADE,
  CONSTRAINT `roulette_log_ibfk_3` FOREIGN KEY (`segment_id`) REFERENCES `roulette_segment` (`id`) ON DELETE CASCADE
) ENGINE=InnoDB AUTO_INCREMENT=122 DEFAULT CHARSET=utf8mb4 COLLATE=utf8mb4_0900_ai_ci;
/*!40101 SET character_set_client = @saved_cs_client */;

--
-- Dumping data for table `roulette_log`
--

LOCK TABLES `roulette_log` WRITE;
/*!40000 ALTER TABLE `roulette_log` DISABLE KEYS */;
INSERT INTO `roulette_log` VALUES (104,7,7,60,'TICKET_DICE',2,'2025-12-16 13:59:55'),(105,7,7,62,'POINT',5,'2025-12-16 14:00:06'),(106,85,7,60,'TICKET_DICE',2,'2025-12-17 00:42:49'),(107,21,7,60,'TICKET_DICE',2,'2025-12-17 01:32:48'),(108,51,7,59,'POINT',5,'2025-12-17 02:28:58'),(109,51,7,60,'TICKET_DICE',2,'2025-12-17 02:29:13'),(110,16,7,60,'TICKET_DICE',2,'2025-12-17 03:03:34'),(111,26,7,63,'POINT',5,'2025-12-17 03:15:08'),(112,26,7,63,'POINT',5,'2025-12-17 03:15:17'),(113,55,7,62,'POINT',5,'2025-12-17 03:48:03'),(114,43,7,60,'TICKET_DICE',2,'2025-12-17 04:19:59'),(115,44,7,59,'POINT',5,'2025-12-17 04:50:46'),(116,83,7,61,'POINT',5,'2025-12-17 06:24:04'),(117,39,7,62,'POINT',5,'2025-12-17 07:28:05'),(118,41,7,60,'TICKET_DICE',2,'2025-12-17 08:13:04'),(119,7,7,59,'POINT',5,'2025-12-17 09:14:10'),(120,68,7,63,'POINT',5,'2025-12-17 13:36:54'),(121,18,7,59,'POINT',5,'2025-12-17 13:58:20');
/*!40000 ALTER TABLE `roulette_log` ENABLE KEYS */;
UNLOCK TABLES;

--
-- Table structure for table `roulette_segment`
--

DROP TABLE IF EXISTS `roulette_segment`;
/*!40101 SET @saved_cs_client     = @@character_set_client */;
/*!50503 SET character_set_client = utf8mb4 */;
CREATE TABLE `roulette_segment` (
  `id` int NOT NULL AUTO_INCREMENT,
  `config_id` int NOT NULL,
  `slot_index` int NOT NULL,
  `label` varchar(50) NOT NULL,
  `reward_type` varchar(50) NOT NULL,
  `reward_amount` int NOT NULL,
  `weight` int NOT NULL,
  `is_jackpot` tinyint(1) NOT NULL,
  `created_at` datetime NOT NULL,
  `updated_at` datetime NOT NULL,
  PRIMARY KEY (`id`),
  UNIQUE KEY `uq_roulette_segment_slot` (`config_id`,`slot_index`),
  KEY `ix_roulette_segment_id` (`id`),
  CONSTRAINT `roulette_segment_ibfk_1` FOREIGN KEY (`config_id`) REFERENCES `roulette_config` (`id`) ON DELETE CASCADE,
  CONSTRAINT `ck_roulette_segment_slot_range` CHECK (((`slot_index` >= 0) and (`slot_index` <= 5))),
  CONSTRAINT `ck_roulette_segment_weight_non_negative` CHECK ((`weight` >= 0))
) ENGINE=InnoDB AUTO_INCREMENT=65 DEFAULT CHARSET=utf8mb4 COLLATE=utf8mb4_0900_ai_ci;
/*!40101 SET character_set_client = @saved_cs_client */;

--
-- Dumping data for table `roulette_segment`
--

LOCK TABLES `roulette_segment` WRITE;
/*!40000 ALTER TABLE `roulette_segment` DISABLE KEYS */;
INSERT INTO `roulette_segment` VALUES (59,7,0,'다음기회에','POINT',5,30,0,'2025-12-16 13:52:44','2025-12-16 13:52:44'),(60,7,1,'주사위티켓2장','TICKET_DICE',2,25,0,'2025-12-16 13:52:44','2025-12-16 13:52:44'),(61,7,2,'CC코인1','POINT',5,20,0,'2025-12-16 13:52:44','2025-12-16 13:52:44'),(62,7,3,'맥날불고기세트','POINT',5,15,0,'2025-12-16 13:52:44','2025-12-16 13:52:44'),(63,7,4,'다이소5천원','POINT',5,9,0,'2025-12-16 13:52:44','2025-12-16 13:52:44'),(64,7,5,'CC포인트1만','POINT',5,1,0,'2025-12-16 13:52:44','2025-12-16 13:52:44');
/*!40000 ALTER TABLE `roulette_segment` ENABLE KEYS */;
UNLOCK TABLES;

--
-- Table structure for table `season_pass_config`
--

DROP TABLE IF EXISTS `season_pass_config`;
/*!40101 SET @saved_cs_client     = @@character_set_client */;
/*!50503 SET character_set_client = utf8mb4 */;
CREATE TABLE `season_pass_config` (
  `id` int NOT NULL AUTO_INCREMENT,
  `season_name` varchar(100) NOT NULL,
  `start_date` date NOT NULL,
  `end_date` date NOT NULL,
  `max_level` int NOT NULL,
  `base_xp_per_stamp` int NOT NULL,
  `is_active` tinyint(1) NOT NULL,
  `created_at` datetime NOT NULL DEFAULT CURRENT_TIMESTAMP,
  `updated_at` datetime NOT NULL DEFAULT CURRENT_TIMESTAMP,
  PRIMARY KEY (`id`),
  UNIQUE KEY `uq_season_name` (`season_name`),
  KEY `ix_season_pass_config_is_active` (`is_active`),
  KEY `ix_season_pass_config_id` (`id`),
  KEY `ix_season_pass_config_start_date` (`start_date`),
  KEY `ix_season_pass_config_end_date` (`end_date`),
  CONSTRAINT `ck_season_dates_order` CHECK ((`start_date` <= `end_date`))
) ENGINE=InnoDB AUTO_INCREMENT=3 DEFAULT CHARSET=utf8mb4 COLLATE=utf8mb4_0900_ai_ci;
/*!40101 SET character_set_client = @saved_cs_client */;

--
-- Dumping data for table `season_pass_config`
--

LOCK TABLES `season_pass_config` WRITE;
/*!40000 ALTER TABLE `season_pass_config` DISABLE KEYS */;
INSERT INTO `season_pass_config` VALUES (1,'SEASON_2','2025-12-14','2025-12-14',10,20,0,'2025-12-10 14:42:43','2025-12-10 15:07:56'),(2,'ì‹œì¦ŒíŒ¨ìŠ¤ 2ì°¨','2025-12-15','2025-12-28',10,20,1,'2025-12-15 00:00:03','2025-12-15 00:00:03');
/*!40000 ALTER TABLE `season_pass_config` ENABLE KEYS */;
UNLOCK TABLES;

--
-- Table structure for table `season_pass_level`
--

DROP TABLE IF EXISTS `season_pass_level`;
/*!40101 SET @saved_cs_client     = @@character_set_client */;
/*!50503 SET character_set_client = utf8mb4 */;
CREATE TABLE `season_pass_level` (
  `id` int NOT NULL AUTO_INCREMENT,
  `season_id` int NOT NULL,
  `level` int NOT NULL,
  `required_xp` int NOT NULL,
  `reward_type` varchar(50) NOT NULL,
  `reward_amount` int NOT NULL,
  `auto_claim` tinyint(1) NOT NULL,
  `created_at` datetime NOT NULL DEFAULT CURRENT_TIMESTAMP,
  `updated_at` datetime NOT NULL DEFAULT CURRENT_TIMESTAMP,
  PRIMARY KEY (`id`),
  UNIQUE KEY `uq_season_level` (`season_id`,`level`),
  KEY `ix_season_pass_level_id` (`id`),
  CONSTRAINT `season_pass_level_ibfk_1` FOREIGN KEY (`season_id`) REFERENCES `season_pass_config` (`id`) ON DELETE CASCADE
) ENGINE=InnoDB AUTO_INCREMENT=33 DEFAULT CHARSET=utf8mb4 COLLATE=utf8mb4_0900_ai_ci;
/*!40101 SET character_set_client = @saved_cs_client */;

--
-- Dumping data for table `season_pass_level`
--

LOCK TABLES `season_pass_level` WRITE;
/*!40000 ALTER TABLE `season_pass_level` DISABLE KEYS */;
INSERT INTO `season_pass_level` VALUES (13,1,1,20,'TICKET_ROULETTE',1,1,'2025-12-14 21:53:03','2025-12-14 21:53:03'),(14,1,2,50,'TICKET_DICE',1,1,'2025-12-14 21:53:03','2025-12-14 21:53:03'),(15,1,3,100,'TICKET_ROULETTE',1,1,'2025-12-14 21:53:03','2025-12-14 21:53:03'),(16,1,4,180,'TICKET_LOTTERY',1,1,'2025-12-14 21:53:03','2025-12-14 21:53:03'),(17,1,5,300,'CC_COIN',1,1,'2025-12-14 21:53:03','2025-12-14 21:53:03'),(18,1,6,450,'TICKET_DICE',2,1,'2025-12-14 21:53:03','2025-12-14 21:53:03'),(19,1,7,650,'CC_COIN',2,1,'2025-12-14 21:53:03','2025-12-14 21:53:03'),(20,1,8,900,'COUPON',10000,0,'2025-12-14 21:53:03','2025-12-14 21:53:03'),(21,1,9,1200,'POINT',20000,0,'2025-12-14 21:53:03','2025-12-14 21:53:03'),(22,1,10,1600,'POINT',50000,0,'2025-12-14 21:53:03','2025-12-14 21:53:03'),(23,2,1,20,'TICKET_ROULETTE',1,1,'2025-12-15 00:00:03','2025-12-15 00:00:03'),(24,2,2,50,'TICKET_DICE',1,1,'2025-12-15 00:00:03','2025-12-15 00:00:03'),(25,2,3,100,'TICKET_ROULETTE',1,1,'2025-12-15 00:00:03','2025-12-15 00:00:03'),(26,2,4,180,'TICKET_LOTTERY',1,1,'2025-12-15 00:00:03','2025-12-15 00:00:03'),(27,2,5,300,'POINT',1000,1,'2025-12-15 00:00:03','2025-12-15 00:00:03'),(28,2,6,450,'TICKET_DICE',2,1,'2025-12-15 00:00:03','2025-12-15 00:00:03'),(29,2,7,650,'POINT',2000,1,'2025-12-15 00:00:03','2025-12-15 00:00:03'),(30,2,8,900,'COUPON',10000,0,'2025-12-15 00:00:03','2025-12-15 00:00:03'),(31,2,9,1200,'POINT',20000,0,'2025-12-15 00:00:03','2025-12-15 00:00:03'),(32,2,10,1600,'POINT',50000,0,'2025-12-15 00:00:03','2025-12-15 00:00:03');
/*!40000 ALTER TABLE `season_pass_level` ENABLE KEYS */;
UNLOCK TABLES;

--
-- Table structure for table `season_pass_progress`
--

DROP TABLE IF EXISTS `season_pass_progress`;
/*!40101 SET @saved_cs_client     = @@character_set_client */;
/*!50503 SET character_set_client = utf8mb4 */;
CREATE TABLE `season_pass_progress` (
  `id` int NOT NULL AUTO_INCREMENT,
  `user_id` int NOT NULL,
  `season_id` int NOT NULL,
  `current_level` int NOT NULL,
  `current_xp` int NOT NULL,
  `total_stamps` int NOT NULL,
  `last_stamp_date` date DEFAULT NULL,
  `created_at` datetime NOT NULL DEFAULT CURRENT_TIMESTAMP,
  `updated_at` datetime NOT NULL DEFAULT CURRENT_TIMESTAMP,
  PRIMARY KEY (`id`),
  UNIQUE KEY `uq_user_season_progress` (`user_id`,`season_id`),
  KEY `season_id` (`season_id`),
  KEY `ix_season_pass_progress_id` (`id`),
  CONSTRAINT `season_pass_progress_ibfk_1` FOREIGN KEY (`user_id`) REFERENCES `user` (`id`) ON DELETE CASCADE,
  CONSTRAINT `season_pass_progress_ibfk_2` FOREIGN KEY (`season_id`) REFERENCES `season_pass_config` (`id`) ON DELETE CASCADE
) ENGINE=InnoDB AUTO_INCREMENT=95 DEFAULT CHARSET=utf8mb4 COLLATE=utf8mb4_0900_ai_ci;
/*!40101 SET character_set_client = @saved_cs_client */;

--
-- Dumping data for table `season_pass_progress`
--

LOCK TABLES `season_pass_progress` WRITE;
/*!40000 ALTER TABLE `season_pass_progress` DISABLE KEYS */;
INSERT INTO `season_pass_progress` VALUES (1,6,1,6,450,1,'2025-12-14','2025-12-14 22:40:45','2025-12-14 22:56:09'),(2,35,2,1,0,0,NULL,'2025-12-15 09:47:44','2025-12-15 09:47:44'),(3,14,2,6,505,1,'2025-12-16','2025-12-15 10:26:22','2025-12-17 21:13:22'),(4,45,2,1,30,1,'2025-12-16','2025-12-15 13:05:42','2025-12-16 16:58:01'),(5,6,2,1,5,0,NULL,'2025-12-15 13:36:42','2025-12-16 00:25:07'),(6,15,2,5,345,1,'2025-12-16','2025-12-15 15:20:49','2025-12-17 16:57:00'),(7,16,2,5,430,1,'2025-12-16','2025-12-15 15:59:03','2025-12-17 16:56:16'),(9,50,2,1,25,0,NULL,'2025-12-15 16:17:36','2025-12-16 00:46:01'),(10,51,2,2,60,0,NULL,'2025-12-15 16:18:17','2025-12-17 11:29:39'),(11,52,2,2,60,0,NULL,'2025-12-15 16:18:50','2025-12-16 14:12:20'),(12,53,2,1,0,0,NULL,'2025-12-15 16:19:11','2025-12-15 16:19:11'),(13,54,2,1,0,0,NULL,'2025-12-15 16:19:31','2025-12-15 16:19:31'),(14,55,2,3,130,0,NULL,'2025-12-15 16:19:50','2025-12-17 12:49:19'),(15,18,2,3,165,1,'2025-12-16','2025-12-15 18:08:05','2025-12-17 23:12:06'),(16,48,2,4,250,1,'2025-12-16','2025-12-15 19:49:59','2025-12-17 12:27:24'),(17,56,2,1,0,0,NULL,'2025-12-15 22:37:08','2025-12-15 22:37:08'),(18,7,2,4,190,0,NULL,'2025-12-15 22:41:11','2025-12-17 18:24:35'),(19,8,2,1,5,0,NULL,'2025-12-15 23:03:51','2025-12-15 23:07:48'),(20,9,2,4,265,1,'2025-12-16','2025-12-15 23:48:29','2025-12-17 11:42:56'),(21,57,2,1,0,0,NULL,'2025-12-16 00:06:15','2025-12-16 00:06:15'),(22,58,2,7,795,1,'2025-12-16','2025-12-16 00:08:48','2025-12-17 13:56:04'),(23,59,2,1,0,0,NULL,'2025-12-16 00:09:01','2025-12-16 00:09:01'),(24,60,2,1,0,0,NULL,'2025-12-16 00:09:09','2025-12-16 00:09:09'),(25,61,2,1,0,0,NULL,'2025-12-16 00:09:16','2025-12-16 00:09:16'),(26,62,2,1,0,0,NULL,'2025-12-16 00:09:37','2025-12-16 00:09:37'),(27,63,2,4,220,1,'2025-12-16','2025-12-16 00:09:46','2025-12-17 18:26:25'),(28,64,2,2,80,1,'2025-12-16','2025-12-16 00:09:53','2025-12-16 12:05:48'),(29,43,2,3,175,0,NULL,'2025-12-16 00:23:49','2025-12-17 18:29:56'),(30,39,2,4,220,1,'2025-12-16','2025-12-16 00:42:21','2025-12-17 17:50:01'),(31,23,2,3,170,1,'2025-12-16','2025-12-16 00:42:31','2025-12-17 18:30:05'),(32,44,2,3,135,1,'2025-12-16','2025-12-16 00:43:32','2025-12-17 13:51:07'),(33,10,2,8,985,1,'2025-12-16','2025-12-16 00:44:45','2025-12-17 19:04:13'),(34,22,2,3,170,1,'2025-12-16','2025-12-16 07:13:08','2025-12-17 11:15:04'),(35,29,2,4,195,1,'2025-12-16','2025-12-16 10:36:41','2025-12-17 11:14:13'),(36,11,2,6,565,1,'2025-12-16','2025-12-16 11:21:47','2025-12-17 13:56:14'),(37,33,2,1,20,0,NULL,'2025-12-16 12:02:41','2025-12-16 12:02:43'),(38,65,2,1,0,0,NULL,'2025-12-16 13:31:06','2025-12-16 13:31:06'),(39,26,2,3,120,0,NULL,'2025-12-16 13:39:00','2025-12-17 12:15:16'),(40,25,2,2,75,0,NULL,'2025-12-16 13:40:50','2025-12-16 13:46:14'),(41,66,2,1,0,0,NULL,'2025-12-16 13:43:13','2025-12-16 13:43:13'),(42,67,2,2,60,0,NULL,'2025-12-16 13:49:31','2025-12-16 13:55:57'),(43,68,2,1,35,0,NULL,'2025-12-16 13:54:14','2025-12-17 22:36:54'),(44,69,2,2,75,0,NULL,'2025-12-16 13:58:01','2025-12-16 14:02:31'),(47,12,2,10,2045,1,'2025-12-16','2025-12-16 14:06:09','2025-12-17 23:13:11'),(48,70,2,2,75,0,NULL,'2025-12-16 14:11:14','2025-12-16 15:30:22'),(49,71,2,1,0,0,NULL,'2025-12-16 14:14:16','2025-12-16 14:14:16'),(50,72,2,1,0,0,NULL,'2025-12-16 14:26:37','2025-12-16 14:26:37'),(51,73,2,1,0,0,NULL,'2025-12-16 14:29:47','2025-12-16 14:29:47'),(52,74,2,1,5,0,NULL,'2025-12-16 14:34:23','2025-12-17 21:04:06'),(53,75,2,3,155,0,NULL,'2025-12-16 14:36:46','2025-12-16 17:29:21'),(54,76,2,1,0,0,NULL,'2025-12-16 14:39:16','2025-12-16 14:39:16'),(55,77,2,1,0,0,NULL,'2025-12-16 14:47:07','2025-12-16 14:47:07'),(58,80,2,1,0,0,NULL,'2025-12-16 15:26:49','2025-12-16 15:26:49'),(60,82,2,1,40,0,NULL,'2025-12-16 16:00:18','2025-12-16 16:02:00'),(61,30,2,2,70,0,NULL,'2025-12-16 16:06:08','2025-12-17 07:38:41'),(62,83,2,1,40,0,NULL,'2025-12-16 16:08:46','2025-12-17 15:32:02'),(63,84,2,2,85,0,NULL,'2025-12-16 16:12:11','2025-12-16 16:20:15'),(64,85,2,4,250,0,NULL,'2025-12-16 16:12:40','2025-12-17 11:14:55'),(65,86,2,1,0,0,NULL,'2025-12-16 16:34:07','2025-12-16 16:34:07'),(67,41,2,5,305,0,NULL,'2025-12-16 16:59:58','2025-12-17 17:13:32'),(68,88,2,1,0,0,NULL,'2025-12-16 17:07:18','2025-12-16 17:07:18'),(69,89,2,1,10,0,NULL,'2025-12-16 17:25:25','2025-12-16 17:33:09'),(70,90,2,1,10,0,NULL,'2025-12-16 17:29:54','2025-12-16 17:31:27'),(71,92,2,3,160,0,NULL,'2025-12-16 17:42:34','2025-12-16 23:24:37'),(72,40,2,5,365,1,'2025-12-16','2025-12-16 17:43:08','2025-12-17 16:56:04'),(74,95,2,2,65,0,NULL,'2025-12-16 19:22:12','2025-12-16 19:27:24'),(77,21,2,2,55,0,NULL,'2025-12-16 20:45:58','2025-12-17 10:33:19'),(86,104,2,1,0,0,NULL,'2025-12-17 00:09:57','2025-12-17 00:09:57'),(87,105,2,1,20,0,NULL,'2025-12-17 11:39:40','2025-12-17 12:47:37'),(88,106,2,1,0,0,NULL,'2025-12-17 11:39:53','2025-12-17 11:39:53'),(89,107,2,1,0,0,NULL,'2025-12-17 11:40:03','2025-12-17 11:40:03'),(90,108,2,1,0,0,NULL,'2025-12-17 11:40:14','2025-12-17 11:40:14'),(91,109,2,1,0,0,NULL,'2025-12-17 11:40:25','2025-12-17 11:40:25'),(92,110,2,1,0,0,NULL,'2025-12-17 11:40:33','2025-12-17 11:40:33'),(93,111,2,1,0,0,NULL,'2025-12-17 15:38:52','2025-12-17 15:38:52');
/*!40000 ALTER TABLE `season_pass_progress` ENABLE KEYS */;
UNLOCK TABLES;

--
-- Table structure for table `season_pass_reward_log`
--

DROP TABLE IF EXISTS `season_pass_reward_log`;
/*!40101 SET @saved_cs_client     = @@character_set_client */;
/*!50503 SET character_set_client = utf8mb4 */;
CREATE TABLE `season_pass_reward_log` (
  `id` int NOT NULL AUTO_INCREMENT,
  `user_id` int NOT NULL,
  `season_id` int NOT NULL,
  `progress_id` int DEFAULT NULL,
  `level` int NOT NULL,
  `reward_type` varchar(50) NOT NULL,
  `reward_amount` int NOT NULL,
  `claimed_at` datetime NOT NULL DEFAULT CURRENT_TIMESTAMP,
  `created_at` datetime NOT NULL DEFAULT CURRENT_TIMESTAMP,
  PRIMARY KEY (`id`),
  UNIQUE KEY `uq_reward_user_season_level` (`user_id`,`season_id`,`level`),
  KEY `season_id` (`season_id`),
  KEY `progress_id` (`progress_id`),
  KEY `ix_season_pass_reward_log_id` (`id`),
  CONSTRAINT `season_pass_reward_log_ibfk_1` FOREIGN KEY (`user_id`) REFERENCES `user` (`id`) ON DELETE CASCADE,
  CONSTRAINT `season_pass_reward_log_ibfk_2` FOREIGN KEY (`season_id`) REFERENCES `season_pass_config` (`id`) ON DELETE CASCADE,
  CONSTRAINT `season_pass_reward_log_ibfk_3` FOREIGN KEY (`progress_id`) REFERENCES `season_pass_progress` (`id`) ON DELETE CASCADE
) ENGINE=InnoDB AUTO_INCREMENT=147 DEFAULT CHARSET=utf8mb4 COLLATE=utf8mb4_0900_ai_ci;
/*!40101 SET character_set_client = @saved_cs_client */;

--
-- Dumping data for table `season_pass_reward_log`
--

LOCK TABLES `season_pass_reward_log` WRITE;
/*!40000 ALTER TABLE `season_pass_reward_log` DISABLE KEYS */;
INSERT INTO `season_pass_reward_log` VALUES (1,6,1,1,2,'TICKET_DICE',1,'2025-12-14 13:51:55','2025-12-14 22:51:55'),(2,6,1,1,3,'TICKET_ROULETTE',1,'2025-12-14 13:51:55','2025-12-14 22:51:55'),(3,6,1,1,4,'TICKET_LOTTERY',1,'2025-12-14 13:51:55','2025-12-14 22:51:55'),(4,6,1,1,5,'CC_COIN',1,'2025-12-14 13:55:21','2025-12-14 22:55:20'),(5,6,1,1,6,'TICKET_DICE',2,'2025-12-14 13:56:10','2025-12-14 22:56:09'),(6,7,2,18,1,'TICKET_ROULETTE',1,'2025-12-15 13:56:04','2025-12-15 22:56:04'),(7,9,2,20,1,'TICKET_ROULETTE',1,'2025-12-15 14:53:21','2025-12-15 23:53:20'),(8,9,2,20,2,'TICKET_DICE',1,'2025-12-15 15:00:05','2025-12-16 00:00:05'),(9,18,2,15,1,'TICKET_ROULETTE',1,'2025-12-15 15:41:55','2025-12-16 00:41:55'),(10,45,2,4,1,'TICKET_ROULETTE',1,'2025-12-15 15:42:09','2025-12-16 00:42:08'),(11,39,2,30,1,'TICKET_ROULETTE',1,'2025-12-15 15:42:22','2025-12-16 00:42:21'),(12,39,2,30,2,'TICKET_DICE',1,'2025-12-15 15:42:22','2025-12-16 00:42:21'),(13,23,2,31,1,'TICKET_ROULETTE',1,'2025-12-15 15:42:31','2025-12-16 00:42:31'),(14,44,2,32,1,'TICKET_ROULETTE',1,'2025-12-15 15:43:33','2025-12-16 00:43:32'),(15,44,2,32,2,'TICKET_DICE',1,'2025-12-15 15:43:33','2025-12-16 00:43:32'),(17,10,2,33,1,'TICKET_ROULETTE',1,'2025-12-15 15:44:46','2025-12-16 00:44:45'),(18,10,2,33,2,'TICKET_DICE',1,'2025-12-15 15:44:46','2025-12-16 00:44:45'),(19,10,2,33,3,'TICKET_ROULETTE',1,'2025-12-15 15:44:46','2025-12-16 00:44:45'),(20,50,2,9,1,'TICKET_ROULETTE',1,'2025-12-15 15:45:38','2025-12-16 00:45:37'),(21,58,2,22,1,'TICKET_ROULETTE',1,'2025-12-15 15:47:50','2025-12-16 00:47:50'),(22,58,2,22,2,'TICKET_DICE',1,'2025-12-15 15:47:50','2025-12-16 00:47:50'),(23,58,2,22,3,'TICKET_ROULETTE',1,'2025-12-15 15:47:50','2025-12-16 00:47:50'),(24,44,2,32,3,'TICKET_ROULETTE',1,'2025-12-15 16:33:44','2025-12-16 01:33:44'),(25,29,2,35,1,'TICKET_ROULETTE',1,'2025-12-16 01:36:41','2025-12-16 10:36:41'),(26,29,2,35,2,'TICKET_DICE',1,'2025-12-16 01:36:41','2025-12-16 10:36:41'),(27,48,2,16,1,'TICKET_ROULETTE',1,'2025-12-16 01:37:44','2025-12-16 10:37:44'),(28,22,2,34,1,'TICKET_ROULETTE',1,'2025-12-16 01:37:45','2025-12-16 10:37:44'),(29,48,2,16,2,'TICKET_DICE',1,'2025-12-16 01:37:45','2025-12-16 10:37:44'),(30,22,2,34,2,'TICKET_DICE',1,'2025-12-16 01:37:45','2025-12-16 10:37:44'),(32,64,2,28,1,'TICKET_ROULETTE',1,'2025-12-16 02:17:30','2025-12-16 11:17:29'),(33,63,2,27,1,'TICKET_ROULETTE',1,'2025-12-16 02:17:52','2025-12-16 11:17:52'),(34,63,2,27,2,'TICKET_DICE',1,'2025-12-16 02:17:52','2025-12-16 11:17:52'),(35,29,2,35,3,'TICKET_ROULETTE',1,'2025-12-16 02:18:38','2025-12-16 11:18:38'),(36,11,2,36,1,'TICKET_ROULETTE',1,'2025-12-16 02:21:48','2025-12-16 11:21:47'),(37,11,2,36,2,'TICKET_DICE',1,'2025-12-16 02:21:48','2025-12-16 11:21:47'),(38,9,2,20,3,'TICKET_ROULETTE',1,'2025-12-16 02:22:12','2025-12-16 11:22:11'),(39,11,2,36,3,'TICKET_ROULETTE',1,'2025-12-16 02:22:19','2025-12-16 11:22:19'),(41,48,2,16,3,'TICKET_ROULETTE',1,'2025-12-16 02:59:33','2025-12-16 11:59:32'),(42,33,2,37,1,'TICKET_ROULETTE',1,'2025-12-16 03:02:44','2025-12-16 12:02:43'),(43,64,2,28,2,'TICKET_DICE',1,'2025-12-16 03:05:49','2025-12-16 12:05:48'),(44,63,2,27,3,'TICKET_ROULETTE',1,'2025-12-16 03:05:59','2025-12-16 12:05:58'),(45,10,2,33,4,'TICKET_LOTTERY',1,'2025-12-16 03:06:17','2025-12-16 12:06:17'),(46,26,2,39,1,'TICKET_ROULETTE',1,'2025-12-16 04:40:17','2025-12-16 13:40:17'),(47,25,2,40,1,'TICKET_ROULETTE',1,'2025-12-16 04:41:14','2025-12-16 13:41:14'),(48,25,2,40,2,'TICKET_DICE',1,'2025-12-16 04:45:58','2025-12-16 13:45:58'),(49,67,2,42,1,'TICKET_ROULETTE',1,'2025-12-16 04:50:30','2025-12-16 13:50:30'),(50,67,2,42,2,'TICKET_DICE',1,'2025-12-16 04:55:49','2025-12-16 13:55:48'),(51,69,2,44,1,'TICKET_ROULETTE',1,'2025-12-16 04:58:39','2025-12-16 13:58:38'),(52,69,2,44,2,'TICKET_DICE',1,'2025-12-16 05:02:23','2025-12-16 14:02:22'),(53,14,2,3,1,'TICKET_ROULETTE',1,'2025-12-16 05:03:56','2025-12-16 14:03:55'),(54,11,2,36,4,'TICKET_LOTTERY',1,'2025-12-16 05:05:28','2025-12-16 14:05:28'),(55,9,2,20,4,'TICKET_LOTTERY',1,'2025-12-16 05:05:40','2025-12-16 14:05:40'),(56,12,2,47,1,'TICKET_ROULETTE',1,'2025-12-16 05:06:10','2025-12-16 14:06:09'),(57,12,2,47,2,'TICKET_DICE',1,'2025-12-16 05:06:10','2025-12-16 14:06:09'),(58,12,2,47,3,'TICKET_ROULETTE',1,'2025-12-16 05:06:10','2025-12-16 14:06:09'),(59,58,2,22,4,'TICKET_LOTTERY',1,'2025-12-16 05:11:36','2025-12-16 14:11:36'),(60,52,2,11,1,'TICKET_ROULETTE',1,'2025-12-16 05:12:21','2025-12-16 14:12:20'),(61,52,2,11,2,'TICKET_DICE',1,'2025-12-16 05:12:21','2025-12-16 14:12:20'),(62,10,2,33,5,'POINT',1000,'2025-12-16 05:30:14','2025-12-16 14:30:13'),(63,12,2,47,4,'TICKET_LOTTERY',1,'2025-12-16 05:30:24','2025-12-16 14:30:24'),(64,68,2,43,1,'TICKET_ROULETTE',1,'2025-12-16 05:34:31','2025-12-16 14:34:30'),(65,15,2,6,1,'TICKET_ROULETTE',1,'2025-12-16 06:09:44','2025-12-16 15:09:43'),(66,15,2,6,2,'TICKET_DICE',1,'2025-12-16 06:10:38','2025-12-16 15:10:38'),(67,12,2,47,5,'POINT',1000,'2025-12-16 06:14:30','2025-12-16 15:14:29'),(68,18,2,15,2,'TICKET_DICE',1,'2025-12-16 06:21:47','2025-12-16 15:21:46'),(69,70,2,48,1,'TICKET_ROULETTE',1,'2025-12-16 06:27:40','2025-12-16 15:27:39'),(70,70,2,48,2,'TICKET_DICE',1,'2025-12-16 06:29:38','2025-12-16 15:29:38'),(71,23,2,31,2,'TICKET_DICE',1,'2025-12-16 06:48:45','2025-12-16 15:48:45'),(72,23,2,31,3,'TICKET_ROULETTE',1,'2025-12-16 06:48:45','2025-12-16 15:48:45'),(73,82,2,60,1,'TICKET_ROULETTE',1,'2025-12-16 07:01:53','2025-12-16 16:01:53'),(74,30,2,61,1,'TICKET_ROULETTE',1,'2025-12-16 07:06:12','2025-12-16 16:06:11'),(75,30,2,61,2,'TICKET_DICE',1,'2025-12-16 07:07:10','2025-12-16 16:07:09'),(76,16,2,7,1,'TICKET_ROULETTE',1,'2025-12-16 07:07:29','2025-12-16 16:07:29'),(77,75,2,53,1,'TICKET_ROULETTE',1,'2025-12-16 07:09:11','2025-12-16 16:09:10'),(78,85,2,64,1,'TICKET_ROULETTE',1,'2025-12-16 07:14:01','2025-12-16 16:14:00'),(79,84,2,63,1,'TICKET_ROULETTE',1,'2025-12-16 07:18:42','2025-12-16 16:18:42'),(80,84,2,63,2,'TICKET_DICE',1,'2025-12-16 07:20:11','2025-12-16 16:20:10'),(81,16,2,7,2,'TICKET_DICE',1,'2025-12-16 07:21:45','2025-12-16 16:21:45'),(82,16,2,7,3,'TICKET_ROULETTE',1,'2025-12-16 07:21:46','2025-12-16 16:21:45'),(83,16,2,7,4,'TICKET_LOTTERY',1,'2025-12-16 07:21:46','2025-12-16 16:21:45'),(84,85,2,64,2,'TICKET_DICE',1,'2025-12-16 07:23:38','2025-12-16 16:23:38'),(85,83,2,62,1,'TICKET_ROULETTE',1,'2025-12-16 07:25:31','2025-12-16 16:25:31'),(86,12,2,47,6,'TICKET_DICE',2,'2025-12-16 07:48:43','2025-12-16 16:48:43'),(87,58,2,22,5,'POINT',1000,'2025-12-16 07:59:45','2025-12-16 16:59:44'),(88,43,2,29,1,'TICKET_ROULETTE',1,'2025-12-16 08:20:27','2025-12-16 17:20:27'),(89,12,2,47,7,'POINT',2000,'2025-12-16 08:20:36','2025-12-16 17:20:36'),(90,22,2,34,3,'TICKET_ROULETTE',1,'2025-12-16 08:20:53','2025-12-16 17:20:52'),(91,75,2,53,2,'TICKET_DICE',1,'2025-12-16 08:24:23','2025-12-16 17:24:23'),(92,75,2,53,3,'TICKET_ROULETTE',1,'2025-12-16 08:28:30','2025-12-16 17:28:29'),(93,15,2,6,4,'TICKET_LOTTERY',1,'2025-12-16 08:38:09','2025-12-16 17:38:09'),(94,15,2,6,5,'POINT',1000,'2025-12-16 08:42:53','2025-12-16 17:42:52'),(95,40,2,72,1,'TICKET_ROULETTE',1,'2025-12-16 08:48:40','2025-12-16 17:48:40'),(96,40,2,72,2,'TICKET_DICE',1,'2025-12-16 08:48:40','2025-12-16 17:48:40'),(97,40,2,72,3,'TICKET_ROULETTE',1,'2025-12-16 08:48:40','2025-12-16 17:48:40'),(98,40,2,72,4,'TICKET_LOTTERY',1,'2025-12-16 08:48:40','2025-12-16 17:48:40'),(99,39,2,30,3,'TICKET_ROULETTE',1,'2025-12-16 08:58:27','2025-12-16 17:58:26'),(100,41,2,67,1,'TICKET_ROULETTE',1,'2025-12-16 09:03:37','2025-12-16 18:03:37'),(101,41,2,67,2,'TICKET_DICE',1,'2025-12-16 09:03:37','2025-12-16 18:03:37'),(102,92,2,71,1,'TICKET_ROULETTE',1,'2025-12-16 09:08:35','2025-12-16 18:08:34'),(103,10,2,33,6,'TICKET_DICE',2,'2025-12-16 09:10:37','2025-12-16 18:10:37'),(104,11,2,36,5,'POINT',1000,'2025-12-16 09:11:31','2025-12-16 18:11:30'),(105,92,2,71,2,'TICKET_DICE',1,'2025-12-16 09:14:33','2025-12-16 18:14:33'),(106,92,2,71,3,'TICKET_ROULETTE',1,'2025-12-16 09:14:42','2025-12-16 18:14:42'),(107,43,2,29,2,'TICKET_DICE',1,'2025-12-16 09:27:27','2025-12-16 18:27:27'),(108,41,2,67,3,'TICKET_ROULETTE',1,'2025-12-16 09:49:24','2025-12-16 18:49:23'),(109,41,2,67,4,'TICKET_LOTTERY',1,'2025-12-16 09:50:41','2025-12-16 18:50:41'),(110,14,2,3,2,'TICKET_DICE',1,'2025-12-16 10:13:26','2025-12-16 19:13:25'),(111,95,2,74,1,'TICKET_ROULETTE',1,'2025-12-16 10:25:57','2025-12-16 19:25:57'),(112,95,2,74,2,'TICKET_DICE',1,'2025-12-16 10:26:56','2025-12-16 19:26:55'),(113,14,2,3,3,'TICKET_ROULETTE',1,'2025-12-16 11:33:50','2025-12-16 20:33:50'),(114,10,2,33,7,'POINT',2000,'2025-12-16 13:14:46','2025-12-16 22:14:45'),(115,58,2,22,6,'TICKET_DICE',2,'2025-12-16 13:14:50','2025-12-16 22:14:49'),(116,21,2,77,1,'TICKET_ROULETTE',1,'2025-12-16 13:15:43','2025-12-16 22:15:43'),(117,14,2,3,4,'TICKET_LOTTERY',1,'2025-12-16 13:17:17','2025-12-16 22:17:16'),(118,12,2,47,8,'COUPON',10000,'2025-12-16 13:22:06','2025-12-16 22:22:06'),(119,7,2,18,2,'TICKET_DICE',1,'2025-12-16 13:28:22','2025-12-16 22:28:22'),(120,7,2,18,3,'TICKET_ROULETTE',1,'2025-12-16 13:28:33','2025-12-16 22:28:32'),(121,85,2,64,3,'TICKET_ROULETTE',1,'2025-12-16 13:48:09','2025-12-16 22:48:08'),(122,85,2,64,4,'TICKET_LOTTERY',1,'2025-12-17 00:43:02','2025-12-17 09:43:02'),(123,21,2,77,2,'TICKET_DICE',1,'2025-12-17 01:33:12','2025-12-17 10:33:11'),(124,12,2,47,9,'POINT',20000,'2025-12-17 02:10:35','2025-12-17 11:10:34'),(125,43,2,29,3,'TICKET_ROULETTE',1,'2025-12-17 02:11:39','2025-12-17 11:11:38'),(126,18,2,15,3,'TICKET_ROULETTE',1,'2025-12-17 02:11:50','2025-12-17 11:11:50'),(127,58,2,22,7,'POINT',2000,'2025-12-17 02:12:04','2025-12-17 11:12:03'),(128,11,2,36,6,'TICKET_DICE',2,'2025-12-17 02:12:10','2025-12-17 11:12:10'),(129,14,2,3,5,'POINT',1000,'2025-12-17 02:12:32','2025-12-17 11:12:32'),(130,26,2,39,2,'TICKET_DICE',1,'2025-12-17 02:13:38','2025-12-17 11:13:38'),(131,29,2,35,4,'TICKET_LOTTERY',1,'2025-12-17 02:14:14','2025-12-17 11:14:13'),(132,48,2,16,4,'TICKET_LOTTERY',1,'2025-12-17 02:14:33','2025-12-17 11:14:32'),(133,51,2,10,1,'TICKET_ROULETTE',1,'2025-12-17 02:28:58','2025-12-17 11:28:58'),(134,51,2,10,2,'TICKET_DICE',1,'2025-12-17 02:29:32','2025-12-17 11:29:32'),(135,63,2,27,4,'TICKET_LOTTERY',1,'2025-12-17 02:42:48','2025-12-17 11:42:47'),(136,16,2,7,5,'POINT',1000,'2025-12-17 03:04:18','2025-12-17 12:04:18'),(137,26,2,39,3,'TICKET_ROULETTE',1,'2025-12-17 03:14:50','2025-12-17 12:14:49'),(138,55,2,14,1,'TICKET_ROULETTE',1,'2025-12-17 03:47:18','2025-12-17 12:47:17'),(139,55,2,14,2,'TICKET_DICE',1,'2025-12-17 03:47:18','2025-12-17 12:47:17'),(140,105,2,87,1,'TICKET_ROULETTE',1,'2025-12-17 03:47:38','2025-12-17 12:47:37'),(141,55,2,14,3,'TICKET_ROULETTE',1,'2025-12-17 03:49:15','2025-12-17 12:49:14'),(142,39,2,30,4,'TICKET_LOTTERY',1,'2025-12-17 07:29:45','2025-12-17 16:29:44'),(143,40,2,72,5,'POINT',1000,'2025-12-17 07:56:05','2025-12-17 16:56:04'),(144,41,2,67,5,'POINT',1000,'2025-12-17 08:13:30','2025-12-17 17:13:29'),(145,7,2,18,4,'TICKET_LOTTERY',1,'2025-12-17 09:24:35','2025-12-17 18:24:35'),(146,14,2,3,6,'TICKET_DICE',2,'2025-12-17 10:03:43','2025-12-17 19:03:43');
/*!40000 ALTER TABLE `season_pass_reward_log` ENABLE KEYS */;
UNLOCK TABLES;

--
-- Table structure for table `season_pass_stamp_log`
--

DROP TABLE IF EXISTS `season_pass_stamp_log`;
/*!40101 SET @saved_cs_client     = @@character_set_client */;
/*!50503 SET character_set_client = utf8mb4 */;
CREATE TABLE `season_pass_stamp_log` (
  `id` int NOT NULL AUTO_INCREMENT,
  `user_id` int NOT NULL,
  `season_id` int NOT NULL,
  `progress_id` int DEFAULT NULL,
  `date` date NOT NULL,
  `period_key` varchar(32) NOT NULL,
  `stamp_count` int NOT NULL,
  `source_feature_type` varchar(30) NOT NULL,
  `xp_earned` int NOT NULL,
  `reward_type` varchar(50) NOT NULL,
  `reward_amount` int NOT NULL,
  `created_at` datetime NOT NULL DEFAULT CURRENT_TIMESTAMP,
  PRIMARY KEY (`id`),
  UNIQUE KEY `uq_stamp_user_season_period` (`user_id`,`season_id`,`source_feature_type`,`period_key`),
  KEY `season_id` (`season_id`),
  KEY `progress_id` (`progress_id`),
  KEY `ix_season_pass_stamp_log_id` (`id`),
  CONSTRAINT `season_pass_stamp_log_ibfk_1` FOREIGN KEY (`user_id`) REFERENCES `user` (`id`) ON DELETE CASCADE,
  CONSTRAINT `season_pass_stamp_log_ibfk_2` FOREIGN KEY (`season_id`) REFERENCES `season_pass_config` (`id`) ON DELETE CASCADE,
  CONSTRAINT `season_pass_stamp_log_ibfk_3` FOREIGN KEY (`progress_id`) REFERENCES `season_pass_progress` (`id`) ON DELETE CASCADE
) ENGINE=InnoDB AUTO_INCREMENT=22 DEFAULT CHARSET=utf8mb4 COLLATE=utf8mb4_0900_ai_ci;
/*!40101 SET character_set_client = @saved_cs_client */;

--
-- Dumping data for table `season_pass_stamp_log`
--

LOCK TABLES `season_pass_stamp_log` WRITE;
/*!40000 ALTER TABLE `season_pass_stamp_log` DISABLE KEYS */;
INSERT INTO `season_pass_stamp_log` VALUES (1,6,1,1,'2025-12-14','TOP10_W2025-50',1,'EXTERNAL_RANKING_TOP10',20,'XP',20,'2025-12-14 22:51:55'),(2,18,2,15,'2025-12-16','TOP10_W2025-51',1,'EXTERNAL_RANKING_TOP10',20,'XP',20,'2025-12-16 00:41:55'),(3,45,2,4,'2025-12-16','TOP10_W2025-51',1,'EXTERNAL_RANKING_TOP10',20,'XP',20,'2025-12-16 00:42:08'),(4,39,2,30,'2025-12-16','TOP10_W2025-51',1,'EXTERNAL_RANKING_TOP10',20,'XP',20,'2025-12-16 00:42:21'),(5,23,2,31,'2025-12-16','TOP10_W2025-51',1,'EXTERNAL_RANKING_TOP10',20,'XP',20,'2025-12-16 00:42:31'),(6,44,2,32,'2025-12-16','TOP10_W2025-51',1,'EXTERNAL_RANKING_TOP10',20,'XP',20,'2025-12-16 00:43:32'),(8,10,2,33,'2025-12-16','TOP10_W2025-51',1,'EXTERNAL_RANKING_TOP10',20,'XP',20,'2025-12-16 00:44:45'),(9,58,2,22,'2025-12-16','TOP10_W2025-51',1,'EXTERNAL_RANKING_TOP10',20,'XP',20,'2025-12-16 00:47:50'),(10,29,2,35,'2025-12-16','TOP10_W2025-51',1,'EXTERNAL_RANKING_TOP10',20,'XP',20,'2025-12-16 10:36:41'),(11,48,2,16,'2025-12-16','TOP10_W2025-51',1,'EXTERNAL_RANKING_TOP10',20,'XP',20,'2025-12-16 10:37:44'),(12,22,2,34,'2025-12-16','TOP10_W2025-51',1,'EXTERNAL_RANKING_TOP10',20,'XP',20,'2025-12-16 10:37:44'),(13,64,2,28,'2025-12-16','TOP10_W2025-51',1,'EXTERNAL_RANKING_TOP10',20,'XP',20,'2025-12-16 11:17:29'),(14,63,2,27,'2025-12-16','TOP10_W2025-51',1,'EXTERNAL_RANKING_TOP10',20,'XP',20,'2025-12-16 11:17:52'),(15,11,2,36,'2025-12-16','TOP10_W2025-51',1,'EXTERNAL_RANKING_TOP10',20,'XP',20,'2025-12-16 11:21:47'),(16,9,2,20,'2025-12-16','TOP10_W2025-51',1,'EXTERNAL_RANKING_TOP10',20,'XP',20,'2025-12-16 11:22:11'),(17,12,2,47,'2025-12-16','TOP10_W2025-51',1,'EXTERNAL_RANKING_TOP10',20,'XP',20,'2025-12-16 14:06:09'),(18,16,2,7,'2025-12-16','TOP10_W2025-51',1,'EXTERNAL_RANKING_TOP10',20,'XP',20,'2025-12-16 16:21:45'),(19,15,2,6,'2025-12-16','TOP10_W2025-51',1,'EXTERNAL_RANKING_TOP10',20,'XP',20,'2025-12-16 17:38:09'),(20,40,2,72,'2025-12-16','TOP10_W2025-51',1,'EXTERNAL_RANKING_TOP10',20,'XP',20,'2025-12-16 17:48:40'),(21,14,2,3,'2025-12-16','TOP10_W2025-51',1,'EXTERNAL_RANKING_TOP10',20,'XP',20,'2025-12-16 22:17:16');
/*!40000 ALTER TABLE `season_pass_stamp_log` ENABLE KEYS */;
UNLOCK TABLES;

--
-- Table structure for table `segment_rule`
--

DROP TABLE IF EXISTS `segment_rule`;
/*!40101 SET @saved_cs_client     = @@character_set_client */;
/*!50503 SET character_set_client = utf8mb4 */;
CREATE TABLE `segment_rule` (
  `id` int NOT NULL AUTO_INCREMENT,
  `name` varchar(80) COLLATE utf8mb4_unicode_ci NOT NULL,
  `segment` varchar(50) COLLATE utf8mb4_unicode_ci NOT NULL,
  `priority` int NOT NULL DEFAULT '100',
  `enabled` tinyint(1) NOT NULL DEFAULT '1',
  `condition_json` json NOT NULL,
  `created_at` datetime NOT NULL DEFAULT CURRENT_TIMESTAMP,
  `updated_at` datetime NOT NULL DEFAULT CURRENT_TIMESTAMP,
  PRIMARY KEY (`id`),
  UNIQUE KEY `uq_segment_rule_name` (`name`)
) ENGINE=InnoDB AUTO_INCREMENT=8 DEFAULT CHARSET=utf8mb4 COLLATE=utf8mb4_unicode_ci;
/*!40101 SET character_set_client = @saved_cs_client */;

--
-- Dumping data for table `segment_rule`
--

LOCK TABLES `segment_rule` WRITE;
/*!40000 ALTER TABLE `segment_rule` DISABLE KEYS */;
INSERT INTO `segment_rule` VALUES (1,'VIP_RULE','VIP',10,1,'{\"op\": \">=\", \"field\": \"deposit_amount\", \"value\": 1000000}','2025-12-16 15:45:19','2025-12-16 15:45:45'),(2,'DORMANT_LONG_RULE','DORMANT_LONG',100,1,'{\"op\": \">=\", \"field\": \"days_since_last_active\", \"value\": 14}','2025-12-16 15:45:45','2025-12-16 15:45:45'),(3,'DORMANT_SHORT_RULE','DORMANT_SHORT',110,1,'{\"op\": \">=\", \"field\": \"days_since_last_active\", \"value\": 7}','2025-12-16 15:45:45','2025-12-16 15:45:45'),(4,'NEW_RULE','NEW',1000,1,'{\"op\": \"is_null\", \"field\": \"last_active_at\"}','2025-12-16 15:45:45','2025-12-16 15:45:45'),(5,'ACTIVE_RECENT_RULE','ACTIVE_RECENT',200,1,'{\"op\": \"<=\", \"field\": \"days_since_last_active\", \"value\": 1}','2025-12-16 15:45:45','2025-12-16 15:45:45');
/*!40000 ALTER TABLE `segment_rule` ENABLE KEYS */;
UNLOCK TABLES;

--
-- Table structure for table `survey`
--

DROP TABLE IF EXISTS `survey`;
/*!40101 SET @saved_cs_client     = @@character_set_client */;
/*!50503 SET character_set_client = utf8mb4 */;
CREATE TABLE `survey` (
  `id` int NOT NULL AUTO_INCREMENT,
  `title` varchar(150) COLLATE utf8mb4_unicode_ci NOT NULL,
  `description` text COLLATE utf8mb4_unicode_ci,
  `status` enum('DRAFT','ACTIVE','PAUSED','ARCHIVED') COLLATE utf8mb4_unicode_ci NOT NULL DEFAULT 'DRAFT',
  `channel` enum('GLOBAL','SEASON_PASS','ROULETTE','DICE','LOTTERY','TEAM_BATTLE') COLLATE utf8mb4_unicode_ci NOT NULL DEFAULT 'GLOBAL',
  `target_segment_json` json DEFAULT NULL,
  `reward_json` json DEFAULT NULL,
  `auto_launch` tinyint(1) NOT NULL DEFAULT '0',
  `start_at` datetime DEFAULT NULL,
  `end_at` datetime DEFAULT NULL,
  `created_by` int DEFAULT NULL,
  `created_at` datetime NOT NULL DEFAULT CURRENT_TIMESTAMP,
  `updated_at` datetime NOT NULL DEFAULT CURRENT_TIMESTAMP,
  PRIMARY KEY (`id`),
  KEY `created_by` (`created_by`),
  CONSTRAINT `survey_ibfk_1` FOREIGN KEY (`created_by`) REFERENCES `user` (`id`) ON DELETE SET NULL
) ENGINE=InnoDB AUTO_INCREMENT=2 DEFAULT CHARSET=utf8mb4 COLLATE=utf8mb4_unicode_ci;
/*!40101 SET character_set_client = @saved_cs_client */;

--
-- Dumping data for table `survey`
--

LOCK TABLES `survey` WRITE;
/*!40000 ALTER TABLE `survey` DISABLE KEYS */;
INSERT INTO `survey` VALUES (1,'2차 시즌 이벤트 간단 설문','답변해주시면 참여 가이드/맞춤 혜택 안내에 반영됩니다.','ARCHIVED','GLOBAL','{}','{\"amount\": 1, \"reward_type\": \"TICKET_DICE\", \"toast_message\": \"주사위 티켓 지급\"}',0,NULL,NULL,NULL,'2025-12-15 13:35:38','2025-12-17 09:05:36');
/*!40000 ALTER TABLE `survey` ENABLE KEYS */;
UNLOCK TABLES;

--
-- Table structure for table `survey_option`
--

DROP TABLE IF EXISTS `survey_option`;
/*!40101 SET @saved_cs_client     = @@character_set_client */;
/*!50503 SET character_set_client = utf8mb4 */;
CREATE TABLE `survey_option` (
  `id` int NOT NULL AUTO_INCREMENT,
  `question_id` int NOT NULL,
  `value` varchar(100) COLLATE utf8mb4_unicode_ci NOT NULL,
  `label` varchar(150) COLLATE utf8mb4_unicode_ci NOT NULL,
  `order_index` int NOT NULL,
  `weight` int NOT NULL DEFAULT '1',
  `created_at` datetime NOT NULL DEFAULT CURRENT_TIMESTAMP,
  `updated_at` datetime NOT NULL DEFAULT CURRENT_TIMESTAMP,
  PRIMARY KEY (`id`),
  KEY `question_id` (`question_id`),
  CONSTRAINT `survey_option_ibfk_1` FOREIGN KEY (`question_id`) REFERENCES `survey_question` (`id`) ON DELETE CASCADE
) ENGINE=InnoDB AUTO_INCREMENT=27 DEFAULT CHARSET=utf8mb4 COLLATE=utf8mb4_unicode_ci;
/*!40101 SET character_set_client = @saved_cs_client */;

--
-- Dumping data for table `survey_option`
--

LOCK TABLES `survey_option` WRITE;
/*!40000 ALTER TABLE `survey_option` DISABLE KEYS */;
INSERT INTO `survey_option` VALUES (23,8,'1','팀배틀(팀 점수 누적)',0,1,'2025-12-17 09:05:36','2025-12-17 09:05:36'),(24,8,'2','시즌패스(레벨 보상)',1,1,'2025-12-17 09:05:36','2025-12-17 09:05:36'),(25,8,'3','룰렛/주사위/복권(티켓형)',2,1,'2025-12-17 09:05:36','2025-12-17 09:05:36'),(26,8,'4','자동업데이트',3,1,'2025-12-17 09:05:36','2025-12-17 09:05:36');
/*!40000 ALTER TABLE `survey_option` ENABLE KEYS */;
UNLOCK TABLES;

--
-- Table structure for table `survey_question`
--

DROP TABLE IF EXISTS `survey_question`;
/*!40101 SET @saved_cs_client     = @@character_set_client */;
/*!50503 SET character_set_client = utf8mb4 */;
CREATE TABLE `survey_question` (
  `id` int NOT NULL AUTO_INCREMENT,
  `survey_id` int NOT NULL,
  `order_index` int NOT NULL,
  `randomize_group` varchar(50) COLLATE utf8mb4_unicode_ci DEFAULT NULL,
  `question_type` enum('SINGLE_CHOICE','MULTI_CHOICE','LIKERT','TEXT','NUMBER') COLLATE utf8mb4_unicode_ci NOT NULL,
  `title` varchar(255) COLLATE utf8mb4_unicode_ci NOT NULL,
  `helper_text` varchar(255) COLLATE utf8mb4_unicode_ci DEFAULT NULL,
  `is_required` tinyint(1) NOT NULL DEFAULT '1',
  `config_json` json DEFAULT NULL,
  `created_at` datetime NOT NULL DEFAULT CURRENT_TIMESTAMP,
  `updated_at` datetime NOT NULL DEFAULT CURRENT_TIMESTAMP,
  PRIMARY KEY (`id`),
  UNIQUE KEY `uq_survey_question_order` (`survey_id`,`order_index`),
  CONSTRAINT `survey_question_ibfk_1` FOREIGN KEY (`survey_id`) REFERENCES `survey` (`id`) ON DELETE CASCADE
) ENGINE=InnoDB AUTO_INCREMENT=9 DEFAULT CHARSET=utf8mb4 COLLATE=utf8mb4_unicode_ci;
/*!40101 SET character_set_client = @saved_cs_client */;

--
-- Dumping data for table `survey_question`
--

LOCK TABLES `survey_question` WRITE;
/*!40000 ALTER TABLE `survey_question` DISABLE KEYS */;
INSERT INTO `survey_question` VALUES (8,1,2,NULL,'MULTI_CHOICE','이번에 관심 가는 건 뭐예요? (복수선택)','',1,'null','2025-12-17 09:05:36','2025-12-17 09:05:36');
/*!40000 ALTER TABLE `survey_question` ENABLE KEYS */;
UNLOCK TABLES;

--
-- Table structure for table `survey_response`
--

DROP TABLE IF EXISTS `survey_response`;
/*!40101 SET @saved_cs_client     = @@character_set_client */;
/*!50503 SET character_set_client = utf8mb4 */;
CREATE TABLE `survey_response` (
  `id` int NOT NULL AUTO_INCREMENT,
  `survey_id` int NOT NULL,
  `user_id` int NOT NULL,
  `trigger_rule_id` int DEFAULT NULL,
  `status` enum('PENDING','IN_PROGRESS','COMPLETED','DROPPED','EXPIRED') COLLATE utf8mb4_unicode_ci NOT NULL DEFAULT 'PENDING',
  `started_at` datetime DEFAULT NULL,
  `completed_at` datetime DEFAULT NULL,
  `dropped_at` datetime DEFAULT NULL,
  `reward_status` enum('NONE','SCHEDULED','GRANTED','FAILED') COLLATE utf8mb4_unicode_ci NOT NULL DEFAULT 'NONE',
  `reward_payload` json DEFAULT NULL,
  `last_question_id` int DEFAULT NULL,
  `last_activity_at` datetime NOT NULL DEFAULT CURRENT_TIMESTAMP,
  `created_at` datetime NOT NULL DEFAULT CURRENT_TIMESTAMP,
  `updated_at` datetime NOT NULL DEFAULT CURRENT_TIMESTAMP,
  PRIMARY KEY (`id`),
  KEY `trigger_rule_id` (`trigger_rule_id`),
  KEY `last_question_id` (`last_question_id`),
  KEY `idx_survey_response_user` (`user_id`,`status`),
  KEY `idx_survey_response_survey` (`survey_id`,`status`),
  CONSTRAINT `survey_response_ibfk_1` FOREIGN KEY (`survey_id`) REFERENCES `survey` (`id`) ON DELETE CASCADE,
  CONSTRAINT `survey_response_ibfk_2` FOREIGN KEY (`user_id`) REFERENCES `user` (`id`) ON DELETE CASCADE,
  CONSTRAINT `survey_response_ibfk_3` FOREIGN KEY (`trigger_rule_id`) REFERENCES `survey_trigger_rule` (`id`) ON DELETE SET NULL,
  CONSTRAINT `survey_response_ibfk_4` FOREIGN KEY (`last_question_id`) REFERENCES `survey_question` (`id`) ON DELETE SET NULL
) ENGINE=InnoDB AUTO_INCREMENT=33 DEFAULT CHARSET=utf8mb4 COLLATE=utf8mb4_unicode_ci;
/*!40101 SET character_set_client = @saved_cs_client */;

--
-- Dumping data for table `survey_response`
--

LOCK TABLES `survey_response` WRITE;
/*!40000 ALTER TABLE `survey_response` DISABLE KEYS */;
INSERT INTO `survey_response` VALUES (1,1,6,NULL,'COMPLETED','2025-12-15 15:23:59','2025-12-15 15:23:59',NULL,'GRANTED','{\"amount\": 1, \"reward_type\": \"TICKET_DICE\", \"toast_message\": \"주사위 티켓 지급\"}',NULL,'2025-12-15 15:23:59','2025-12-15 13:36:34','2025-12-15 15:23:59'),(2,1,8,NULL,'COMPLETED','2025-12-15 14:04:39','2025-12-15 14:04:40',NULL,'GRANTED','{\"amount\": 1, \"reward_type\": \"TICKET_DICE\", \"toast_message\": \"주사위 티켓 지급\"}',NULL,'2025-12-15 14:04:40','2025-12-15 14:04:31','2025-12-15 14:04:40'),(3,1,9,NULL,'COMPLETED','2025-12-15 14:53:34','2025-12-15 14:53:34',NULL,'GRANTED','{\"amount\": 1, \"reward_type\": \"TICKET_DICE\", \"toast_message\": \"주사위 티켓 지급\"}',NULL,'2025-12-15 14:53:34','2025-12-15 14:48:55','2025-12-15 14:53:34'),(4,1,43,NULL,'COMPLETED','2025-12-15 15:24:26','2025-12-15 15:24:27',NULL,'GRANTED','{\"amount\": 1, \"reward_type\": \"TICKET_DICE\", \"toast_message\": \"주사위 티켓 지급\"}',NULL,'2025-12-15 15:24:27','2025-12-15 15:24:10','2025-12-15 15:24:27'),(5,1,50,NULL,'COMPLETED','2025-12-15 15:45:30','2025-12-15 15:45:30',NULL,'GRANTED','{\"amount\": 1, \"reward_type\": \"TICKET_DICE\", \"toast_message\": \"주사위 티켓 지급\"}',NULL,'2025-12-15 15:45:30','2025-12-15 15:45:28','2025-12-15 15:45:30'),(6,1,14,NULL,'COMPLETED','2025-12-15 16:03:58','2025-12-15 16:03:59',NULL,'GRANTED','{\"amount\": 1, \"reward_type\": \"TICKET_DICE\", \"toast_message\": \"주사위 티켓 지급\"}',NULL,'2025-12-15 16:03:59','2025-12-15 16:03:47','2025-12-15 16:03:59'),(7,1,44,NULL,'COMPLETED','2025-12-15 16:33:18','2025-12-15 16:33:18',NULL,'GRANTED','{\"amount\": 1, \"reward_type\": \"TICKET_DICE\", \"toast_message\": \"주사위 티켓 지급\"}',NULL,'2025-12-15 16:33:18','2025-12-15 16:33:09','2025-12-15 16:33:18'),(8,1,10,NULL,'COMPLETED','2025-12-16 02:28:48','2025-12-16 02:28:48',NULL,'GRANTED','{\"amount\": 1, \"reward_type\": \"TICKET_DICE\", \"toast_message\": \"주사위 티켓 지급\"}',NULL,'2025-12-16 02:28:48','2025-12-16 02:28:46','2025-12-16 02:28:48'),(10,1,11,NULL,'COMPLETED','2025-12-16 02:55:10','2025-12-16 02:55:10',NULL,'GRANTED','{\"amount\": 1, \"reward_type\": \"TICKET_DICE\", \"toast_message\": \"주사위 티켓 지급\"}',NULL,'2025-12-16 02:55:10','2025-12-16 02:55:08','2025-12-16 02:55:10'),(11,1,48,NULL,'PENDING',NULL,NULL,NULL,'NONE',NULL,NULL,'2025-12-16 03:36:24','2025-12-16 03:36:24','2025-12-16 03:36:24'),(12,1,29,NULL,'PENDING',NULL,NULL,NULL,'NONE',NULL,NULL,'2025-12-16 03:41:28','2025-12-16 03:41:28','2025-12-16 03:41:28'),(13,1,25,NULL,'COMPLETED','2025-12-16 04:45:40','2025-12-16 04:45:40',NULL,'GRANTED','{\"amount\": 1, \"reward_type\": \"TICKET_DICE\", \"toast_message\": \"주사위 티켓 지급\"}',NULL,'2025-12-16 04:45:40','2025-12-16 04:45:33','2025-12-16 04:45:40'),(14,1,67,NULL,'PENDING',NULL,NULL,NULL,'NONE',NULL,NULL,'2025-12-16 04:55:41','2025-12-16 04:55:41','2025-12-16 04:55:41'),(15,1,15,NULL,'COMPLETED','2025-12-16 05:06:04','2025-12-16 05:06:04',NULL,'GRANTED','{\"amount\": 1, \"reward_type\": \"TICKET_DICE\", \"toast_message\": \"주사위 티켓 지급\"}',NULL,'2025-12-16 05:06:04','2025-12-16 05:05:56','2025-12-16 05:06:04'),(16,1,16,NULL,'COMPLETED','2025-12-16 05:28:59','2025-12-16 05:28:59',NULL,'GRANTED','{\"amount\": 1, \"reward_type\": \"TICKET_DICE\", \"toast_message\": \"주사위 티켓 지급\"}',NULL,'2025-12-16 05:28:59','2025-12-16 05:28:51','2025-12-16 05:28:59'),(17,1,70,NULL,'COMPLETED','2025-12-16 06:27:15','2025-12-16 06:27:15',NULL,'GRANTED','{\"amount\": 1, \"reward_type\": \"TICKET_DICE\", \"toast_message\": \"주사위 티켓 지급\"}',NULL,'2025-12-16 06:27:15','2025-12-16 06:27:05','2025-12-16 06:27:15'),(18,1,82,NULL,'COMPLETED','2025-12-16 07:03:07','2025-12-16 07:03:07',NULL,'GRANTED','{\"amount\": 1, \"reward_type\": \"TICKET_DICE\", \"toast_message\": \"주사위 티켓 지급\"}',NULL,'2025-12-16 07:03:07','2025-12-16 07:02:52','2025-12-16 07:03:07'),(19,1,75,NULL,'PENDING',NULL,NULL,NULL,'NONE',NULL,NULL,'2025-12-16 07:08:49','2025-12-16 07:08:49','2025-12-16 07:08:49'),(20,1,84,NULL,'COMPLETED','2025-12-16 07:19:40','2025-12-16 07:19:41',NULL,'GRANTED','{\"amount\": 1, \"reward_type\": \"TICKET_DICE\", \"toast_message\": \"주사위 티켓 지급\"}',NULL,'2025-12-16 07:19:41','2025-12-16 07:19:32','2025-12-16 07:19:41'),(21,1,85,NULL,'COMPLETED','2025-12-16 07:20:45','2025-12-16 07:20:46',NULL,'GRANTED','{\"amount\": 1, \"reward_type\": \"TICKET_DICE\", \"toast_message\": \"주사위 티켓 지급\"}',NULL,'2025-12-16 07:20:46','2025-12-16 07:20:38','2025-12-16 07:20:46'),(22,1,83,NULL,'COMPLETED','2025-12-16 07:27:14','2025-12-16 07:27:14',NULL,'GRANTED','{\"amount\": 1, \"reward_type\": \"TICKET_DICE\", \"toast_message\": \"주사위 티켓 지급\"}',NULL,'2025-12-16 07:27:14','2025-12-16 07:27:05','2025-12-16 07:27:14'),(23,1,45,NULL,'COMPLETED','2025-12-16 07:57:41','2025-12-16 07:57:42',NULL,'GRANTED','{\"amount\": 1, \"reward_type\": \"TICKET_DICE\", \"toast_message\": \"주사위 티켓 지급\"}',NULL,'2025-12-16 07:57:42','2025-12-16 07:57:34','2025-12-16 07:57:42'),(24,1,39,NULL,'COMPLETED','2025-12-16 08:02:06','2025-12-16 08:02:06',NULL,'GRANTED','{\"amount\": 1, \"reward_type\": \"TICKET_DICE\", \"toast_message\": \"주사위 티켓 지급\"}',NULL,'2025-12-16 08:02:06','2025-12-16 08:01:52','2025-12-16 08:02:06'),(25,1,40,NULL,'COMPLETED','2025-12-16 08:43:37','2025-12-16 08:43:38',NULL,'GRANTED','{\"amount\": 1, \"reward_type\": \"TICKET_DICE\", \"toast_message\": \"주사위 티켓 지급\"}',NULL,'2025-12-16 08:43:38','2025-12-16 08:43:32','2025-12-16 08:43:38'),(26,1,41,NULL,'COMPLETED','2025-12-16 09:51:11','2025-12-16 09:51:11',NULL,'GRANTED','{\"amount\": 1, \"reward_type\": \"TICKET_DICE\", \"toast_message\": \"주사위 티켓 지급\"}',NULL,'2025-12-16 09:51:11','2025-12-16 09:51:07','2025-12-16 09:51:11'),(27,1,95,NULL,'COMPLETED','2025-12-16 10:26:17','2025-12-16 10:26:18',NULL,'GRANTED','{\"amount\": 1, \"reward_type\": \"TICKET_DICE\", \"toast_message\": \"주사위 티켓 지급\"}',NULL,'2025-12-16 10:26:18','2025-12-16 10:24:26','2025-12-16 10:26:18'),(28,1,21,NULL,'COMPLETED','2025-12-16 11:47:15','2025-12-16 11:47:15',NULL,'GRANTED','{\"amount\": 1, \"reward_type\": \"TICKET_DICE\", \"toast_message\": \"주사위 티켓 지급\"}',NULL,'2025-12-16 11:47:15','2025-12-16 11:47:06','2025-12-16 11:47:15'),(29,1,92,NULL,'COMPLETED','2025-12-16 14:24:12','2025-12-16 14:24:13',NULL,'GRANTED','{\"amount\": 1, \"reward_type\": \"TICKET_DICE\", \"toast_message\": \"주사위 티켓 지급\"}',NULL,'2025-12-16 14:24:13','2025-12-16 14:24:03','2025-12-16 14:24:13'),(30,1,26,NULL,'COMPLETED','2025-12-16 17:59:30','2025-12-16 17:59:30',NULL,'GRANTED','{\"amount\": 1, \"reward_type\": \"TICKET_DICE\", \"toast_message\": \"주사위 티켓 지급\"}',NULL,'2025-12-16 17:59:30','2025-12-16 17:59:21','2025-12-16 17:59:30'),(31,1,51,NULL,'COMPLETED','2025-12-17 02:26:47','2025-12-17 02:26:47',NULL,'GRANTED','{\"amount\": 1, \"reward_type\": \"TICKET_DICE\", \"toast_message\": \"주사위 티켓 지급\"}',NULL,'2025-12-17 02:26:47','2025-12-17 02:26:45','2025-12-17 02:26:47'),(32,1,55,NULL,'COMPLETED','2025-12-17 03:47:56','2025-12-17 03:47:56',NULL,'GRANTED','{\"amount\": 1, \"reward_type\": \"TICKET_DICE\", \"toast_message\": \"주사위 티켓 지급\"}',NULL,'2025-12-17 03:47:56','2025-12-17 03:47:54','2025-12-17 03:47:56');
/*!40000 ALTER TABLE `survey_response` ENABLE KEYS */;
UNLOCK TABLES;

--
-- Table structure for table `survey_response_answer`
--

DROP TABLE IF EXISTS `survey_response_answer`;
/*!40101 SET @saved_cs_client     = @@character_set_client */;
/*!50503 SET character_set_client = utf8mb4 */;
CREATE TABLE `survey_response_answer` (
  `id` int NOT NULL AUTO_INCREMENT,
  `response_id` int NOT NULL,
  `question_id` int NOT NULL,
  `option_id` int DEFAULT NULL,
  `answer_text` text COLLATE utf8mb4_unicode_ci,
  `answer_number` int DEFAULT NULL,
  `meta_json` json DEFAULT NULL,
  `answered_at` datetime NOT NULL DEFAULT CURRENT_TIMESTAMP,
  PRIMARY KEY (`id`),
  UNIQUE KEY `uq_response_question` (`response_id`,`question_id`),
  KEY `question_id` (`question_id`),
  KEY `option_id` (`option_id`),
  CONSTRAINT `survey_response_answer_ibfk_1` FOREIGN KEY (`response_id`) REFERENCES `survey_response` (`id`) ON DELETE CASCADE,
  CONSTRAINT `survey_response_answer_ibfk_2` FOREIGN KEY (`question_id`) REFERENCES `survey_question` (`id`) ON DELETE CASCADE,
  CONSTRAINT `survey_response_answer_ibfk_3` FOREIGN KEY (`option_id`) REFERENCES `survey_option` (`id`) ON DELETE SET NULL
) ENGINE=InnoDB AUTO_INCREMENT=27 DEFAULT CHARSET=utf8mb4 COLLATE=utf8mb4_unicode_ci;
/*!40101 SET character_set_client = @saved_cs_client */;

--
-- Dumping data for table `survey_response_answer`
--

LOCK TABLES `survey_response_answer` WRITE;
/*!40000 ALTER TABLE `survey_response_answer` DISABLE KEYS */;
/*!40000 ALTER TABLE `survey_response_answer` ENABLE KEYS */;
UNLOCK TABLES;

--
-- Table structure for table `survey_trigger_rule`
--

DROP TABLE IF EXISTS `survey_trigger_rule`;
/*!40101 SET @saved_cs_client     = @@character_set_client */;
/*!50503 SET character_set_client = utf8mb4 */;
CREATE TABLE `survey_trigger_rule` (
  `id` int NOT NULL AUTO_INCREMENT,
  `survey_id` int NOT NULL,
  `trigger_type` enum('LEVEL_UP','INACTIVE_DAYS','GAME_RESULT','MANUAL_PUSH') COLLATE utf8mb4_unicode_ci NOT NULL,
  `trigger_config_json` json DEFAULT NULL,
  `priority` int NOT NULL DEFAULT '100',
  `cooldown_hours` int NOT NULL DEFAULT '24',
  `max_per_user` int NOT NULL DEFAULT '1',
  `is_active` tinyint(1) NOT NULL DEFAULT '1',
  `created_at` datetime NOT NULL DEFAULT CURRENT_TIMESTAMP,
  `updated_at` datetime NOT NULL DEFAULT CURRENT_TIMESTAMP,
  PRIMARY KEY (`id`),
  KEY `survey_id` (`survey_id`),
  KEY `idx_survey_trigger_active` (`is_active`,`priority`),
  CONSTRAINT `survey_trigger_rule_ibfk_1` FOREIGN KEY (`survey_id`) REFERENCES `survey` (`id`) ON DELETE CASCADE
) ENGINE=InnoDB DEFAULT CHARSET=utf8mb4 COLLATE=utf8mb4_unicode_ci;
/*!40101 SET character_set_client = @saved_cs_client */;

--
-- Dumping data for table `survey_trigger_rule`
--

LOCK TABLES `survey_trigger_rule` WRITE;
/*!40000 ALTER TABLE `survey_trigger_rule` DISABLE KEYS */;
/*!40000 ALTER TABLE `survey_trigger_rule` ENABLE KEYS */;
UNLOCK TABLES;

--
-- Table structure for table `team`
--

DROP TABLE IF EXISTS `team`;
/*!40101 SET @saved_cs_client     = @@character_set_client */;
/*!50503 SET character_set_client = utf8mb4 */;
CREATE TABLE `team` (
  `id` int NOT NULL AUTO_INCREMENT,
  `name` varchar(100) NOT NULL,
  `icon` varchar(255) DEFAULT NULL,
  `is_active` tinyint(1) NOT NULL DEFAULT '1',
  `created_at` datetime NOT NULL DEFAULT CURRENT_TIMESTAMP,
  `updated_at` datetime NOT NULL DEFAULT CURRENT_TIMESTAMP,
  PRIMARY KEY (`id`),
  UNIQUE KEY `uq_team_name` (`name`)
) ENGINE=InnoDB AUTO_INCREMENT=9 DEFAULT CHARSET=utf8mb4 COLLATE=utf8mb4_0900_ai_ci;
/*!40101 SET character_set_client = @saved_cs_client */;

--
-- Dumping data for table `team`
--

LOCK TABLES `team` WRITE;
/*!40000 ALTER TABLE `team` DISABLE KEYS */;
INSERT INTO `team` VALUES (1,'군고구마',NULL,1,'2025-12-13 05:45:18','2025-12-16 02:50:37'),(2,'메리',NULL,1,'2025-12-13 05:45:18','2025-12-15 15:11:18'),(3,'산타',NULL,1,'2025-12-16 00:09:59','2025-12-15 15:10:35'),(4,'루돌',NULL,1,'2025-12-16 00:09:59','2025-12-15 15:10:53'),(5,'스초생',NULL,1,'2025-12-16 00:09:59','2025-12-15 15:11:06'),(6,'민초',NULL,1,'2025-12-16 05:23:01','2025-12-16 07:35:54'),(7,'폭설러',NULL,1,'2025-12-16 07:35:18','2025-12-16 07:35:39'),(8,'기타',NULL,0,'2025-12-16 07:35:51','2025-12-16 09:01:38');
/*!40000 ALTER TABLE `team` ENABLE KEYS */;
UNLOCK TABLES;

--
-- Table structure for table `team_event_log`
--

DROP TABLE IF EXISTS `team_event_log`;
/*!40101 SET @saved_cs_client     = @@character_set_client */;
/*!50503 SET character_set_client = utf8mb4 */;
CREATE TABLE `team_event_log` (
  `id` bigint NOT NULL AUTO_INCREMENT,
  `team_id` int NOT NULL,
  `user_id` int DEFAULT NULL,
  `season_id` int NOT NULL,
  `action` varchar(50) NOT NULL,
  `delta` int NOT NULL,
  `meta` json DEFAULT NULL,
  `created_at` datetime NOT NULL DEFAULT CURRENT_TIMESTAMP,
  PRIMARY KEY (`id`),
  KEY `team_id` (`team_id`),
  KEY `idx_tel_season_team` (`season_id`,`team_id`,`created_at`),
  KEY `idx_tel_user` (`user_id`),
  CONSTRAINT `team_event_log_ibfk_1` FOREIGN KEY (`team_id`) REFERENCES `team` (`id`) ON DELETE CASCADE,
  CONSTRAINT `team_event_log_ibfk_2` FOREIGN KEY (`user_id`) REFERENCES `user` (`id`) ON DELETE SET NULL,
  CONSTRAINT `team_event_log_ibfk_3` FOREIGN KEY (`season_id`) REFERENCES `team_season` (`id`) ON DELETE CASCADE
) ENGINE=InnoDB AUTO_INCREMENT=247 DEFAULT CHARSET=utf8mb4 COLLATE=utf8mb4_0900_ai_ci;
/*!40101 SET character_set_client = @saved_cs_client */;

--
-- Dumping data for table `team_event_log`
--

LOCK TABLES `team_event_log` WRITE;
/*!40000 ALTER TABLE `team_event_log` DISABLE KEYS */;
INSERT INTO `team_event_log` VALUES (1,1,9,6,'GAME_PLAY',10,'{\"result\": null, \"reward_type\": \"TICKET_DICE\", \"feature_type\": \"LOTTERY\", \"reward_amount\": 2}','2025-12-15 14:53:04'),(2,1,9,6,'GAME_PLAY',10,'{\"result\": \"WIN\", \"reward_type\": \"POINT\", \"feature_type\": \"DICE\", \"reward_amount\": 20}','2025-12-15 14:53:21'),(3,1,9,6,'GAME_PLAY',10,'{\"result\": \"WIN\", \"reward_type\": \"POINT\", \"feature_type\": \"DICE\", \"reward_amount\": 20}','2025-12-15 14:53:23'),(4,1,9,6,'GAME_PLAY',10,'{\"result\": null, \"reward_type\": \"POINT\", \"feature_type\": \"ROULETTE\", \"reward_amount\": 5}','2025-12-15 14:53:28'),(5,1,9,6,'GAME_PLAY',10,'{\"result\": null, \"reward_type\": \"POINT\", \"feature_type\": \"LOTTERY\", \"reward_amount\": 5}','2025-12-15 15:00:05'),(6,1,9,6,'GAME_PLAY',10,'{\"result\": \"DRAW\", \"reward_type\": \"POINT\", \"feature_type\": \"DICE\", \"reward_amount\": 5}','2025-12-15 15:00:13'),(7,1,9,6,'GAME_PLAY',10,'{\"result\": \"LOSE\", \"reward_type\": \"POINT\", \"feature_type\": \"DICE\", \"reward_amount\": 5}','2025-12-15 15:00:16'),(8,1,9,6,'GAME_PLAY',10,'{\"result\": \"DRAW\", \"reward_type\": \"POINT\", \"feature_type\": \"DICE\", \"reward_amount\": 5}','2025-12-15 15:02:20'),(9,1,9,6,'GAME_PLAY',10,'{\"result\": \"WIN\", \"reward_type\": \"POINT\", \"feature_type\": \"DICE\", \"reward_amount\": 20}','2025-12-15 15:02:23'),(10,1,9,6,'GAME_PLAY',10,'{\"result\": null, \"reward_type\": \"POINT\", \"feature_type\": \"ROULETTE\", \"reward_amount\": 5}','2025-12-15 15:02:29'),(11,1,9,6,'GAME_PLAY',10,'{\"result\": null, \"reward_type\": \"TICKET_DICE\", \"feature_type\": \"LOTTERY\", \"reward_amount\": 2}','2025-12-15 15:02:37'),(12,5,43,6,'GAME_PLAY',10,'{\"result\": \"LOSE\", \"reward_type\": \"POINT\", \"feature_type\": \"DICE\", \"reward_amount\": 5}','2025-12-15 15:24:48'),(13,4,6,6,'GAME_PLAY',10,'{\"result\": \"LOSE\", \"reward_type\": \"POINT\", \"feature_type\": \"DICE\", \"reward_amount\": 5}','2025-12-15 15:25:08'),(14,1,50,7,'GAME_PLAY',10,'{\"result\": \"WIN\", \"reward_type\": \"POINT\", \"feature_type\": \"DICE\", \"reward_amount\": 20}','2025-12-15 15:45:38'),(15,1,50,7,'GAME_PLAY',10,'{\"result\": null, \"reward_type\": \"POINT\", \"feature_type\": \"ROULETTE\", \"reward_amount\": 5}','2025-12-15 15:46:01'),(16,2,58,7,'GAME_PLAY',10,'{\"result\": null, \"reward_type\": \"TICKET_LOTTERY\", \"feature_type\": \"ROULETTE\", \"reward_amount\": 1}','2025-12-15 15:56:12'),(17,2,58,7,'GAME_PLAY',10,'{\"result\": null, \"reward_type\": \"POINT\", \"feature_type\": \"ROULETTE\", \"reward_amount\": 5}','2025-12-15 15:56:20'),(18,2,58,7,'GAME_PLAY',10,'{\"result\": \"LOSE\", \"reward_type\": \"POINT\", \"feature_type\": \"DICE\", \"reward_amount\": 5}','2025-12-15 15:56:27'),(19,4,44,7,'GAME_PLAY',10,'{\"result\": \"WIN\", \"reward_type\": \"POINT\", \"feature_type\": \"DICE\", \"reward_amount\": 20}','2025-12-15 16:33:40'),(20,4,44,7,'GAME_PLAY',10,'{\"result\": \"WIN\", \"reward_type\": \"POINT\", \"feature_type\": \"DICE\", \"reward_amount\": 20}','2025-12-15 16:33:44'),(21,4,44,7,'GAME_PLAY',10,'{\"result\": null, \"reward_type\": \"POINT\", \"feature_type\": \"ROULETTE\", \"reward_amount\": 5}','2025-12-15 16:34:01'),(22,2,58,7,'GAME_PLAY',10,'{\"result\": null, \"reward_type\": \"POINT\", \"feature_type\": \"LOTTERY\", \"reward_amount\": 5}','2025-12-16 02:23:41'),(23,2,10,7,'GAME_PLAY',10,'{\"result\": null, \"reward_type\": \"POINT\", \"feature_type\": \"ROULETTE\", \"reward_amount\": 5}','2025-12-16 02:28:05'),(24,2,10,7,'GAME_PLAY',10,'{\"result\": null, \"reward_type\": \"POINT\", \"feature_type\": \"ROULETTE\", \"reward_amount\": 5}','2025-12-16 02:28:10'),(25,2,10,7,'GAME_PLAY',10,'{\"result\": \"LOSE\", \"reward_type\": \"POINT\", \"feature_type\": \"DICE\", \"reward_amount\": 5}','2025-12-16 02:28:17'),(26,5,NULL,7,'GAME_PLAY',10,'{\"result\": null, \"reward_type\": \"POINT\", \"feature_type\": \"ROULETTE\", \"reward_amount\": 5}','2025-12-16 02:29:59'),(27,5,22,7,'GAME_PLAY',10,'{\"result\": null, \"reward_type\": \"POINT\", \"feature_type\": \"ROULETTE\", \"reward_amount\": 5}','2025-12-16 02:52:38'),(28,5,22,7,'GAME_PLAY',10,'{\"result\": \"WIN\", \"reward_type\": \"POINT\", \"feature_type\": \"DICE\", \"reward_amount\": 20}','2025-12-16 02:52:52'),(29,5,NULL,7,'GAME_PLAY',10,'{\"result\": \"WIN\", \"reward_type\": \"POINT\", \"feature_type\": \"DICE\", \"reward_amount\": 20}','2025-12-16 02:53:03'),(30,5,NULL,7,'GAME_PLAY',10,'{\"result\": \"LOSE\", \"reward_type\": \"POINT\", \"feature_type\": \"DICE\", \"reward_amount\": 5}','2025-12-16 02:53:48'),(31,1,11,7,'GAME_PLAY',10,'{\"result\": \"LOSE\", \"reward_type\": \"POINT\", \"feature_type\": \"DICE\", \"reward_amount\": 5}','2025-12-16 02:54:19'),(32,1,11,7,'GAME_PLAY',10,'{\"result\": null, \"reward_type\": \"POINT\", \"feature_type\": \"ROULETTE\", \"reward_amount\": 5}','2025-12-16 02:54:23'),(33,1,11,7,'GAME_PLAY',10,'{\"result\": null, \"reward_type\": \"POINT\", \"feature_type\": \"ROULETTE\", \"reward_amount\": 5}','2025-12-16 02:54:28'),(34,1,11,7,'GAME_PLAY',10,'{\"result\": \"WIN\", \"reward_type\": \"POINT\", \"feature_type\": \"DICE\", \"reward_amount\": 20}','2025-12-16 02:57:54'),(35,4,48,7,'GAME_PLAY',10,'{\"result\": \"WIN\", \"reward_type\": \"POINT\", \"feature_type\": \"DICE\", \"reward_amount\": 20}','2025-12-16 03:36:57'),(36,3,29,7,'GAME_PLAY',10,'{\"result\": \"DRAW\", \"reward_type\": \"POINT\", \"feature_type\": \"DICE\", \"reward_amount\": 5}','2025-12-16 03:40:04'),(37,3,29,7,'GAME_PLAY',10,'{\"result\": null, \"reward_type\": \"POINT\", \"feature_type\": \"ROULETTE\", \"reward_amount\": 5}','2025-12-16 03:40:27'),(38,3,29,7,'GAME_PLAY',10,'{\"result\": null, \"reward_type\": \"POINT\", \"feature_type\": \"ROULETTE\", \"reward_amount\": 5}','2025-12-16 03:40:36'),(39,4,26,7,'GAME_PLAY',10,'{\"result\": null, \"reward_type\": \"POINT\", \"feature_type\": \"ROULETTE\", \"reward_amount\": 5}','2025-12-16 04:41:01'),(40,3,14,7,'GAME_PLAY',10,'{\"result\": \"WIN\", \"reward_type\": \"POINT\", \"feature_type\": \"DICE\", \"reward_amount\": 20}','2025-12-16 05:03:56'),(41,3,14,7,'GAME_PLAY',10,'{\"result\": null, \"reward_type\": \"TICKET_DICE\", \"feature_type\": \"ROULETTE\", \"reward_amount\": 2}','2025-12-16 05:05:22'),(42,3,14,7,'GAME_PLAY',10,'{\"result\": \"WIN\", \"reward_type\": \"POINT\", \"feature_type\": \"DICE\", \"reward_amount\": 20}','2025-12-16 05:05:34'),(43,3,14,7,'GAME_PLAY',10,'{\"result\": \"LOSE\", \"reward_type\": \"POINT\", \"feature_type\": \"DICE\", \"reward_amount\": 5}','2025-12-16 05:05:37'),(44,3,15,7,'GAME_PLAY',10,'{\"result\": \"LOSE\", \"reward_type\": \"POINT\", \"feature_type\": \"DICE\", \"reward_amount\": 5}','2025-12-16 05:07:00'),(45,1,11,7,'GAME_PLAY',10,'{\"result\": null, \"reward_type\": \"TICKET_DICE\", \"feature_type\": \"LOTTERY\", \"reward_amount\": 2}','2025-12-16 05:31:52'),(46,1,11,7,'GAME_PLAY',10,'{\"result\": \"LOSE\", \"reward_type\": \"POINT\", \"feature_type\": \"DICE\", \"reward_amount\": 5}','2025-12-16 05:32:13'),(47,1,11,7,'GAME_PLAY',10,'{\"result\": \"DRAW\", \"reward_type\": \"POINT\", \"feature_type\": \"DICE\", \"reward_amount\": 5}','2025-12-16 05:32:15'),(48,3,15,7,'GAME_PLAY',10,'{\"result\": null, \"reward_type\": \"POINT\", \"feature_type\": \"ROULETTE\", \"reward_amount\": 5}','2025-12-16 06:10:38'),(49,3,15,7,'GAME_PLAY',10,'{\"result\": \"WIN\", \"reward_type\": \"POINT\", \"feature_type\": \"DICE\", \"reward_amount\": 20}','2025-12-16 06:10:53'),(50,4,18,7,'GAME_PLAY',10,'{\"result\": null, \"reward_type\": \"TICKET_DICE\", \"feature_type\": \"ROULETTE\", \"reward_amount\": 2}','2025-12-16 06:21:28'),(51,4,18,7,'GAME_PLAY',10,'{\"result\": \"LOSE\", \"reward_type\": \"POINT\", \"feature_type\": \"DICE\", \"reward_amount\": 5}','2025-12-16 06:21:44'),(52,4,18,7,'GAME_PLAY',10,'{\"result\": \"LOSE\", \"reward_type\": \"POINT\", \"feature_type\": \"DICE\", \"reward_amount\": 5}','2025-12-16 06:21:47'),(53,4,18,7,'GAME_PLAY',10,'{\"result\": \"WIN\", \"reward_type\": \"POINT\", \"feature_type\": \"DICE\", \"reward_amount\": 20}','2025-12-16 06:21:53'),(54,3,70,7,'GAME_PLAY',10,'{\"result\": \"DRAW\", \"reward_type\": \"POINT\", \"feature_type\": \"DICE\", \"reward_amount\": 5}','2025-12-16 06:30:22'),(55,5,30,7,'GAME_PLAY',10,'{\"result\": null, \"reward_type\": \"POINT\", \"feature_type\": \"ROULETTE\", \"reward_amount\": 5}','2025-12-16 07:07:05'),(56,5,30,7,'GAME_PLAY',10,'{\"result\": null, \"reward_type\": \"POINT\", \"feature_type\": \"ROULETTE\", \"reward_amount\": 5}','2025-12-16 07:07:10'),(57,3,16,7,'GAME_PLAY',10,'{\"result\": \"WIN\", \"reward_type\": \"POINT\", \"feature_type\": \"DICE\", \"reward_amount\": 20}','2025-12-16 07:07:29'),(58,3,16,7,'GAME_PLAY',10,'{\"result\": null, \"reward_type\": \"POINT\", \"feature_type\": \"ROULETTE\", \"reward_amount\": 5}','2025-12-16 07:19:09'),(59,7,45,7,'GAME_PLAY',10,'{\"result\": \"DRAW\", \"reward_type\": \"POINT\", \"feature_type\": \"DICE\", \"reward_amount\": 5}','2025-12-16 07:58:02'),(60,7,85,7,'GAME_PLAY',10,'{\"result\": null, \"reward_type\": \"TICKET_DICE\", \"feature_type\": \"LOTTERY\", \"reward_amount\": 5}','2025-12-16 08:11:54'),(61,4,23,7,'GAME_PLAY',10,'{\"result\": null, \"reward_type\": \"POINT\", \"feature_type\": \"ROULETTE\", \"reward_amount\": 5}','2025-12-16 08:19:21'),(62,4,23,7,'GAME_PLAY',10,'{\"result\": null, \"reward_type\": \"TICKET_ROULETTE\", \"feature_type\": \"ROULETTE\", \"reward_amount\": 1}','2025-12-16 08:19:37'),(63,4,23,7,'GAME_PLAY',10,'{\"result\": null, \"reward_type\": \"TICKET_LOTTERY\", \"feature_type\": \"ROULETTE\", \"reward_amount\": 1}','2025-12-16 08:19:45'),(64,4,23,7,'GAME_PLAY',10,'{\"result\": null, \"reward_type\": \"POINT\", \"feature_type\": \"LOTTERY\", \"reward_amount\": 5}','2025-12-16 08:20:19'),(65,4,23,7,'GAME_PLAY',10,'{\"result\": \"WIN\", \"reward_type\": \"POINT\", \"feature_type\": \"DICE\", \"reward_amount\": 20}','2025-12-16 08:21:06'),(66,5,22,7,'GAME_PLAY',10,'{\"result\": null, \"reward_type\": \"POINT\", \"feature_type\": \"ROULETTE\", \"reward_amount\": 5}','2025-12-16 08:21:58'),(67,3,15,7,'GAME_PLAY',10,'{\"result\": null, \"reward_type\": \"TICKET_DICE\", \"feature_type\": \"LOTTERY\", \"reward_amount\": 5}','2025-12-16 08:42:13'),(68,3,15,7,'GAME_PLAY',10,'{\"result\": \"DRAW\", \"reward_type\": \"POINT\", \"feature_type\": \"DICE\", \"reward_amount\": 5}','2025-12-16 08:42:43'),(69,3,15,7,'GAME_PLAY',10,'{\"result\": \"LOSE\", \"reward_type\": \"POINT\", \"feature_type\": \"DICE\", \"reward_amount\": 5}','2025-12-16 08:42:47'),(70,3,15,7,'GAME_PLAY',10,'{\"result\": \"WIN\", \"reward_type\": \"POINT\", \"feature_type\": \"DICE\", \"reward_amount\": 20}','2025-12-16 08:42:50'),(71,3,15,7,'GAME_PLAY',10,'{\"result\": \"WIN\", \"reward_type\": \"POINT\", \"feature_type\": \"DICE\", \"reward_amount\": 20}','2025-12-16 08:42:53'),(72,3,15,7,'GAME_PLAY',10,'{\"result\": \"DRAW\", \"reward_type\": \"POINT\", \"feature_type\": \"DICE\", \"reward_amount\": 5}','2025-12-16 08:42:56'),(73,6,40,7,'GAME_PLAY',10,'{\"result\": null, \"reward_type\": \"TICKET_DICE\", \"feature_type\": \"ROULETTE\", \"reward_amount\": 2}','2025-12-16 08:54:58'),(74,6,40,7,'GAME_PLAY',10,'{\"result\": null, \"reward_type\": \"TICKET_DICE\", \"feature_type\": \"ROULETTE\", \"reward_amount\": 2}','2025-12-16 08:55:03'),(75,6,40,7,'GAME_PLAY',10,'{\"result\": \"LOSE\", \"reward_type\": \"POINT\", \"feature_type\": \"DICE\", \"reward_amount\": 5}','2025-12-16 08:55:13'),(76,6,40,7,'GAME_PLAY',10,'{\"result\": \"WIN\", \"reward_type\": \"POINT\", \"feature_type\": \"DICE\", \"reward_amount\": 20}','2025-12-16 08:55:16'),(77,6,40,7,'GAME_PLAY',10,'{\"result\": \"WIN\", \"reward_type\": \"POINT\", \"feature_type\": \"DICE\", \"reward_amount\": 20}','2025-12-16 08:55:21'),(78,6,40,7,'GAME_PLAY',10,'{\"result\": \"DRAW\", \"reward_type\": \"POINT\", \"feature_type\": \"DICE\", \"reward_amount\": 5}','2025-12-16 08:55:24'),(79,6,40,7,'GAME_PLAY',10,'{\"result\": \"LOSE\", \"reward_type\": \"POINT\", \"feature_type\": \"DICE\", \"reward_amount\": 5}','2025-12-16 08:55:27'),(80,6,40,7,'GAME_PLAY',10,'{\"result\": \"DRAW\", \"reward_type\": \"POINT\", \"feature_type\": \"DICE\", \"reward_amount\": 5}','2025-12-16 08:55:30'),(81,6,40,7,'GAME_PLAY',10,'{\"result\": null, \"reward_type\": \"POINT\", \"feature_type\": \"LOTTERY\", \"reward_amount\": 5}','2025-12-16 08:55:38'),(82,7,39,7,'GAME_PLAY',10,'{\"result\": null, \"reward_type\": \"TICKET_DICE\", \"feature_type\": \"ROULETTE\", \"reward_amount\": 2}','2025-12-16 08:58:48'),(83,7,39,7,'GAME_PLAY',10,'{\"result\": \"DRAW\", \"reward_type\": \"POINT\", \"feature_type\": \"DICE\", \"reward_amount\": 5}','2025-12-16 08:59:33'),(84,7,39,7,'GAME_PLAY',10,'{\"result\": \"LOSE\", \"reward_type\": \"POINT\", \"feature_type\": \"DICE\", \"reward_amount\": 5}','2025-12-16 08:59:40'),(85,6,92,7,'GAME_PLAY',10,'{\"result\": null, \"reward_type\": \"POINT\", \"feature_type\": \"ROULETTE\", \"reward_amount\": 5}','2025-12-16 09:12:40'),(86,6,92,7,'GAME_PLAY',10,'{\"result\": \"LOSE\", \"reward_type\": \"POINT\", \"feature_type\": \"DICE\", \"reward_amount\": 5}','2025-12-16 09:14:28'),(87,6,92,7,'GAME_PLAY',10,'{\"result\": \"LOSE\", \"reward_type\": \"POINT\", \"feature_type\": \"DICE\", \"reward_amount\": 5}','2025-12-16 09:14:30'),(88,6,92,7,'GAME_PLAY',10,'{\"result\": \"WIN\", \"reward_type\": \"POINT\", \"feature_type\": \"DICE\", \"reward_amount\": 20}','2025-12-16 09:14:33'),(89,6,92,7,'GAME_PLAY',10,'{\"result\": \"LOSE\", \"reward_type\": \"POINT\", \"feature_type\": \"DICE\", \"reward_amount\": 5}','2025-12-16 09:14:36'),(90,6,92,7,'GAME_PLAY',10,'{\"result\": \"WIN\", \"reward_type\": \"POINT\", \"feature_type\": \"DICE\", \"reward_amount\": 20}','2025-12-16 09:14:39'),(91,6,92,7,'GAME_PLAY',10,'{\"result\": \"WIN\", \"reward_type\": \"POINT\", \"feature_type\": \"DICE\", \"reward_amount\": 20}','2025-12-16 09:14:42'),(92,6,92,7,'GAME_PLAY',10,'{\"result\": null, \"reward_type\": \"TICKET_LOTTERY\", \"feature_type\": \"ROULETTE\", \"reward_amount\": 1}','2025-12-16 09:14:54'),(93,6,92,7,'GAME_PLAY',10,'{\"result\": null, \"reward_type\": \"TICKET_ROULETTE\", \"feature_type\": \"LOTTERY\", \"reward_amount\": 5}','2025-12-16 09:19:35'),(94,6,92,7,'GAME_PLAY',10,'{\"result\": null, \"reward_type\": \"TICKET_ROULETTE\", \"feature_type\": \"ROULETTE\", \"reward_amount\": 1}','2025-12-16 09:20:17'),(95,6,92,7,'GAME_PLAY',10,'{\"result\": null, \"reward_type\": \"TICKET_ROULETTE\", \"feature_type\": \"ROULETTE\", \"reward_amount\": 1}','2025-12-16 09:20:29'),(96,6,92,7,'GAME_PLAY',10,'{\"result\": null, \"reward_type\": \"TICKET_ROULETTE\", \"feature_type\": \"ROULETTE\", \"reward_amount\": 1}','2025-12-16 09:20:35'),(97,6,92,7,'GAME_PLAY',10,'{\"result\": null, \"reward_type\": \"TICKET_DICE\", \"feature_type\": \"ROULETTE\", \"reward_amount\": 2}','2025-12-16 09:20:42'),(98,6,92,7,'GAME_PLAY',10,'{\"result\": null, \"reward_type\": \"TICKET_ROULETTE\", \"feature_type\": \"ROULETTE\", \"reward_amount\": 1}','2025-12-16 09:20:47'),(99,6,92,7,'GAME_PLAY',10,'{\"result\": null, \"reward_type\": \"POINT\", \"feature_type\": \"ROULETTE\", \"reward_amount\": 5}','2025-12-16 09:20:52'),(100,6,92,7,'GAME_PLAY',10,'{\"result\": null, \"reward_type\": \"POINT\", \"feature_type\": \"ROULETTE\", \"reward_amount\": 5}','2025-12-16 09:20:58'),(101,6,92,7,'GAME_PLAY',10,'{\"result\": null, \"reward_type\": \"POINT\", \"feature_type\": \"ROULETTE\", \"reward_amount\": 5}','2025-12-16 09:21:03'),(102,6,92,7,'GAME_PLAY',10,'{\"result\": null, \"reward_type\": \"TICKET_ROULETTE\", \"feature_type\": \"ROULETTE\", \"reward_amount\": 1}','2025-12-16 09:21:22'),(103,6,92,7,'GAME_PLAY',10,'{\"result\": null, \"reward_type\": \"POINT\", \"feature_type\": \"ROULETTE\", \"reward_amount\": 5}','2025-12-16 09:21:27'),(104,6,92,7,'GAME_PLAY',10,'{\"result\": \"LOSE\", \"reward_type\": \"POINT\", \"feature_type\": \"DICE\", \"reward_amount\": 5}','2025-12-16 09:21:42'),(105,6,92,7,'GAME_PLAY',10,'{\"result\": \"LOSE\", \"reward_type\": \"POINT\", \"feature_type\": \"DICE\", \"reward_amount\": 5}','2025-12-16 09:21:46'),(106,6,92,7,'GAME_PLAY',10,'{\"result\": null, \"reward_type\": \"POINT\", \"feature_type\": \"LOTTERY\", \"reward_amount\": 5}','2025-12-16 09:22:38'),(107,5,43,7,'GAME_PLAY',10,'{\"result\": null, \"reward_type\": \"TICKET_DICE\", \"feature_type\": \"ROULETTE\", \"reward_amount\": 2}','2025-12-16 09:26:56'),(108,5,43,7,'GAME_PLAY',10,'{\"result\": \"WIN\", \"reward_type\": \"POINT\", \"feature_type\": \"DICE\", \"reward_amount\": 20}','2025-12-16 09:27:22'),(109,5,43,7,'GAME_PLAY',10,'{\"result\": \"WIN\", \"reward_type\": \"POINT\", \"feature_type\": \"DICE\", \"reward_amount\": 20}','2025-12-16 09:27:27'),(110,5,43,7,'GAME_PLAY',10,'{\"result\": \"LOSE\", \"reward_type\": \"POINT\", \"feature_type\": \"DICE\", \"reward_amount\": 5}','2025-12-16 09:27:48'),(111,6,41,7,'GAME_PLAY',10,'{\"result\": null, \"reward_type\": \"TICKET_ROULETTE\", \"feature_type\": \"ROULETTE\", \"reward_amount\": 1}','2025-12-16 09:49:19'),(112,6,41,7,'GAME_PLAY',10,'{\"result\": null, \"reward_type\": \"POINT\", \"feature_type\": \"ROULETTE\", \"reward_amount\": 5}','2025-12-16 09:49:24'),(113,6,41,7,'GAME_PLAY',10,'{\"result\": null, \"reward_type\": \"TICKET_ROULETTE\", \"feature_type\": \"ROULETTE\", \"reward_amount\": 1}','2025-12-16 09:49:28'),(114,6,41,7,'GAME_PLAY',10,'{\"result\": null, \"reward_type\": \"TICKET_LOTTERY\", \"feature_type\": \"ROULETTE\", \"reward_amount\": 1}','2025-12-16 09:49:34'),(115,6,41,7,'GAME_PLAY',10,'{\"result\": null, \"reward_type\": \"TICKET_DICE\", \"feature_type\": \"LOTTERY\", \"reward_amount\": 5}','2025-12-16 09:50:08'),(116,6,41,7,'GAME_PLAY',10,'{\"result\": \"LOSE\", \"reward_type\": \"POINT\", \"feature_type\": \"DICE\", \"reward_amount\": 5}','2025-12-16 09:50:23'),(117,6,41,7,'GAME_PLAY',10,'{\"result\": \"WIN\", \"reward_type\": \"POINT\", \"feature_type\": \"DICE\", \"reward_amount\": 20}','2025-12-16 09:50:32'),(118,6,41,7,'GAME_PLAY',10,'{\"result\": \"WIN\", \"reward_type\": \"POINT\", \"feature_type\": \"DICE\", \"reward_amount\": 20}','2025-12-16 09:50:36'),(119,6,41,7,'GAME_PLAY',10,'{\"result\": \"WIN\", \"reward_type\": \"POINT\", \"feature_type\": \"DICE\", \"reward_amount\": 20}','2025-12-16 09:50:39'),(120,6,41,7,'GAME_PLAY',10,'{\"result\": \"WIN\", \"reward_type\": \"POINT\", \"feature_type\": \"DICE\", \"reward_amount\": 20}','2025-12-16 09:50:41'),(121,6,41,7,'GAME_PLAY',10,'{\"result\": \"LOSE\", \"reward_type\": \"POINT\", \"feature_type\": \"DICE\", \"reward_amount\": 5}','2025-12-16 09:50:43'),(122,6,41,7,'GAME_PLAY',10,'{\"result\": null, \"reward_type\": \"POINT\", \"feature_type\": \"LOTTERY\", \"reward_amount\": 5}','2025-12-16 09:50:50'),(123,6,41,7,'GAME_PLAY',10,'{\"result\": \"LOSE\", \"reward_type\": \"POINT\", \"feature_type\": \"DICE\", \"reward_amount\": 5}','2025-12-16 09:51:32'),(124,2,9,7,'GAME_PLAY',10,'{\"result\": null, \"reward_type\": \"POINT\", \"feature_type\": \"LOTTERY\", \"reward_amount\": 5}','2025-12-16 10:03:02'),(125,2,9,7,'GAME_PLAY',10,'{\"result\": null, \"reward_type\": \"POINT\", \"feature_type\": \"LOTTERY\", \"reward_amount\": 5}','2025-12-16 10:03:13'),(126,2,9,7,'GAME_PLAY',10,'{\"result\": null, \"reward_type\": \"POINT\", \"feature_type\": \"LOTTERY\", \"reward_amount\": 5}','2025-12-16 10:03:18'),(127,5,95,7,'GAME_PLAY',10,'{\"result\": null, \"reward_type\": \"TICKET_ROULETTE\", \"feature_type\": \"ROULETTE\", \"reward_amount\": 1}','2025-12-16 10:25:35'),(128,5,95,7,'GAME_PLAY',10,'{\"result\": null, \"reward_type\": \"POINT\", \"feature_type\": \"ROULETTE\", \"reward_amount\": 5}','2025-12-16 10:25:42'),(129,5,95,7,'GAME_PLAY',10,'{\"result\": null, \"reward_type\": \"POINT\", \"feature_type\": \"ROULETTE\", \"reward_amount\": 5}','2025-12-16 10:25:47'),(130,5,95,7,'GAME_PLAY',10,'{\"result\": \"WIN\", \"reward_type\": \"POINT\", \"feature_type\": \"DICE\", \"reward_amount\": 20}','2025-12-16 10:25:57'),(131,5,95,7,'GAME_PLAY',10,'{\"result\": \"LOSE\", \"reward_type\": \"POINT\", \"feature_type\": \"DICE\", \"reward_amount\": 5}','2025-12-16 10:26:02'),(132,5,95,7,'GAME_PLAY',10,'{\"result\": null, \"reward_type\": \"TICKET_LOTTERY\", \"feature_type\": \"ROULETTE\", \"reward_amount\": 1}','2025-12-16 10:26:29'),(133,5,95,7,'GAME_PLAY',10,'{\"result\": \"WIN\", \"reward_type\": \"POINT\", \"feature_type\": \"DICE\", \"reward_amount\": 20}','2025-12-16 10:26:56'),(134,5,95,7,'GAME_PLAY',10,'{\"result\": \"LOSE\", \"reward_type\": \"POINT\", \"feature_type\": \"DICE\", \"reward_amount\": 5}','2025-12-16 10:27:01'),(135,5,95,7,'GAME_PLAY',10,'{\"result\": null, \"reward_type\": \"POINT\", \"feature_type\": \"LOTTERY\", \"reward_amount\": 5}','2025-12-16 10:27:24'),(136,3,14,7,'GAME_PLAY',10,'{\"result\": \"WIN\", \"reward_type\": \"POINT\", \"feature_type\": \"DICE\", \"reward_amount\": 20}','2025-12-16 11:33:47'),(137,3,14,7,'GAME_PLAY',10,'{\"result\": \"WIN\", \"reward_type\": \"POINT\", \"feature_type\": \"DICE\", \"reward_amount\": 20}','2025-12-16 11:33:50'),(138,3,14,7,'GAME_PLAY',10,'{\"result\": \"DRAW\", \"reward_type\": \"POINT\", \"feature_type\": \"DICE\", \"reward_amount\": 5}','2025-12-16 11:33:53'),(139,3,14,7,'GAME_PLAY',10,'{\"result\": null, \"reward_type\": \"TICKET_ROULETTE\", \"feature_type\": \"ROULETTE\", \"reward_amount\": 1}','2025-12-16 11:34:02'),(140,3,14,7,'GAME_PLAY',10,'{\"result\": null, \"reward_type\": \"POINT\", \"feature_type\": \"ROULETTE\", \"reward_amount\": 5}','2025-12-16 11:34:07'),(141,1,12,7,'GAME_PLAY',10,'{\"result\": null, \"reward_type\": \"TICKET_ROULETTE\", \"feature_type\": \"ROULETTE\", \"reward_amount\": 1}','2025-12-16 13:21:26'),(142,1,12,7,'GAME_PLAY',10,'{\"result\": null, \"reward_type\": \"POINT\", \"feature_type\": \"ROULETTE\", \"reward_amount\": 5}','2025-12-16 13:21:31'),(143,1,12,7,'GAME_PLAY',10,'{\"result\": null, \"reward_type\": \"TICKET_DICE\", \"feature_type\": \"ROULETTE\", \"reward_amount\": 2}','2025-12-16 13:21:36'),(144,1,12,7,'GAME_PLAY',10,'{\"result\": \"LOSE\", \"reward_type\": \"POINT\", \"feature_type\": \"DICE\", \"reward_amount\": 5}','2025-12-16 13:21:43'),(145,1,12,7,'GAME_PLAY',10,'{\"result\": \"LOSE\", \"reward_type\": \"POINT\", \"feature_type\": \"DICE\", \"reward_amount\": 5}','2025-12-16 13:22:14'),(146,1,12,7,'GAME_PLAY',10,'{\"result\": \"DRAW\", \"reward_type\": \"POINT\", \"feature_type\": \"DICE\", \"reward_amount\": 5}','2025-12-16 13:22:16'),(147,1,12,7,'GAME_PLAY',10,'{\"result\": \"WIN\", \"reward_type\": \"POINT\", \"feature_type\": \"DICE\", \"reward_amount\": 20}','2025-12-16 13:22:19'),(148,1,12,7,'GAME_PLAY',10,'{\"result\": \"WIN\", \"reward_type\": \"POINT\", \"feature_type\": \"DICE\", \"reward_amount\": 20}','2025-12-16 13:22:21'),(149,2,7,7,'GAME_PLAY',10,'{\"result\": null, \"reward_type\": \"TICKET_ROULETTE\", \"feature_type\": \"ROULETTE\", \"reward_amount\": 1}','2025-12-16 13:28:02'),(150,2,7,7,'GAME_PLAY',10,'{\"result\": null, \"reward_type\": \"TICKET_ROULETTE\", \"feature_type\": \"ROULETTE\", \"reward_amount\": 1}','2025-12-16 13:28:06'),(151,2,7,7,'GAME_PLAY',10,'{\"result\": null, \"reward_type\": \"POINT\", \"feature_type\": \"ROULETTE\", \"reward_amount\": 5}','2025-12-16 13:28:11'),(152,2,7,7,'GAME_PLAY',10,'{\"result\": null, \"reward_type\": \"TICKET_DICE\", \"feature_type\": \"ROULETTE\", \"reward_amount\": 2}','2025-12-16 13:28:16'),(153,2,7,7,'GAME_PLAY',10,'{\"result\": \"LOSE\", \"reward_type\": \"POINT\", \"feature_type\": \"DICE\", \"reward_amount\": 5}','2025-12-16 13:28:20'),(154,2,7,7,'GAME_PLAY',10,'{\"result\": \"WIN\", \"reward_type\": \"POINT\", \"feature_type\": \"DICE\", \"reward_amount\": 20}','2025-12-16 13:28:22'),(155,2,7,7,'GAME_PLAY',10,'{\"result\": \"LOSE\", \"reward_type\": \"POINT\", \"feature_type\": \"DICE\", \"reward_amount\": 5}','2025-12-16 13:28:24'),(156,2,7,7,'GAME_PLAY',10,'{\"result\": \"LOSE\", \"reward_type\": \"POINT\", \"feature_type\": \"DICE\", \"reward_amount\": 5}','2025-12-16 13:28:26'),(157,2,7,7,'GAME_PLAY',10,'{\"result\": \"LOSE\", \"reward_type\": \"POINT\", \"feature_type\": \"DICE\", \"reward_amount\": 5}','2025-12-16 13:28:28'),(158,2,7,7,'GAME_PLAY',10,'{\"result\": \"LOSE\", \"reward_type\": \"POINT\", \"feature_type\": \"DICE\", \"reward_amount\": 5}','2025-12-16 13:28:31'),(159,2,7,7,'GAME_PLAY',10,'{\"result\": \"WIN\", \"reward_type\": \"POINT\", \"feature_type\": \"DICE\", \"reward_amount\": 20}','2025-12-16 13:28:33'),(160,2,7,7,'GAME_PLAY',10,'{\"result\": \"DRAW\", \"reward_type\": \"POINT\", \"feature_type\": \"DICE\", \"reward_amount\": 5}','2025-12-16 13:28:35'),(161,2,7,7,'GAME_PLAY',10,'{\"result\": null, \"reward_type\": \"TICKET_DICE\", \"feature_type\": \"LOTTERY\", \"reward_amount\": 5}','2025-12-16 13:29:01'),(162,7,85,7,'GAME_PLAY',10,'{\"result\": \"LOSE\", \"reward_type\": \"POINT\", \"feature_type\": \"DICE\", \"reward_amount\": 5}','2025-12-16 13:48:09'),(163,7,85,7,'GAME_PLAY',10,'{\"result\": \"LOSE\", \"reward_type\": \"POINT\", \"feature_type\": \"DICE\", \"reward_amount\": 5}','2025-12-16 13:48:12'),(164,7,85,7,'GAME_PLAY',10,'{\"result\": \"WIN\", \"reward_type\": \"POINT\", \"feature_type\": \"DICE\", \"reward_amount\": 20}','2025-12-16 13:48:15'),(165,7,85,7,'GAME_PLAY',10,'{\"result\": \"WIN\", \"reward_type\": \"POINT\", \"feature_type\": \"DICE\", \"reward_amount\": 20}','2025-12-16 13:48:18'),(166,7,85,7,'GAME_PLAY',10,'{\"result\": \"WIN\", \"reward_type\": \"POINT\", \"feature_type\": \"DICE\", \"reward_amount\": 20}','2025-12-16 13:48:20'),(167,2,7,7,'GAME_PLAY',10,'{\"result\": null, \"reward_type\": \"TICKET_DICE\", \"feature_type\": \"ROULETTE\", \"reward_amount\": 2}','2025-12-16 13:59:55'),(168,2,7,7,'GAME_PLAY',10,'{\"result\": null, \"reward_type\": \"POINT\", \"feature_type\": \"ROULETTE\", \"reward_amount\": 5}','2025-12-16 14:00:06'),(169,2,7,7,'GAME_PLAY',10,'{\"result\": \"WIN\", \"reward_type\": \"POINT\", \"feature_type\": \"DICE\", \"reward_amount\": 20}','2025-12-16 14:00:13'),(170,2,7,7,'GAME_PLAY',10,'{\"result\": null, \"reward_type\": \"TICKET_DICE\", \"feature_type\": \"LOTTERY\", \"reward_amount\": 2}','2025-12-16 14:00:26'),(171,6,92,7,'GAME_PLAY',10,'{\"result\": \"WIN\", \"reward_type\": \"POINT\", \"feature_type\": \"DICE\", \"reward_amount\": 20}','2025-12-16 14:24:37'),(172,3,14,7,'GAME_PLAY',10,'{\"result\": null, \"reward_type\": \"POINT\", \"feature_type\": \"LOTTERY\", \"reward_amount\": 5}','2025-12-16 17:38:37'),(173,4,26,7,'GAME_PLAY',10,'{\"result\": \"WIN\", \"reward_type\": \"POINT\", \"feature_type\": \"DICE\", \"reward_amount\": 20}','2025-12-16 17:59:52'),(174,5,30,7,'GAME_PLAY',10,'{\"result\": \"WIN\", \"reward_type\": \"POINT\", \"feature_type\": \"DICE\", \"reward_amount\": 20}','2025-12-16 22:38:42'),(175,7,85,7,'GAME_PLAY',10,'{\"result\": null, \"reward_type\": \"TICKET_DICE\", \"feature_type\": \"ROULETTE\", \"reward_amount\": 2}','2025-12-17 00:42:49'),(176,7,85,7,'GAME_PLAY',10,'{\"result\": \"WIN\", \"reward_type\": \"POINT\", \"feature_type\": \"DICE\", \"reward_amount\": 20}','2025-12-17 00:43:02'),(177,7,85,7,'GAME_PLAY',10,'{\"result\": \"WIN\", \"reward_type\": \"POINT\", \"feature_type\": \"DICE\", \"reward_amount\": 20}','2025-12-17 00:43:05'),(178,7,85,7,'GAME_PLAY',10,'{\"result\": null, \"reward_type\": \"POINT\", \"feature_type\": \"LOTTERY\", \"reward_amount\": 5}','2025-12-17 00:43:16'),(179,6,21,7,'GAME_PLAY',10,'{\"result\": null, \"reward_type\": \"TICKET_DICE\", \"feature_type\": \"ROULETTE\", \"reward_amount\": 2}','2025-12-17 01:32:48'),(180,6,21,7,'GAME_PLAY',10,'{\"result\": \"WIN\", \"reward_type\": \"POINT\", \"feature_type\": \"DICE\", \"reward_amount\": 20}','2025-12-17 01:33:01'),(181,6,21,7,'GAME_PLAY',10,'{\"result\": \"LOSE\", \"reward_type\": \"POINT\", \"feature_type\": \"DICE\", \"reward_amount\": 5}','2025-12-17 01:33:07'),(182,6,21,7,'GAME_PLAY',10,'{\"result\": \"LOSE\", \"reward_type\": \"POINT\", \"feature_type\": \"DICE\", \"reward_amount\": 5}','2025-12-17 01:33:12'),(183,6,21,7,'GAME_PLAY',10,'{\"result\": \"DRAW\", \"reward_type\": \"POINT\", \"feature_type\": \"DICE\", \"reward_amount\": 5}','2025-12-17 01:33:20'),(184,1,12,7,'GAME_PLAY',10,'{\"result\": null, \"reward_type\": \"TICKET_DICE\", \"feature_type\": \"LOTTERY\", \"reward_amount\": 2}','2025-12-17 02:10:40'),(185,1,12,7,'GAME_PLAY',10,'{\"result\": \"WIN\", \"reward_type\": \"POINT\", \"feature_type\": \"DICE\", \"reward_amount\": 20}','2025-12-17 02:10:47'),(186,1,12,7,'GAME_PLAY',10,'{\"result\": \"DRAW\", \"reward_type\": \"POINT\", \"feature_type\": \"DICE\", \"reward_amount\": 5}','2025-12-17 02:10:49'),(187,7,51,7,'GAME_PLAY',10,'{\"result\": \"LOSE\", \"reward_type\": \"POINT\", \"feature_type\": \"DICE\", \"reward_amount\": 5}','2025-12-17 02:26:52'),(188,7,51,7,'GAME_PLAY',10,'{\"result\": \"DRAW\", \"reward_type\": \"POINT\", \"feature_type\": \"DICE\", \"reward_amount\": 5}','2025-12-17 02:28:05'),(189,7,51,7,'GAME_PLAY',10,'{\"result\": \"LOSE\", \"reward_type\": \"POINT\", \"feature_type\": \"DICE\", \"reward_amount\": 5}','2025-12-17 02:28:10'),(190,7,51,7,'GAME_PLAY',10,'{\"result\": null, \"reward_type\": \"POINT\", \"feature_type\": \"ROULETTE\", \"reward_amount\": 5}','2025-12-17 02:28:58'),(191,7,51,7,'GAME_PLAY',10,'{\"result\": \"LOSE\", \"reward_type\": \"POINT\", \"feature_type\": \"DICE\", \"reward_amount\": 5}','2025-12-17 02:29:05'),(192,7,51,7,'GAME_PLAY',10,'{\"result\": \"LOSE\", \"reward_type\": \"POINT\", \"feature_type\": \"DICE\", \"reward_amount\": 5}','2025-12-17 02:29:08'),(193,7,51,7,'GAME_PLAY',10,'{\"result\": null, \"reward_type\": \"TICKET_DICE\", \"feature_type\": \"ROULETTE\", \"reward_amount\": 2}','2025-12-17 02:29:13'),(194,7,51,7,'GAME_PLAY',10,'{\"result\": \"WIN\", \"reward_type\": \"POINT\", \"feature_type\": \"DICE\", \"reward_amount\": 20}','2025-12-17 02:29:32'),(195,7,51,7,'GAME_PLAY',10,'{\"result\": \"LOSE\", \"reward_type\": \"POINT\", \"feature_type\": \"DICE\", \"reward_amount\": 5}','2025-12-17 02:29:35'),(196,7,51,7,'GAME_PLAY',10,'{\"result\": \"LOSE\", \"reward_type\": \"POINT\", \"feature_type\": \"DICE\", \"reward_amount\": 5}','2025-12-17 02:29:40'),(197,3,16,7,'GAME_PLAY',10,'{\"result\": null, \"reward_type\": \"TICKET_DICE\", \"feature_type\": \"ROULETTE\", \"reward_amount\": 2}','2025-12-17 03:03:34'),(198,3,16,7,'GAME_PLAY',10,'{\"result\": null, \"reward_type\": \"TICKET_DICE\", \"feature_type\": \"LOTTERY\", \"reward_amount\": 2}','2025-12-17 03:03:44'),(199,3,16,7,'GAME_PLAY',10,'{\"result\": \"WIN\", \"reward_type\": \"POINT\", \"feature_type\": \"DICE\", \"reward_amount\": 20}','2025-12-17 03:04:13'),(200,3,16,7,'GAME_PLAY',10,'{\"result\": \"WIN\", \"reward_type\": \"POINT\", \"feature_type\": \"DICE\", \"reward_amount\": 20}','2025-12-17 03:04:16'),(201,3,16,7,'GAME_PLAY',10,'{\"result\": \"WIN\", \"reward_type\": \"POINT\", \"feature_type\": \"DICE\", \"reward_amount\": 20}','2025-12-17 03:04:18'),(202,3,16,7,'GAME_PLAY',10,'{\"result\": \"LOSE\", \"reward_type\": \"POINT\", \"feature_type\": \"DICE\", \"reward_amount\": 5}','2025-12-17 03:04:21'),(203,3,16,7,'GAME_PLAY',10,'{\"result\": \"WIN\", \"reward_type\": \"POINT\", \"feature_type\": \"DICE\", \"reward_amount\": 20}','2025-12-17 03:04:25'),(204,4,26,7,'GAME_PLAY',10,'{\"result\": \"WIN\", \"reward_type\": \"POINT\", \"feature_type\": \"DICE\", \"reward_amount\": 20}','2025-12-17 03:14:42'),(205,4,26,7,'GAME_PLAY',10,'{\"result\": \"WIN\", \"reward_type\": \"POINT\", \"feature_type\": \"DICE\", \"reward_amount\": 20}','2025-12-17 03:14:50'),(206,4,26,7,'GAME_PLAY',10,'{\"result\": \"LOSE\", \"reward_type\": \"POINT\", \"feature_type\": \"DICE\", \"reward_amount\": 5}','2025-12-17 03:14:54'),(207,4,26,7,'GAME_PLAY',10,'{\"result\": null, \"reward_type\": \"POINT\", \"feature_type\": \"ROULETTE\", \"reward_amount\": 5}','2025-12-17 03:15:08'),(208,4,26,7,'GAME_PLAY',10,'{\"result\": null, \"reward_type\": \"POINT\", \"feature_type\": \"ROULETTE\", \"reward_amount\": 5}','2025-12-17 03:15:17'),(209,3,55,7,'GAME_PLAY',10,'{\"result\": null, \"reward_type\": \"POINT\", \"feature_type\": \"ROULETTE\", \"reward_amount\": 5}','2025-12-17 03:48:03'),(210,3,55,7,'GAME_PLAY',10,'{\"result\": \"LOSE\", \"reward_type\": \"POINT\", \"feature_type\": \"DICE\", \"reward_amount\": 5}','2025-12-17 03:48:10'),(211,3,55,7,'GAME_PLAY',10,'{\"result\": \"WIN\", \"reward_type\": \"POINT\", \"feature_type\": \"DICE\", \"reward_amount\": 20}','2025-12-17 03:48:14'),(212,3,55,7,'GAME_PLAY',10,'{\"result\": \"WIN\", \"reward_type\": \"POINT\", \"feature_type\": \"DICE\", \"reward_amount\": 20}','2025-12-17 03:49:15'),(213,3,55,7,'GAME_PLAY',10,'{\"result\": \"WIN\", \"reward_type\": \"POINT\", \"feature_type\": \"DICE\", \"reward_amount\": 20}','2025-12-17 03:49:19'),(214,5,43,7,'GAME_PLAY',10,'{\"result\": null, \"reward_type\": \"TICKET_DICE\", \"feature_type\": \"ROULETTE\", \"reward_amount\": 2}','2025-12-17 04:19:59'),(215,5,43,7,'GAME_PLAY',10,'{\"result\": \"DRAW\", \"reward_type\": \"POINT\", \"feature_type\": \"DICE\", \"reward_amount\": 5}','2025-12-17 04:20:52'),(216,5,43,7,'GAME_PLAY',10,'{\"result\": \"WIN\", \"reward_type\": \"POINT\", \"feature_type\": \"DICE\", \"reward_amount\": 20}','2025-12-17 04:20:54'),(217,2,10,7,'GAME_PLAY',10,'{\"result\": \"LOSE\", \"reward_type\": \"POINT\", \"feature_type\": \"DICE\", \"reward_amount\": 5}','2025-12-17 04:21:54'),(218,2,10,7,'GAME_PLAY',10,'{\"result\": \"WIN\", \"reward_type\": \"POINT\", \"feature_type\": \"DICE\", \"reward_amount\": 20}','2025-12-17 04:22:01'),(219,2,10,7,'GAME_PLAY',10,'{\"result\": \"WIN\", \"reward_type\": \"POINT\", \"feature_type\": \"DICE\", \"reward_amount\": 20}','2025-12-17 04:22:04'),(220,4,44,7,'GAME_PLAY',10,'{\"result\": null, \"reward_type\": \"POINT\", \"feature_type\": \"ROULETTE\", \"reward_amount\": 5}','2025-12-17 04:50:46'),(221,4,44,7,'GAME_PLAY',10,'{\"result\": \"LOSE\", \"reward_type\": \"POINT\", \"feature_type\": \"DICE\", \"reward_amount\": 5}','2025-12-17 04:51:03'),(222,4,44,7,'GAME_PLAY',10,'{\"result\": \"WIN\", \"reward_type\": \"POINT\", \"feature_type\": \"DICE\", \"reward_amount\": 20}','2025-12-17 04:51:07'),(223,2,10,7,'GAME_PLAY',10,'{\"result\": null, \"reward_type\": \"POINT\", \"feature_type\": \"LOTTERY\", \"reward_amount\": 5}','2025-12-17 04:55:01'),(224,7,83,7,'GAME_PLAY',10,'{\"result\": null, \"reward_type\": \"POINT\", \"feature_type\": \"ROULETTE\", \"reward_amount\": 5}','2025-12-17 06:24:04'),(225,7,83,7,'GAME_PLAY',10,'{\"result\": \"LOSE\", \"reward_type\": \"POINT\", \"feature_type\": \"DICE\", \"reward_amount\": 5}','2025-12-17 06:32:03'),(226,7,39,7,'GAME_PLAY',10,'{\"result\": null, \"reward_type\": \"POINT\", \"feature_type\": \"ROULETTE\", \"reward_amount\": 5}','2025-12-17 07:28:05'),(227,7,39,7,'GAME_PLAY',10,'{\"result\": \"LOSE\", \"reward_type\": \"POINT\", \"feature_type\": \"DICE\", \"reward_amount\": 5}','2025-12-17 07:29:04'),(228,7,39,7,'GAME_PLAY',10,'{\"result\": \"LOSE\", \"reward_type\": \"POINT\", \"feature_type\": \"DICE\", \"reward_amount\": 5}','2025-12-17 07:29:09'),(229,7,39,7,'GAME_PLAY',10,'{\"result\": null, \"reward_type\": \"POINT\", \"feature_type\": \"LOTTERY\", \"reward_amount\": 5}','2025-12-17 07:29:45'),(230,6,41,7,'GAME_PLAY',10,'{\"result\": null, \"reward_type\": \"TICKET_DICE\", \"feature_type\": \"ROULETTE\", \"reward_amount\": 2}','2025-12-17 08:13:04'),(231,6,41,7,'GAME_PLAY',10,'{\"result\": null, \"reward_type\": \"POINT\", \"feature_type\": \"LOTTERY\", \"reward_amount\": 5}','2025-12-17 08:13:15'),(232,6,41,7,'GAME_PLAY',10,'{\"result\": \"DRAW\", \"reward_type\": \"POINT\", \"feature_type\": \"DICE\", \"reward_amount\": 5}','2025-12-17 08:13:24'),(233,6,41,7,'GAME_PLAY',10,'{\"result\": \"LOSE\", \"reward_type\": \"POINT\", \"feature_type\": \"DICE\", \"reward_amount\": 5}','2025-12-17 08:13:27'),(234,6,41,7,'GAME_PLAY',10,'{\"result\": \"LOSE\", \"reward_type\": \"POINT\", \"feature_type\": \"DICE\", \"reward_amount\": 5}','2025-12-17 08:13:30'),(235,6,41,7,'GAME_PLAY',10,'{\"result\": \"LOSE\", \"reward_type\": \"POINT\", \"feature_type\": \"DICE\", \"reward_amount\": 5}','2025-12-17 08:13:32'),(236,2,7,7,'GAME_PLAY',10,'{\"result\": \"WIN\", \"reward_type\": \"POINT\", \"feature_type\": \"DICE\", \"reward_amount\": 20}','2025-12-17 09:13:59'),(237,2,7,7,'GAME_PLAY',10,'{\"result\": \"DRAW\", \"reward_type\": \"POINT\", \"feature_type\": \"DICE\", \"reward_amount\": 5}','2025-12-17 09:14:02'),(238,2,7,7,'GAME_PLAY',10,'{\"result\": null, \"reward_type\": \"POINT\", \"feature_type\": \"ROULETTE\", \"reward_amount\": 5}','2025-12-17 09:14:10'),(239,2,7,7,'GAME_PLAY',10,'{\"result\": null, \"reward_type\": \"POINT\", \"feature_type\": \"LOTTERY\", \"reward_amount\": 5}','2025-12-17 09:14:21'),(240,2,7,7,'GAME_PLAY',10,'{\"result\": \"LOSE\", \"reward_type\": \"POINT\", \"feature_type\": \"DICE\", \"reward_amount\": 5}','2025-12-17 09:24:32'),(241,2,7,7,'GAME_PLAY',10,'{\"result\": \"WIN\", \"reward_type\": \"POINT\", \"feature_type\": \"DICE\", \"reward_amount\": 20}','2025-12-17 09:24:35'),(242,3,14,7,'GAME_PLAY',10,'{\"result\": \"LOSE\", \"reward_type\": \"POINT\", \"feature_type\": \"DICE\", \"reward_amount\": 5}','2025-12-17 12:13:20'),(243,3,14,7,'GAME_PLAY',10,'{\"result\": \"WIN\", \"reward_type\": \"POINT\", \"feature_type\": \"DICE\", \"reward_amount\": 20}','2025-12-17 12:13:23'),(244,4,18,7,'GAME_PLAY',10,'{\"result\": \"LOSE\", \"reward_type\": \"POINT\", \"feature_type\": \"DICE\", \"reward_amount\": 5}','2025-12-17 13:58:12'),(245,4,18,7,'GAME_PLAY',10,'{\"result\": \"LOSE\", \"reward_type\": \"POINT\", \"feature_type\": \"DICE\", \"reward_amount\": 5}','2025-12-17 13:58:14'),(246,4,18,7,'GAME_PLAY',10,'{\"result\": null, \"reward_type\": \"POINT\", \"feature_type\": \"ROULETTE\", \"reward_amount\": 5}','2025-12-17 13:58:20');
/*!40000 ALTER TABLE `team_event_log` ENABLE KEYS */;
UNLOCK TABLES;

--
-- Table structure for table `team_member`
--

DROP TABLE IF EXISTS `team_member`;
/*!40101 SET @saved_cs_client     = @@character_set_client */;
/*!50503 SET character_set_client = utf8mb4 */;
CREATE TABLE `team_member` (
  `user_id` int NOT NULL AUTO_INCREMENT,
  `team_id` int NOT NULL,
  `role` varchar(10) NOT NULL DEFAULT 'member',
  `joined_at` datetime NOT NULL DEFAULT CURRENT_TIMESTAMP,
  PRIMARY KEY (`user_id`),
  KEY `idx_team_member_team` (`team_id`),
  CONSTRAINT `team_member_ibfk_1` FOREIGN KEY (`team_id`) REFERENCES `team` (`id`) ON DELETE CASCADE
) ENGINE=InnoDB AUTO_INCREMENT=101 DEFAULT CHARSET=utf8mb4 COLLATE=utf8mb4_0900_ai_ci;
/*!40101 SET character_set_client = @saved_cs_client */;

--
-- Dumping data for table `team_member`
--

LOCK TABLES `team_member` WRITE;
/*!40000 ALTER TABLE `team_member` DISABLE KEYS */;
INSERT INTO `team_member` VALUES (6,1,'member','2025-12-16 09:06:21'),(7,2,'member','2025-12-16 09:06:30'),(9,2,'member','2025-12-16 02:50:08'),(10,2,'member','2025-12-15 15:20:45'),(11,1,'member','2025-12-16 02:31:01'),(12,1,'member','2025-12-16 02:50:44'),(14,3,'member','2025-12-15 16:03:26'),(15,3,'member','2025-12-16 05:06:33'),(16,3,'member','2025-12-16 05:29:26'),(18,4,'member','2025-12-16 06:21:07'),(21,6,'member','2025-12-16 11:46:04'),(22,5,'member','2025-12-15 22:13:11'),(23,4,'member','2025-12-16 06:49:34'),(25,5,'member','2025-12-16 04:47:38'),(26,4,'member','2025-12-16 04:40:32'),(29,3,'member','2025-12-16 03:39:39'),(30,5,'member','2025-12-16 07:06:45'),(39,7,'member','2025-12-16 09:05:56'),(40,6,'member','2025-12-16 08:43:14'),(41,6,'member','2025-12-16 08:00:32'),(43,5,'member','2025-12-15 15:23:57'),(44,4,'member','2025-12-15 16:33:00'),(45,7,'member','2025-12-16 07:57:25'),(48,4,'member','2025-12-16 03:35:34'),(50,1,'member','2025-12-16 09:06:10'),(51,7,'member','2025-12-16 13:19:38'),(53,2,'member','2025-12-16 02:58:36'),(55,3,'member','2025-12-16 13:19:05'),(58,2,'member','2025-12-15 15:18:42'),(62,1,'member','2025-12-16 09:07:54'),(63,1,'member','2025-12-16 02:32:23'),(64,2,'member','2025-12-16 09:07:17'),(70,3,'member','2025-12-16 06:29:58'),(75,7,'member','2025-12-16 08:33:23'),(83,7,'member','2025-12-16 11:50:01'),(84,6,'member','2025-12-16 07:43:51'),(85,7,'member','2025-12-16 07:48:41'),(92,6,'member','2025-12-16 09:12:20'),(95,5,'member','2025-12-16 10:24:41');
/*!40000 ALTER TABLE `team_member` ENABLE KEYS */;
UNLOCK TABLES;

--
-- Table structure for table `team_score`
--

DROP TABLE IF EXISTS `team_score`;
/*!40101 SET @saved_cs_client     = @@character_set_client */;
/*!50503 SET character_set_client = utf8mb4 */;
CREATE TABLE `team_score` (
  `team_id` int NOT NULL,
  `season_id` int NOT NULL,
  `points` bigint NOT NULL DEFAULT '0',
  `updated_at` datetime NOT NULL DEFAULT CURRENT_TIMESTAMP,
  PRIMARY KEY (`team_id`,`season_id`),
  UNIQUE KEY `uq_team_score` (`team_id`,`season_id`),
  KEY `idx_team_score_points` (`season_id`,`points`),
  CONSTRAINT `team_score_ibfk_1` FOREIGN KEY (`team_id`) REFERENCES `team` (`id`) ON DELETE CASCADE,
  CONSTRAINT `team_score_ibfk_2` FOREIGN KEY (`season_id`) REFERENCES `team_season` (`id`) ON DELETE CASCADE
) ENGINE=InnoDB DEFAULT CHARSET=utf8mb4 COLLATE=utf8mb4_0900_ai_ci;
/*!40101 SET character_set_client = @saved_cs_client */;

--
-- Dumping data for table `team_score`
--

LOCK TABLES `team_score` WRITE;
/*!40000 ALTER TABLE `team_score` DISABLE KEYS */;
INSERT INTO `team_score` VALUES (1,6,110,'2025-12-15 15:02:37'),(1,7,200,'2025-12-17 02:10:49'),(2,7,370,'2025-12-17 09:24:35'),(3,7,390,'2025-12-17 12:13:23'),(4,6,10,'2025-12-15 15:25:08'),(4,7,260,'2025-12-17 13:58:20'),(5,6,10,'2025-12-15 15:24:48'),(5,7,250,'2025-12-17 04:20:54'),(6,7,560,'2025-12-17 08:13:32'),(7,7,300,'2025-12-17 07:29:45'),(8,7,0,'2025-12-16 09:06:30');
/*!40000 ALTER TABLE `team_score` ENABLE KEYS */;
UNLOCK TABLES;

--
-- Table structure for table `team_season`
--

DROP TABLE IF EXISTS `team_season`;
/*!40101 SET @saved_cs_client     = @@character_set_client */;
/*!50503 SET character_set_client = utf8mb4 */;
CREATE TABLE `team_season` (
  `id` int NOT NULL AUTO_INCREMENT,
  `name` varchar(100) NOT NULL,
  `starts_at` datetime NOT NULL,
  `ends_at` datetime NOT NULL,
  `is_active` tinyint(1) NOT NULL DEFAULT '0',
  `rewards_schema` json DEFAULT NULL,
  `created_at` datetime NOT NULL DEFAULT CURRENT_TIMESTAMP,
  `updated_at` datetime NOT NULL DEFAULT CURRENT_TIMESTAMP,
  PRIMARY KEY (`id`),
  UNIQUE KEY `uq_team_season_name` (`name`),
  KEY `idx_team_season_active` (`is_active`),
  KEY `idx_team_season_time` (`starts_at`,`ends_at`)
) ENGINE=InnoDB AUTO_INCREMENT=8 DEFAULT CHARSET=utf8mb4 COLLATE=utf8mb4_0900_ai_ci;
/*!40101 SET character_set_client = @saved_cs_client */;

--
-- Dumping data for table `team_season`
--

LOCK TABLES `team_season` WRITE;
/*!40000 ALTER TABLE `team_season` DISABLE KEYS */;
INSERT INTO `team_season` VALUES (1,'12월 팀배틀','2025-12-13 05:00:00','2025-12-15 05:00:00',0,'null','2025-12-13 05:45:18','2025-12-13 06:15:50'),(2,'2차배틀','2025-12-15 03:00:00','2025-12-20 03:00:00',0,'null','2025-12-15 13:44:27','2025-12-15 13:44:27'),(5,'2차시즌','2025-12-15 05:00:00','2025-12-21 05:00:00',0,'null','2025-12-15 14:02:28','2025-12-15 14:02:28'),(6,'Team Battle Event 2025-12-15','2025-12-15 13:00:00','2025-12-15 18:00:00',0,'{\"top3_coupon\": 10000, \"rank1_coupon\": 30000, \"rank2_points\": 100}','2025-12-15 23:20:28','2025-12-15 15:23:57'),(7,'2차 팀배틀','2025-12-15 15:00:00','2025-12-20 03:00:00',1,NULL,'2025-12-16 00:37:07','2025-12-16 02:35:54');
/*!40000 ALTER TABLE `team_season` ENABLE KEYS */;
UNLOCK TABLES;

--
-- Table structure for table `user`
--

DROP TABLE IF EXISTS `user`;
/*!40101 SET @saved_cs_client     = @@character_set_client */;
/*!50503 SET character_set_client = utf8mb4 */;
CREATE TABLE `user` (
  `id` int NOT NULL AUTO_INCREMENT,
  `external_id` varchar(100) NOT NULL,
  `nickname` varchar(100) DEFAULT NULL,
  `password_hash` varchar(128) DEFAULT NULL,
  `level` int NOT NULL DEFAULT '1',
  `status` varchar(20) NOT NULL,
  `last_login_at` datetime DEFAULT NULL,
  `last_login_ip` varchar(45) DEFAULT NULL,
  `created_at` datetime NOT NULL,
  `updated_at` datetime NOT NULL,
  `xp` int NOT NULL DEFAULT '0',
  `vault_balance` int NOT NULL DEFAULT '0',
  `cash_balance` int NOT NULL DEFAULT '0',
  `vault_fill_used_at` datetime DEFAULT NULL,
  PRIMARY KEY (`id`),
  UNIQUE KEY `external_id` (`external_id`),
  KEY `ix_user_id` (`id`)
) ENGINE=InnoDB AUTO_INCREMENT=115 DEFAULT CHARSET=utf8mb4 COLLATE=utf8mb4_0900_ai_ci;
/*!40101 SET character_set_client = @saved_cs_client */;

--
-- Dumping data for table `user`
--

LOCK TABLES `user` WRITE;
/*!40000 ALTER TABLE `user` DISABLE KEYS */;
INSERT INTO `user` VALUES (6,'지지미니','지지미니','03ac674216f3e15c761ee1a5e255f067953623c8b388b4459e13f978d7c846f4',1,'ACTIVE','2025-12-17 14:15:44','138.199.62.8','2025-12-11 05:20:48','2025-12-17 14:15:44',0,0,0,NULL),(7,'아모모모','아모모모','03ac674216f3e15c761ee1a5e255f067953623c8b388b4459e13f978d7c846f4',4,'ACTIVE','2025-12-17 09:11:26','138.199.62.8','2025-12-11 05:21:04','2025-12-17 14:13:00',190,0,60,NULL),(8,'cctest02','cctest02','03ac674216f3e15c761ee1a5e255f067953623c8b388b4459e13f978d7c846f4',1,'ACTIVE','2025-12-15 14:03:51','42.115.217.226','2025-12-11 05:21:13','2025-12-15 14:03:51',0,0,0,NULL),(9,'발로해도','발로해도','03ac674216f3e15c761ee1a5e255f067953623c8b388b4459e13f978d7c846f4',4,'ACTIVE','2025-12-16 10:02:56','118.99.2.13','2025-12-11 06:54:19','2025-12-16 10:02:56',190,0,0,NULL),(10,'yeong12','영진사장님','03ac674216f3e15c761ee1a5e255f067953623c8b388b4459e13f978d7c846f4',8,'ACTIVE','2025-12-17 04:21:44','156.146.45.154','2025-12-11 06:57:10','2025-12-17 14:12:57',985,0,0,NULL),(11,'jkkk','jkkk','03ac674216f3e15c761ee1a5e255f067953623c8b388b4459e13f978d7c846f4',6,'ACTIVE','2025-12-17 02:09:10','156.146.45.154','2025-12-11 06:57:22','2025-12-17 02:16:49',465,0,0,NULL),(12,'yuhh89','은희조','03ac674216f3e15c761ee1a5e255f067953623c8b388b4459e13f978d7c846f4',10,'ACTIVE','2025-12-17 02:10:29','156.146.45.154','2025-12-11 06:57:41','2025-12-17 07:58:01',1605,0,0,NULL),(14,'persipic','persipic','c41e636d057062948a0bbdbdbf09bd047beb977b255ed9cd6c780d497d2dd7ca',6,'ACTIVE','2025-12-17 12:13:09','106.101.194.146','2025-12-11 08:36:32','2025-12-17 12:13:23',480,0,25,NULL),(15,'정재권','도베르만','03ac674216f3e15c761ee1a5e255f067953623c8b388b4459e13f978d7c846f4',5,'ACTIVE','2025-12-16 08:25:25','121.179.101.43','2025-12-11 08:37:07','2025-12-16 09:10:23',305,0,0,NULL),(16,'나참동','나참동','03ac674216f3e15c761ee1a5e255f067953623c8b388b4459e13f978d7c846f4',5,'ACTIVE','2025-12-17 13:52:04','118.235.6.68','2025-12-11 09:36:39','2025-12-17 13:52:04',330,0,0,NULL),(17,'지민잼민','지민잼민','03ac674216f3e15c761ee1a5e255f067953623c8b388b4459e13f978d7c846f4',1,'ACTIVE','2025-12-11 10:47:43','175.199.172.204','2025-12-11 09:42:22','2025-12-12 05:56:05',20,0,0,NULL),(18,'아사카','아사카','03ac674216f3e15c761ee1a5e255f067953623c8b388b4459e13f978d7c846f4',3,'ACTIVE','2025-12-17 13:58:01','106.101.67.174','2025-12-11 10:04:54','2025-12-17 13:58:20',110,0,15,NULL),(19,'레몬향','레몬향','03ac674216f3e15c761ee1a5e255f067953623c8b388b4459e13f978d7c846f4',1,'ACTIVE',NULL,NULL,'2025-12-11 10:07:54','2025-12-11 10:07:54',0,0,0,NULL),(20,'화랑','화랑','03ac674216f3e15c761ee1a5e255f067953623c8b388b4459e13f978d7c846f4',1,'ACTIVE','2025-12-16 05:01:25','61.106.191.13','2025-12-11 10:10:08','2025-12-16 05:01:25',0,0,0,NULL),(21,'돈따묵쟈','돈따묵쟈','03ac674216f3e15c761ee1a5e255f067953623c8b388b4459e13f978d7c846f4',2,'ACTIVE','2025-12-17 01:32:24','118.235.81.224','2025-12-11 10:12:02','2025-12-17 02:16:41',55,0,0,NULL),(22,'크리스토퍼','크리스토퍼','03ac674216f3e15c761ee1a5e255f067953623c8b388b4459e13f978d7c846f4',3,'ACTIVE','2025-12-16 22:33:44','58.229.246.33','2025-12-11 10:15:30','2025-12-16 22:33:44',125,0,0,NULL),(23,'기프트','기프트','03ac674216f3e15c761ee1a5e255f067953623c8b388b4459e13f978d7c846f4',3,'ACTIVE','2025-12-16 08:17:30','222.238.204.161','2025-12-11 10:48:43','2025-12-16 08:17:30',100,0,0,NULL),(24,'해조다요','해조다요','03ac674216f3e15c761ee1a5e255f067953623c8b388b4459e13f978d7c846f4',1,'ACTIVE','2025-12-13 07:46:06','121.54.214.144','2025-12-11 10:49:55','2025-12-13 07:46:06',30,0,0,NULL),(25,'제마','제마','03ac674216f3e15c761ee1a5e255f067953623c8b388b4459e13f978d7c846f4',2,'ACTIVE','2025-12-16 04:40:45','180.68.182.127','2025-12-11 11:14:28','2025-12-16 05:22:15',75,0,0,NULL),(26,'김민저이','김민저이','03ac674216f3e15c761ee1a5e255f067953623c8b388b4459e13f978d7c846f4',3,'ACTIVE','2025-12-16 04:38:51','211.36.152.16','2025-12-12 00:39:54','2025-12-17 04:25:21',120,0,0,NULL),(27,'케바케','케바케','03ac674216f3e15c761ee1a5e255f067953623c8b388b4459e13f978d7c846f4',1,'ACTIVE','2025-12-12 14:19:28','172.18.0.6','2025-12-12 00:43:21','2025-12-12 14:19:28',0,0,0,NULL),(29,'정우성','정우성','03ac674216f3e15c761ee1a5e255f067953623c8b388b4459e13f978d7c846f4',4,'ACTIVE','2025-12-16 03:39:18','14.45.28.51','2025-12-12 01:28:03','2025-12-17 02:16:35',195,0,0,NULL),(30,'초보베터','초보베터','03ac674216f3e15c761ee1a5e255f067953623c8b388b4459e13f978d7c846f4',2,'ACTIVE','2025-12-16 07:05:58','211.60.151.219','2025-12-12 01:31:34','2025-12-16 07:50:21',50,0,0,NULL),(31,'자르반이큐','자르반이큐','03ac674216f3e15c761ee1a5e255f067953623c8b388b4459e13f978d7c846f4',1,'ACTIVE',NULL,NULL,'2025-12-12 02:26:16','2025-12-12 02:26:16',0,0,0,NULL),(32,'미소1031','미소1031','03ac674216f3e15c761ee1a5e255f067953623c8b388b4459e13f978d7c846f4',1,'ACTIVE',NULL,NULL,'2025-12-12 02:27:49','2025-12-12 02:28:14',0,0,0,NULL),(33,'자리','자리','03ac674216f3e15c761ee1a5e255f067953623c8b388b4459e13f978d7c846f4',1,'ACTIVE','2025-12-16 03:02:28','112.163.208.48','2025-12-12 02:34:44','2025-12-16 03:02:28',0,0,0,NULL),(34,'진심펀치','진심펀치','03ac674216f3e15c761ee1a5e255f067953623c8b388b4459e13f978d7c846f4',1,'ACTIVE','2025-12-12 03:12:46','106.101.74.103','2025-12-12 03:08:47','2025-12-12 03:12:46',0,0,0,NULL),(35,'승아지','승아지','03ac674216f3e15c761ee1a5e255f067953623c8b388b4459e13f978d7c846f4',1,'ACTIVE','2025-12-16 02:18:43','117.111.17.77','2025-12-12 03:21:58','2025-12-16 02:18:43',0,0,0,NULL),(36,'으민12','으민12','03ac674216f3e15c761ee1a5e255f067953623c8b388b4459e13f978d7c846f4',1,'ACTIVE','2025-12-13 07:30:15','182.221.82.81','2025-12-12 05:59:24','2025-12-13 07:30:15',0,0,0,NULL),(37,'ppoodd','ppoodd','03ac674216f3e15c761ee1a5e255f067953623c8b388b4459e13f978d7c846f4',1,'ACTIVE','2025-12-12 07:48:02','172.18.0.6','2025-12-12 07:47:05','2025-12-12 07:48:02',0,0,0,NULL),(38,'짱맨','짱맨','03ac674216f3e15c761ee1a5e255f067953623c8b388b4459e13f978d7c846f4',1,'ACTIVE',NULL,NULL,'2025-12-12 08:00:47','2025-12-14 03:25:05',420,0,0,NULL),(39,'성민이','성민이','03ac674216f3e15c761ee1a5e255f067953623c8b388b4459e13f978d7c846f4',4,'ACTIVE','2025-12-16 08:00:29','211.36.139.28','2025-12-12 08:06:06','2025-12-17 07:57:51',180,0,0,NULL),(40,'왕지형','왕지형','03ac674216f3e15c761ee1a5e255f067953623c8b388b4459e13f978d7c846f4',5,'ACTIVE','2025-12-16 08:54:49','218.149.70.8','2025-12-12 08:58:59','2025-12-17 07:57:49',365,0,0,NULL),(41,'요리','요리','03ac674216f3e15c761ee1a5e255f067953623c8b388b4459e13f978d7c846f4',5,'ACTIVE','2025-12-17 08:02:29','223.39.194.37','2025-12-12 09:34:13','2025-12-17 14:12:44',305,0,0,NULL),(42,'민아가자','민아가자','03ac674216f3e15c761ee1a5e255f067953623c8b388b4459e13f978d7c846f4',1,'ACTIVE','2025-12-12 10:47:43','172.18.0.6','2025-12-12 10:46:17','2025-12-12 10:47:43',0,0,0,NULL),(43,'일등당첨','일등당첨','03ac674216f3e15c761ee1a5e255f067953623c8b388b4459e13f978d7c846f4',3,'ACTIVE','2025-12-16 16:30:07','211.235.72.226','2025-12-12 10:54:58','2025-12-17 02:16:29',110,0,0,NULL),(44,'우주를줄게','우주를줄게','03ac674216f3e15c761ee1a5e255f067953623c8b388b4459e13f978d7c846f4',3,'ACTIVE','2025-12-17 04:50:37','106.101.2.13','2025-12-12 11:33:56','2025-12-17 04:50:37',105,0,0,NULL),(45,'콩이랑','콩이랑','03ac674216f3e15c761ee1a5e255f067953623c8b388b4459e13f978d7c846f4',1,'ACTIVE','2025-12-16 07:56:54','211.105.100.249','2025-12-12 14:14:07','2025-12-16 07:56:54',420,0,0,NULL),(46,'민보이','민보이','03ac674216f3e15c761ee1a5e255f067953623c8b388b4459e13f978d7c846f4',1,'ACTIVE','2025-12-13 07:41:48','118.235.84.59','2025-12-13 02:59:41','2025-12-14 03:25:19',200,0,0,NULL),(47,'걸리면다이','걸리면다이','03ac674216f3e15c761ee1a5e255f067953623c8b388b4459e13f978d7c846f4',1,'ACTIVE','2025-12-13 06:28:22','172.18.0.6','2025-12-13 06:06:28','2025-12-13 06:28:22',0,0,0,NULL),(48,'봄꽃잎','봄꽃잎','03ac674216f3e15c761ee1a5e255f067953623c8b388b4459e13f978d7c846f4',4,'ACTIVE','2025-12-15 10:50:00','220.81.184.195','2025-12-13 06:08:17','2025-12-17 02:16:26',210,0,0,NULL),(50,'햄찌','햄찌','03ac674216f3e15c761ee1a5e255f067953623c8b388b4459e13f978d7c846f4',1,'ACTIVE','2025-12-17 09:34:47','160.238.37.30','2025-12-15 07:17:37','2025-12-17 09:34:47',0,0,0,NULL),(51,'순살마니밥','순살마니밥','03ac674216f3e15c761ee1a5e255f067953623c8b388b4459e13f978d7c846f4',2,'ACTIVE','2025-12-17 02:26:40','156.146.45.154','2025-12-15 07:18:18','2025-12-17 04:25:12',60,0,0,NULL),(52,'dulex','dulex','03ac674216f3e15c761ee1a5e255f067953623c8b388b4459e13f978d7c846f4',2,'ACTIVE',NULL,NULL,'2025-12-15 07:18:51','2025-12-16 05:34:31',60,0,0,NULL),(53,'산타할배8','산타할배8','03ac674216f3e15c761ee1a5e255f067953623c8b388b4459e13f978d7c846f4',1,'ACTIVE',NULL,NULL,'2025-12-15 07:19:12','2025-12-15 07:19:12',0,0,0,NULL),(54,'코인떡락','코인떡락','03ac674216f3e15c761ee1a5e255f067953623c8b388b4459e13f978d7c846f4',1,'ACTIVE',NULL,NULL,'2025-12-15 07:19:31','2025-12-15 07:19:31',0,0,0,NULL),(55,'나무늬82','나무늬82','03ac674216f3e15c761ee1a5e255f067953623c8b388b4459e13f978d7c846f4',3,'ACTIVE','2025-12-17 03:47:49','156.146.45.154','2025-12-15 07:19:50','2025-12-17 04:25:09',130,0,0,NULL),(56,'admin','admin','03e59d56734f443d81e9f244ef89dbc1e3f9a6951c96733be15d2a144f04d5d2',1,'ACTIVE','2025-12-17 09:27:00','138.199.62.8','2025-12-15 13:35:29','2025-12-17 09:27:00',0,0,0,NULL),(57,'tnqusfh123','tnqusfh123','03ac674216f3e15c761ee1a5e255f067953623c8b388b4459e13f978d7c846f4',1,'ACTIVE','2025-12-15 15:01:49','118.235.95.42','2025-12-15 15:01:49','2025-12-15 15:06:19',0,0,0,NULL),(58,'배민천재','배민천재','03ac674216f3e15c761ee1a5e255f067953623c8b388b4459e13f978d7c846f4',7,'ACTIVE','2025-12-15 15:56:07','149.40.54.73','2025-12-15 15:08:49','2025-12-17 02:16:22',735,0,0,NULL),(59,'rrdong','rrdong','03ac674216f3e15c761ee1a5e255f067953623c8b388b4459e13f978d7c846f4',1,'ACTIVE',NULL,NULL,'2025-12-15 15:09:01','2025-12-15 15:09:01',0,0,0,NULL),(60,'eogogo7','eogogo7','03ac674216f3e15c761ee1a5e255f067953623c8b388b4459e13f978d7c846f4',1,'ACTIVE',NULL,NULL,'2025-12-15 15:09:10','2025-12-15 15:09:10',0,0,0,NULL),(61,'미래찡','미래찡','03ac674216f3e15c761ee1a5e255f067953623c8b388b4459e13f978d7c846f4',1,'ACTIVE',NULL,NULL,'2025-12-15 15:09:17','2025-12-15 15:09:17',0,0,0,NULL),(62,'펭수','펭수','03ac674216f3e15c761ee1a5e255f067953623c8b388b4459e13f978d7c846f4',1,'ACTIVE',NULL,NULL,'2025-12-15 15:09:37','2025-12-15 15:09:37',0,0,0,NULL),(63,'풍경화','풍경화','03ac674216f3e15c761ee1a5e255f067953623c8b388b4459e13f978d7c846f4',4,'ACTIVE',NULL,NULL,'2025-12-15 15:09:47','2025-12-17 04:25:04',200,0,0,NULL),(64,'이하늬바람','이하늬바람','03ac674216f3e15c761ee1a5e255f067953623c8b388b4459e13f978d7c846f4',2,'ACTIVE',NULL,NULL,'2025-12-15 15:09:54','2025-12-16 03:14:37',80,0,0,NULL),(65,'센트럴씨','센트럴씨','03ac674216f3e15c761ee1a5e255f067953623c8b388b4459e13f978d7c846f4',1,'ACTIVE',NULL,NULL,'2025-12-16 04:31:06','2025-12-16 04:31:06',0,0,0,NULL),(66,'만기짜응','만기짜응','03ac674216f3e15c761ee1a5e255f067953623c8b388b4459e13f978d7c846f4',1,'ACTIVE',NULL,NULL,'2025-12-16 04:43:14','2025-12-16 04:43:14',0,0,0,NULL),(67,'캐슬김신','캐슬김신','03ac674216f3e15c761ee1a5e255f067953623c8b388b4459e13f978d7c846f4',2,'ACTIVE','2025-12-16 04:55:34','1.224.74.69','2025-12-16 04:49:31','2025-12-16 05:04:36',60,0,0,NULL),(68,'대박군','대박군','03ac674216f3e15c761ee1a5e255f067953623c8b388b4459e13f978d7c846f4',1,'ACTIVE','2025-12-17 13:36:37','119.203.250.210','2025-12-16 04:54:14','2025-12-17 13:36:54',0,0,5,NULL),(69,'한쿡남자','한쿡남자','03ac674216f3e15c761ee1a5e255f067953623c8b388b4459e13f978d7c846f4',2,'ACTIVE','2025-12-16 04:58:37','211.36.139.143','2025-12-16 04:58:01','2025-12-16 05:04:33',75,0,0,NULL),(70,'다따보쟈','다따보쟈','03ac674216f3e15c761ee1a5e255f067953623c8b388b4459e13f978d7c846f4',2,'ACTIVE','2025-12-16 05:17:14','58.228.176.143','2025-12-16 05:11:15','2025-12-16 07:50:34',75,0,0,NULL),(71,'룰렛왕','룰렛왕','03ac674216f3e15c761ee1a5e255f067953623c8b388b4459e13f978d7c846f4',1,'ACTIVE',NULL,NULL,'2025-12-16 05:14:16','2025-12-16 05:14:16',0,0,0,NULL),(72,'나도사람이다','나도사람이다','03ac674216f3e15c761ee1a5e255f067953623c8b388b4459e13f978d7c846f4',1,'ACTIVE',NULL,NULL,'2025-12-16 05:26:38','2025-12-16 05:26:38',0,0,0,NULL),(73,'오존스야','오존스야','03ac674216f3e15c761ee1a5e255f067953623c8b388b4459e13f978d7c846f4',1,'ACTIVE',NULL,NULL,'2025-12-16 05:29:48','2025-12-16 05:29:48',0,0,0,NULL),(74,'에버리치','에버리치','03ac674216f3e15c761ee1a5e255f067953623c8b388b4459e13f978d7c846f4',1,'ACTIVE','2025-12-17 12:03:36','118.235.7.132','2025-12-16 05:34:24','2025-12-17 12:04:07',0,0,5,NULL),(75,'유유유','유유유','03ac674216f3e15c761ee1a5e255f067953623c8b388b4459e13f978d7c846f4',3,'ACTIVE','2025-12-16 07:08:21','106.101.197.116','2025-12-16 05:36:46','2025-12-16 08:40:30',155,0,0,NULL),(76,'행쥬','행쥬','03ac674216f3e15c761ee1a5e255f067953623c8b388b4459e13f978d7c846f4',1,'ACTIVE',NULL,NULL,'2025-12-16 05:39:16','2025-12-16 05:39:16',0,0,0,NULL),(77,'접시','접시','03ac674216f3e15c761ee1a5e255f067953623c8b388b4459e13f978d7c846f4',1,'ACTIVE',NULL,NULL,'2025-12-16 05:47:08','2025-12-16 05:47:08',0,0,0,NULL),(80,'송주니야','송주니야','03ac674216f3e15c761ee1a5e255f067953623c8b388b4459e13f978d7c846f4',1,'ACTIVE',NULL,NULL,'2025-12-16 06:26:49','2025-12-16 06:26:49',0,0,0,NULL),(82,'달려라하늬','달려라하늬','03ac674216f3e15c761ee1a5e255f067953623c8b388b4459e13f978d7c846f4',1,'ACTIVE','2025-12-16 07:01:43','118.223.207.173','2025-12-16 07:00:18','2025-12-16 07:01:43',0,0,0,NULL),(83,'민성민성','민성민성','03ac674216f3e15c761ee1a5e255f067953623c8b388b4459e13f978d7c846f4',1,'ACTIVE','2025-12-16 11:49:33','223.39.176.8','2025-12-16 07:08:46','2025-12-16 11:49:33',0,0,0,NULL),(84,'다바오맨','다바오맨','03ac674216f3e15c761ee1a5e255f067953623c8b388b4459e13f978d7c846f4',2,'ACTIVE','2025-12-16 07:12:26','218.149.126.37','2025-12-16 07:12:11','2025-12-16 07:50:38',85,0,0,NULL),(85,'민똘이','민똘이','03ac674216f3e15c761ee1a5e255f067953623c8b388b4459e13f978d7c846f4',4,'ACTIVE','2025-12-16 07:22:15','118.235.82.254','2025-12-16 07:12:41','2025-12-17 02:16:12',250,0,0,NULL),(86,'박웅','박웅','03ac674216f3e15c761ee1a5e255f067953623c8b388b4459e13f978d7c846f4',1,'ACTIVE',NULL,NULL,'2025-12-16 07:34:08','2025-12-16 07:34:08',0,0,0,NULL),(88,'가져와','가져와','03ac674216f3e15c761ee1a5e255f067953623c8b388b4459e13f978d7c846f4',1,'ACTIVE',NULL,NULL,'2025-12-16 08:07:18','2025-12-16 08:07:18',0,0,0,NULL),(89,'이일','이일','03ac674216f3e15c761ee1a5e255f067953623c8b388b4459e13f978d7c846f4',1,'ACTIVE','2025-12-16 08:26:34','210.179.251.177','2025-12-16 08:25:26','2025-12-16 08:26:34',0,0,0,NULL),(90,'스팅','스팅','03ac674216f3e15c761ee1a5e255f067953623c8b388b4459e13f978d7c846f4',1,'ACTIVE','2025-12-16 08:30:46','125.242.33.100','2025-12-16 08:29:54','2025-12-16 08:30:46',0,0,0,NULL),(92,'춘식익','춘식익','03ac674216f3e15c761ee1a5e255f067953623c8b388b4459e13f978d7c846f4',3,'ACTIVE','2025-12-16 09:08:01','106.102.128.193','2025-12-16 08:42:34','2025-12-16 09:25:13',140,0,0,NULL),(95,'타이장인','타이장인','03ac674216f3e15c761ee1a5e255f067953623c8b388b4459e13f978d7c846f4',2,'ACTIVE','2025-12-16 10:23:44','106.101.129.6','2025-12-16 10:22:12','2025-12-16 13:15:55',65,0,0,NULL),(104,'라라리','라라리','03ac674216f3e15c761ee1a5e255f067953623c8b388b4459e13f978d7c846f4',1,'ACTIVE','2025-12-16 15:18:23','61.97.244.83','2025-12-16 15:09:57','2025-12-16 15:18:23',0,0,0,NULL),(105,'리스카이','리스카이','03ac674216f3e15c761ee1a5e255f067953623c8b388b4459e13f978d7c846f4',1,'ACTIVE',NULL,NULL,'2025-12-17 02:39:40','2025-12-17 02:39:40',0,0,0,NULL),(106,'임쑹','임쑹','03ac674216f3e15c761ee1a5e255f067953623c8b388b4459e13f978d7c846f4',1,'ACTIVE','2025-12-17 08:31:23','138.199.62.8','2025-12-17 02:39:54','2025-12-17 08:32:22',0,10000,0,NULL),(107,'보보','보보','03ac674216f3e15c761ee1a5e255f067953623c8b388b4459e13f978d7c846f4',1,'ACTIVE','2025-12-17 08:28:45','138.199.62.8','2025-12-17 02:40:03','2025-12-17 08:28:45',0,0,0,NULL),(108,'강민정토토','강민정토토','03ac674216f3e15c761ee1a5e255f067953623c8b388b4459e13f978d7c846f4',1,'ACTIVE','2025-12-17 08:24:30','138.199.62.8','2025-12-17 02:40:15','2025-12-17 08:24:30',0,10000,0,NULL),(109,'함자영씨','함자영씨','03ac674216f3e15c761ee1a5e255f067953623c8b388b4459e13f978d7c846f4',1,'ACTIVE',NULL,NULL,'2025-12-17 02:40:26','2025-12-17 02:40:26',0,0,0,NULL),(110,'벤디','벤디','03ac674216f3e15c761ee1a5e255f067953623c8b388b4459e13f978d7c846f4',1,'ACTIVE',NULL,NULL,'2025-12-17 02:40:34','2025-12-17 02:40:34',0,0,0,NULL),(111,'으랏챠차','으랏챠차','03ac674216f3e15c761ee1a5e255f067953623c8b388b4459e13f978d7c846f4',1,'ACTIVE',NULL,NULL,'2025-12-17 06:38:52','2025-12-17 06:38:52',0,0,0,NULL);
/*!40000 ALTER TABLE `user` ENABLE KEYS */;
UNLOCK TABLES;

--
-- Table structure for table `user_activity`
--

DROP TABLE IF EXISTS `user_activity`;
/*!40101 SET @saved_cs_client     = @@character_set_client */;
/*!50503 SET character_set_client = utf8mb4 */;
CREATE TABLE `user_activity` (
  `id` int NOT NULL AUTO_INCREMENT,
  `user_id` int NOT NULL,
  `last_login_at` datetime DEFAULT NULL,
  `last_charge_at` datetime DEFAULT NULL,
  `roulette_plays` int NOT NULL DEFAULT '0',
  `dice_plays` int NOT NULL DEFAULT '0',
  `lottery_plays` int NOT NULL DEFAULT '0',
  `total_play_duration` int NOT NULL DEFAULT '0',
  `last_bonus_used_at` datetime DEFAULT NULL,
  `created_at` datetime NOT NULL DEFAULT CURRENT_TIMESTAMP,
  `updated_at` datetime NOT NULL DEFAULT CURRENT_TIMESTAMP,
  `last_play_at` datetime DEFAULT NULL,
  PRIMARY KEY (`id`),
  UNIQUE KEY `uq_user_activity_user` (`user_id`),
  KEY `ix_user_activity_user_id` (`user_id`),
  KEY `ix_user_activity_id` (`id`),
  KEY `ix_user_activity_user_updated_at` (`user_id`,`updated_at`),
  CONSTRAINT `user_activity_ibfk_1` FOREIGN KEY (`user_id`) REFERENCES `user` (`id`) ON DELETE CASCADE
) ENGINE=InnoDB AUTO_INCREMENT=83 DEFAULT CHARSET=utf8mb4 COLLATE=utf8mb4_unicode_ci;
/*!40101 SET character_set_client = @saved_cs_client */;

--
-- Dumping data for table `user_activity`
--

LOCK TABLES `user_activity` WRITE;
/*!40000 ALTER TABLE `user_activity` DISABLE KEYS */;
INSERT INTO `user_activity` VALUES (1,18,'2025-12-15 09:08:05','2025-12-17 14:12:06',2,5,0,0,NULL,'2025-12-16 06:21:29','2025-12-17 14:12:06','2025-12-17 13:58:20'),(2,6,'2025-12-16 05:58:19',NULL,0,2,0,0,NULL,'2025-12-16 06:40:57','2025-12-16 06:40:57','2025-12-15 15:25:08'),(3,7,'2025-12-15 13:57:08',NULL,8,15,4,0,NULL,'2025-12-16 06:40:57','2025-12-17 09:24:36','2025-12-17 09:24:36'),(4,8,'2025-12-15 14:03:51',NULL,0,1,0,0,NULL,'2025-12-16 06:40:57','2025-12-16 06:40:57','2025-12-15 14:07:48'),(5,9,'2025-12-15 14:47:55','2025-12-17 02:42:57',2,6,6,0,NULL,'2025-12-16 06:40:57','2025-12-17 02:42:57','2025-12-16 10:03:18'),(6,10,'2025-12-16 02:28:00','2025-12-17 10:04:14',2,4,1,0,NULL,'2025-12-16 06:40:57','2025-12-17 10:04:14','2025-12-17 04:55:01'),(7,11,'2025-12-16 02:54:15','2025-12-17 04:56:15',2,4,1,0,NULL,'2025-12-16 06:40:57','2025-12-17 04:56:15','2025-12-16 05:32:15'),(8,12,NULL,'2025-12-17 14:13:12',3,7,1,0,NULL,'2025-12-16 06:40:57','2025-12-17 14:13:12','2025-12-17 02:10:49'),(9,14,'2025-12-15 06:50:25','2025-12-17 10:04:03',3,8,1,0,NULL,'2025-12-16 06:40:57','2025-12-17 12:13:23','2025-12-17 12:13:23'),(10,15,'2025-12-16 05:05:44','2025-12-17 07:57:01',1,7,1,0,NULL,'2025-12-16 06:40:57','2025-12-17 07:57:01','2025-12-16 08:42:57'),(11,16,'2025-12-16 07:07:12','2025-12-17 07:56:16',2,6,1,0,NULL,'2025-12-16 06:40:57','2025-12-17 07:56:16','2025-12-17 03:04:25'),(12,17,'2025-12-11 10:47:43',NULL,0,0,0,0,NULL,'2025-12-16 06:40:57','2025-12-16 06:40:57',NULL),(13,19,NULL,NULL,0,0,0,0,NULL,'2025-12-16 06:40:57','2025-12-16 06:40:57',NULL),(14,20,'2025-12-16 05:01:25',NULL,0,0,0,0,NULL,'2025-12-16 06:40:57','2025-12-16 06:40:57',NULL),(15,21,'2025-12-15 20:49:19','2025-12-17 14:11:50',1,4,0,0,NULL,'2025-12-16 06:40:57','2025-12-17 14:11:50','2025-12-17 01:33:20'),(16,22,'2025-12-15 22:10:57','2025-12-17 02:15:05',2,1,0,0,NULL,'2025-12-16 06:40:57','2025-12-17 02:15:05','2025-12-16 08:21:59'),(17,23,'2025-12-16 08:17:30','2025-12-17 09:30:06',3,1,1,0,NULL,'2025-12-16 06:40:57','2025-12-17 09:30:06','2025-12-16 08:21:06'),(18,24,'2025-12-13 07:46:06',NULL,0,0,0,0,NULL,'2025-12-16 06:40:57','2025-12-16 06:40:57',NULL),(19,25,'2025-12-16 04:40:45',NULL,2,4,1,0,NULL,'2025-12-16 06:40:57','2025-12-16 06:40:57','2025-12-16 04:46:15'),(20,26,'2025-12-16 04:38:51','2025-12-17 02:13:38',4,8,0,0,NULL,'2025-12-16 06:40:57','2025-12-17 03:15:17','2025-12-17 03:15:17'),(21,27,'2025-12-12 14:19:28',NULL,0,0,0,0,NULL,'2025-12-16 06:40:57','2025-12-16 06:40:57',NULL),(22,29,'2025-12-16 03:39:18','2025-12-17 02:14:14',2,1,0,0,NULL,'2025-12-16 06:40:57','2025-12-17 02:14:14','2025-12-16 03:40:36'),(23,30,'2025-12-16 07:05:58',NULL,2,3,0,0,NULL,'2025-12-16 06:40:57','2025-12-16 22:38:42','2025-12-16 22:38:42'),(24,31,NULL,NULL,0,0,0,0,NULL,'2025-12-16 06:40:57','2025-12-16 06:40:57',NULL),(25,32,NULL,NULL,0,0,0,0,NULL,'2025-12-16 06:40:57','2025-12-16 06:40:57',NULL),(26,33,'2025-12-16 03:02:28',NULL,0,1,0,0,NULL,'2025-12-16 06:40:57','2025-12-16 06:40:57','2025-12-16 03:02:44'),(27,34,'2025-12-12 03:12:46',NULL,0,0,0,0,NULL,'2025-12-16 06:40:57','2025-12-16 06:40:57',NULL),(28,35,'2025-12-16 02:18:43',NULL,0,0,0,0,NULL,'2025-12-16 06:40:57','2025-12-16 06:40:57',NULL),(29,36,'2025-12-13 07:30:15',NULL,0,0,0,0,NULL,'2025-12-16 06:40:57','2025-12-16 06:40:57',NULL),(30,37,'2025-12-12 07:48:02',NULL,0,0,0,0,NULL,'2025-12-16 06:40:57','2025-12-16 06:40:57',NULL),(31,38,NULL,NULL,0,0,0,0,NULL,'2025-12-16 06:40:57','2025-12-16 06:40:57',NULL),(32,39,'2025-12-16 08:00:29','2025-12-17 08:50:01',3,6,1,0,NULL,'2025-12-16 06:40:57','2025-12-17 08:50:01','2025-12-17 07:29:45'),(33,40,NULL,'2025-12-17 07:56:05',2,6,1,0,NULL,'2025-12-16 06:40:57','2025-12-17 07:56:05','2025-12-16 08:55:38'),(34,41,'2025-12-16 07:59:53','2025-12-17 08:03:25',6,13,3,0,NULL,'2025-12-16 06:40:57','2025-12-17 08:13:33','2025-12-17 08:13:33'),(35,42,'2025-12-12 10:47:43',NULL,0,0,0,0,NULL,'2025-12-16 06:40:57','2025-12-16 06:40:57',NULL),(36,43,'2025-12-15 15:23:32','2025-12-17 09:29:57',2,6,0,0,NULL,'2025-12-16 06:40:57','2025-12-17 09:29:57','2025-12-17 04:20:54'),(37,44,'2025-12-15 16:32:42','2025-12-17 03:27:33',2,4,0,0,NULL,'2025-12-16 06:40:57','2025-12-17 04:51:08','2025-12-17 04:51:08'),(38,45,'2025-12-16 07:56:54','2025-12-15 15:42:09',1,1,0,0,NULL,'2025-12-16 06:40:57','2025-12-16 08:21:55','2025-12-16 07:58:02'),(39,46,'2025-12-13 07:41:48',NULL,0,0,0,0,NULL,'2025-12-16 06:40:57','2025-12-16 06:40:57',NULL),(40,47,'2025-12-13 06:28:22',NULL,0,0,0,0,NULL,'2025-12-16 06:40:57','2025-12-16 06:40:57',NULL),(41,48,'2025-12-15 10:50:00','2025-12-17 03:27:24',2,1,0,0,NULL,'2025-12-16 06:40:57','2025-12-17 03:27:24','2025-12-16 03:36:57'),(42,50,'2025-12-15 15:16:46',NULL,1,1,0,0,NULL,'2025-12-16 06:40:57','2025-12-16 06:40:57','2025-12-15 15:46:01'),(43,51,NULL,NULL,2,8,0,0,NULL,'2025-12-16 06:40:57','2025-12-17 02:29:40','2025-12-17 02:29:40'),(44,52,NULL,'2025-12-16 05:12:21',0,0,0,0,NULL,'2025-12-16 06:40:57','2025-12-16 06:40:57',NULL),(45,53,NULL,NULL,0,0,0,0,NULL,'2025-12-16 06:40:57','2025-12-16 06:40:57',NULL),(46,54,NULL,NULL,0,0,0,0,NULL,'2025-12-16 06:40:57','2025-12-16 06:40:57',NULL),(47,55,NULL,'2025-12-17 03:47:18',1,4,0,0,NULL,'2025-12-16 06:40:57','2025-12-17 03:49:20','2025-12-17 03:49:20'),(48,56,'2025-12-16 05:48:57',NULL,0,0,0,0,NULL,'2025-12-16 06:40:57','2025-12-16 06:40:57',NULL),(49,57,'2025-12-15 15:01:49',NULL,0,0,0,0,NULL,'2025-12-16 06:40:57','2025-12-16 06:40:57',NULL),(50,58,'2025-12-15 15:56:07','2025-12-17 04:56:04',2,1,1,0,NULL,'2025-12-16 06:40:57','2025-12-17 04:56:04','2025-12-16 02:23:41'),(51,59,NULL,NULL,0,0,0,0,NULL,'2025-12-16 06:40:57','2025-12-16 06:40:57',NULL),(52,60,NULL,NULL,0,0,0,0,NULL,'2025-12-16 06:40:57','2025-12-16 06:40:57',NULL),(53,61,NULL,NULL,0,0,0,0,NULL,'2025-12-16 06:40:57','2025-12-16 06:40:57',NULL),(54,62,NULL,NULL,0,0,0,0,NULL,'2025-12-16 06:40:57','2025-12-16 06:40:57',NULL),(55,63,NULL,'2025-12-17 09:26:26',0,0,0,0,NULL,'2025-12-16 06:40:57','2025-12-17 09:26:26',NULL),(56,64,NULL,'2025-12-16 03:05:49',0,0,0,0,NULL,'2025-12-16 06:40:57','2025-12-16 06:40:57',NULL),(57,65,NULL,NULL,0,0,0,0,NULL,'2025-12-16 06:40:57','2025-12-16 06:40:57',NULL),(58,66,NULL,NULL,0,0,0,0,NULL,'2025-12-16 06:40:57','2025-12-16 06:40:57',NULL),(59,67,'2025-12-16 04:55:34',NULL,3,5,1,0,NULL,'2025-12-16 06:40:57','2025-12-16 06:40:57','2025-12-16 04:55:58'),(60,68,'2025-12-16 05:34:09',NULL,2,2,0,0,NULL,'2025-12-16 06:40:57','2025-12-17 13:36:55','2025-12-17 13:36:55'),(61,69,'2025-12-16 04:58:37','2025-12-16 04:58:39',2,3,1,0,NULL,'2025-12-16 06:40:57','2025-12-16 06:40:57','2025-12-16 05:02:40'),(62,70,'2025-12-16 05:17:14',NULL,1,6,0,0,NULL,'2025-12-16 06:40:57','2025-12-16 06:40:57','2025-12-16 06:30:22'),(63,71,NULL,NULL,0,0,0,0,NULL,'2025-12-16 06:40:57','2025-12-16 06:40:57',NULL),(64,72,NULL,NULL,0,0,0,0,NULL,'2025-12-16 06:40:57','2025-12-16 06:40:57',NULL),(65,73,NULL,NULL,0,0,0,0,NULL,'2025-12-16 06:40:57','2025-12-16 06:40:57',NULL),(66,74,NULL,NULL,0,0,1,0,NULL,'2025-12-16 06:40:57','2025-12-17 12:04:07','2025-12-17 12:04:07'),(67,75,'2025-12-16 07:08:21','2025-12-16 06:57:43',13,11,1,0,NULL,'2025-12-16 06:40:57','2025-12-16 08:29:21','2025-12-16 08:29:21'),(68,76,NULL,NULL,0,0,0,0,NULL,'2025-12-16 06:40:57','2025-12-16 06:40:57',NULL),(69,77,NULL,NULL,0,0,0,0,NULL,'2025-12-16 06:40:57','2025-12-16 06:40:57',NULL),(70,80,NULL,NULL,0,0,0,0,NULL,'2025-12-16 06:40:57','2025-12-16 06:40:57',NULL),(72,82,'2025-12-16 07:01:43',NULL,0,2,0,0,NULL,'2025-12-16 07:01:53','2025-12-16 08:21:55','2025-12-16 07:02:01'),(73,85,'2025-12-16 07:22:15','2025-12-17 02:14:56',8,13,3,0,NULL,'2025-12-16 07:13:57','2025-12-17 02:14:56','2025-12-17 00:43:16'),(74,84,'2025-12-16 07:12:26',NULL,1,4,0,0,NULL,'2025-12-16 07:18:43','2025-12-16 08:21:55','2025-12-16 07:20:16'),(75,83,'2025-12-16 07:20:21',NULL,2,3,1,0,NULL,'2025-12-16 07:20:39','2025-12-17 06:32:03','2025-12-17 06:32:03'),(76,86,NULL,NULL,0,0,0,0,NULL,'2025-12-16 08:21:55','2025-12-16 08:21:55',NULL),(77,88,NULL,NULL,0,0,0,0,NULL,'2025-12-16 08:21:55','2025-12-16 08:21:55',NULL),(78,90,NULL,NULL,0,2,0,0,NULL,'2025-12-16 08:31:21','2025-12-16 08:31:28','2025-12-16 08:31:28'),(79,89,NULL,NULL,0,2,0,0,NULL,'2025-12-16 08:33:02','2025-12-16 08:33:10','2025-12-16 08:33:10'),(80,92,NULL,'2025-12-17 07:57:12',13,11,3,0,NULL,'2025-12-16 08:58:19','2025-12-17 07:57:12','2025-12-16 14:24:38'),(81,95,NULL,NULL,4,4,1,0,NULL,'2025-12-16 10:25:36','2025-12-16 10:27:25','2025-12-16 10:27:25'),(82,105,NULL,'2025-12-17 03:47:38',0,0,0,0,NULL,'2025-12-17 03:47:38','2025-12-17 03:47:38',NULL);
/*!40000 ALTER TABLE `user_activity` ENABLE KEYS */;
UNLOCK TABLES;

--
-- Table structure for table `user_activity_event`
--

DROP TABLE IF EXISTS `user_activity_event`;
/*!40101 SET @saved_cs_client     = @@character_set_client */;
/*!50503 SET character_set_client = utf8mb4 */;
CREATE TABLE `user_activity_event` (
  `id` int NOT NULL AUTO_INCREMENT,
  `user_id` int NOT NULL,
  `event_id` varchar(36) COLLATE utf8mb4_unicode_ci NOT NULL,
  `event_type` varchar(50) COLLATE utf8mb4_unicode_ci NOT NULL,
  `created_at` datetime NOT NULL DEFAULT CURRENT_TIMESTAMP,
  PRIMARY KEY (`id`),
  UNIQUE KEY `uq_user_activity_event_event_id` (`event_id`),
  KEY `ix_user_activity_event_id` (`id`),
  KEY `ix_user_activity_event_user_id` (`user_id`),
  KEY `ix_user_activity_event_user_created` (`user_id`,`created_at`),
  CONSTRAINT `user_activity_event_ibfk_1` FOREIGN KEY (`user_id`) REFERENCES `user` (`id`) ON DELETE CASCADE
) ENGINE=InnoDB AUTO_INCREMENT=266 DEFAULT CHARSET=utf8mb4 COLLATE=utf8mb4_unicode_ci;
/*!40101 SET character_set_client = @saved_cs_client */;

--
-- Dumping data for table `user_activity_event`
--

LOCK TABLES `user_activity_event` WRITE;
/*!40000 ALTER TABLE `user_activity_event` DISABLE KEYS */;
INSERT INTO `user_activity_event` VALUES (1,18,'a0c66a5f-d0c9-4020-ae7f-5ad44f7ae86f','ROULETTE_PLAY','2025-12-16 06:21:29'),(2,18,'cca93a7a-b863-4e69-b7d9-3ead1f450d1d','DICE_PLAY','2025-12-16 06:21:44'),(3,18,'3dd00d40-4881-4e79-948a-edf7ac637bce','DICE_PLAY','2025-12-16 06:21:47'),(4,18,'54125916-081c-418a-874e-4caac2106542','DICE_PLAY','2025-12-16 06:21:53'),(5,82,'b3d03451-8ee6-40bc-afb2-e2567d60f307','DICE_PLAY','2025-12-16 07:01:53'),(6,82,'055c52b1-5767-40be-8419-0c76af4a22c5','DICE_PLAY','2025-12-16 07:02:01'),(7,30,'1068a748-d83d-4270-a86f-58ab945e52e4','DICE_PLAY','2025-12-16 07:06:12'),(8,30,'5d12bcba-52db-40db-ab16-219dc8789fd7','DICE_PLAY','2025-12-16 07:06:18'),(9,30,'0ccece3a-4150-429b-863b-42e29d597741','ROULETTE_PLAY','2025-12-16 07:07:05'),(10,30,'cbf9ec09-0c3d-4fa0-baf5-2247d2f301cf','ROULETTE_PLAY','2025-12-16 07:07:10'),(11,16,'c110e6f7-c605-4c68-a89b-77daaf8d52c1','DICE_PLAY','2025-12-16 07:07:30'),(12,75,'29c8712d-2e8a-473d-97d2-fa3f91829024','ROULETTE_PLAY','2025-12-16 07:08:28'),(13,75,'26e13aaf-ee70-4980-8d9e-1f34c8a8d6d8','DICE_PLAY','2025-12-16 07:09:11'),(14,75,'1749ae20-fe16-46a6-b1eb-29c7bacfde71','DICE_PLAY','2025-12-16 07:09:16'),(15,75,'fdc71317-002c-432e-9282-04ba5a21ac5d','DICE_PLAY','2025-12-16 07:09:24'),(16,75,'b511d640-67cf-4897-995e-d1c1cb6515ff','DICE_PLAY','2025-12-16 07:09:28'),(17,85,'8b1bd83a-3335-452f-9411-f7336952b906','DICE_PLAY','2025-12-16 07:13:57'),(18,85,'82590099-de1e-4475-ba6c-c6c0cdce30db','DICE_PLAY','2025-12-16 07:14:01'),(19,85,'d67904d7-460b-4f8e-883e-178ff6822119','ROULETTE_PLAY','2025-12-16 07:14:24'),(20,85,'bbfa5dde-cd69-4704-b252-322b5054970e','ROULETTE_PLAY','2025-12-16 07:14:30'),(21,85,'627f22b0-f633-483e-9e70-f7a85ac18533','LOTTERY_PLAY','2025-12-16 07:17:26'),(22,84,'063b6030-3576-4b9f-98e4-a3c11e3c5138','DICE_PLAY','2025-12-16 07:18:43'),(23,84,'3646f69d-2540-4743-8ac7-efd4e84d21ee','DICE_PLAY','2025-12-16 07:18:49'),(24,16,'69b49c6a-2e10-4bd8-aefe-8bf988f7b259','ROULETTE_PLAY','2025-12-16 07:19:10'),(25,84,'1861dd1e-b284-4a71-ac20-aa8096ec3af1','ROULETTE_PLAY','2025-12-16 07:19:58'),(26,84,'e4988d6b-77e9-44d5-a6cc-f1e156815d97','DICE_PLAY','2025-12-16 07:20:11'),(27,84,'66d81a75-c02f-4aa2-a5a8-01ca5c596647','DICE_PLAY','2025-12-16 07:20:16'),(28,83,'e930295d-0e2a-4e49-8d06-5a910e0b3513','ROULETTE_PLAY','2025-12-16 07:20:39'),(29,85,'dac87dd5-354d-4bb8-8029-c28d46b02cc7','DICE_PLAY','2025-12-16 07:23:39'),(30,85,'e8a92dc7-3352-41d4-9d85-ddfc3cc7ec64','DICE_PLAY','2025-12-16 07:23:47'),(31,85,'6a9ffcc9-901f-440b-b59e-484566d8446d','ROULETTE_PLAY','2025-12-16 07:23:54'),(32,85,'1eaf54cc-f772-4930-bd8b-d27cfc091a85','ROULETTE_PLAY','2025-12-16 07:23:59'),(33,83,'6314e123-4702-49da-a45f-15bb85bf04d4','DICE_PLAY','2025-12-16 07:25:32'),(34,83,'8751f4dc-0536-4f26-862f-26cb67bf4712','DICE_PLAY','2025-12-16 07:25:43'),(35,83,'d17ee57c-5036-4834-bf33-462db6448713','LOTTERY_PLAY','2025-12-16 07:26:25'),(36,85,'6d2d369a-4aca-4b2f-bfd3-075a1642b19a','ROULETTE_PLAY','2025-12-16 07:47:37'),(37,85,'1903a569-06c5-46e8-8bd9-03938c570331','ROULETTE_PLAY','2025-12-16 07:47:41'),(38,85,'98f3adbc-339c-4fe2-977c-b0faa6ffc5c0','ROULETTE_PLAY','2025-12-16 07:47:47'),(39,85,'dd7ac125-5aca-45c5-b902-1c9134b732b2','DICE_PLAY','2025-12-16 07:48:09'),(40,85,'2a984729-28a6-4184-8f36-47886a3618ef','DICE_PLAY','2025-12-16 07:48:12'),(41,45,'331fe615-eb00-4330-8293-0cad8a9f5b15','ROULETTE_PLAY','2025-12-16 07:57:07'),(42,45,'f8786724-28bb-41da-90f1-89ba69cdd255','DICE_PLAY','2025-12-16 07:58:02'),(43,41,'3dee48f3-9aea-4e3d-ba08-84fb9fdd7a44','ROULETTE_PLAY','2025-12-16 08:00:00'),(44,41,'629e69b3-20e1-4530-8bd8-9243f28ae221','DICE_PLAY','2025-12-16 08:00:15'),(45,41,'f9ec3bde-c3d6-48cd-a4da-a1483cce7e45','DICE_PLAY','2025-12-16 08:00:18'),(46,39,'c7889ae8-3e82-4347-90fb-251efca57e9e','DICE_PLAY','2025-12-16 08:01:10'),(47,39,'e1ba8707-1a7a-446b-b181-415c528c434d','ROULETTE_PLAY','2025-12-16 08:01:31'),(48,39,'850cce03-6e79-4b34-b1df-e8b9b9965fd9','DICE_PLAY','2025-12-16 08:02:40'),(49,85,'343df5e7-763e-4665-bab3-fe10c9b1fbd2','LOTTERY_PLAY','2025-12-16 08:11:54'),(50,23,'60ddb3fe-53ab-4f4d-9eab-4dfce3df7283','ROULETTE_PLAY','2025-12-16 08:19:22'),(51,23,'723ce779-424e-4cec-ae73-2d4d7a729240','ROULETTE_PLAY','2025-12-16 08:19:37'),(52,23,'cacc0a8f-135c-419f-8df2-1ce9f03615e0','ROULETTE_PLAY','2025-12-16 08:19:45'),(53,23,'215b93e2-a9f5-46c0-bb58-4f617ff3c8ea','LOTTERY_PLAY','2025-12-16 08:20:19'),(54,23,'3f4c42ca-af3b-4813-89af-8fe8d88ab369','DICE_PLAY','2025-12-16 08:21:06'),(55,22,'1897e7fa-7231-4c11-b646-c7abaf2a451a','ROULETTE_PLAY','2025-12-16 08:21:59'),(56,75,'aeb6f2f5-b342-4f4a-ad63-1919f709c3f5','ROULETTE_PLAY','2025-12-16 08:23:57'),(57,75,'dd2fee17-7fff-4743-a9b5-e2d1c311b6c8','ROULETTE_PLAY','2025-12-16 08:24:04'),(58,75,'95697da7-6e08-4a94-b979-a661922e54f6','ROULETTE_PLAY','2025-12-16 08:24:09'),(59,75,'ee286747-815b-46f3-81db-8f8add1dd355','ROULETTE_PLAY','2025-12-16 08:24:14'),(60,75,'63f9b2b2-ae2f-4807-98d8-499e544fd40d','ROULETTE_PLAY','2025-12-16 08:24:19'),(61,75,'ab4e051b-31f0-4e4c-a673-c34488ed7b7a','ROULETTE_PLAY','2025-12-16 08:24:24'),(62,75,'fd67b104-1f71-4b29-b7a6-06adb00e3a47','ROULETTE_PLAY','2025-12-16 08:24:28'),(63,75,'b0be2a99-2576-4724-9fe8-3be004d12c0f','ROULETTE_PLAY','2025-12-16 08:24:34'),(64,75,'fff49984-e9ec-4089-8541-539674742c5f','ROULETTE_PLAY','2025-12-16 08:24:38'),(65,75,'529bf7da-11d1-497f-9e17-de38669ac58f','ROULETTE_PLAY','2025-12-16 08:24:53'),(66,75,'e6ca0c75-e5c1-45db-872e-fbb8e86e6b11','ROULETTE_PLAY','2025-12-16 08:25:01'),(67,75,'f3ea9a90-5ff8-4d87-a56b-304161485d5d','DICE_PLAY','2025-12-16 08:28:24'),(68,75,'6e7b8bc0-603b-4480-afc0-8040ce576e48','DICE_PLAY','2025-12-16 08:28:28'),(69,75,'6f796878-00d5-4502-a006-899aaa3d70fa','DICE_PLAY','2025-12-16 08:28:30'),(70,75,'96c247ac-9ad5-44bb-94c1-c564cfaa515c','DICE_PLAY','2025-12-16 08:28:33'),(71,75,'c95f7124-d1ee-4bfc-9966-2d3bf26b356f','DICE_PLAY','2025-12-16 08:28:35'),(72,75,'e9c1f19e-4b7b-4fd5-ae87-bc3d7dae402b','DICE_PLAY','2025-12-16 08:28:38'),(73,75,'bb3add41-046e-4163-8884-c8d2f834e93a','DICE_PLAY','2025-12-16 08:28:40'),(74,75,'b5e4de09-1075-433b-bd48-4b0a302a370b','ROULETTE_PLAY','2025-12-16 08:28:47'),(75,75,'e9723a16-61b9-49ae-96e7-36cc3d5ede5b','LOTTERY_PLAY','2025-12-16 08:29:21'),(76,90,'d00b28f3-37b8-4c66-b1ac-5027c750964e','DICE_PLAY','2025-12-16 08:31:21'),(77,90,'6d63e9d1-8f8c-464e-89eb-6d4d652ce750','DICE_PLAY','2025-12-16 08:31:28'),(78,89,'5d16235c-c422-42f9-9d7a-bd48f7de286d','DICE_PLAY','2025-12-16 08:33:02'),(79,89,'59430d9c-e3e6-44e3-964f-3e2836934459','DICE_PLAY','2025-12-16 08:33:10'),(80,15,'b4189b55-8471-4d52-86ca-9632beda392f','LOTTERY_PLAY','2025-12-16 08:42:13'),(81,15,'fb8e97ec-f578-46dc-9d04-d117f6c1442b','DICE_PLAY','2025-12-16 08:42:43'),(82,15,'7c88936a-a078-4b6d-905d-8aea698ac5b6','DICE_PLAY','2025-12-16 08:42:47'),(83,15,'8120c9ce-9da8-4dde-90ad-b40363c59242','DICE_PLAY','2025-12-16 08:42:50'),(84,15,'36580afd-7ea3-4171-9d4c-46e7b693c447','DICE_PLAY','2025-12-16 08:42:53'),(85,15,'53107b66-e8a0-4675-9dba-421230badd9e','DICE_PLAY','2025-12-16 08:42:57'),(86,40,'c6d5a2f3-2122-4399-98a8-93098cdf3066','ROULETTE_PLAY','2025-12-16 08:54:58'),(87,40,'d9a79362-5215-4d5b-b4f5-002382c65493','ROULETTE_PLAY','2025-12-16 08:55:03'),(88,40,'fb0ebfd6-14ca-4c13-92b6-306af500eae0','DICE_PLAY','2025-12-16 08:55:13'),(89,40,'866c38ce-5e69-4780-8821-8d82533e3da5','DICE_PLAY','2025-12-16 08:55:16'),(90,40,'a475125d-9ca3-43d7-b3b1-9c809ca5ad16','DICE_PLAY','2025-12-16 08:55:21'),(91,40,'52d5aba8-ef6b-4dd0-b04b-71ba8b9c5966','DICE_PLAY','2025-12-16 08:55:24'),(92,40,'5c7a8188-1dd7-40fa-874d-28ee98374ce0','DICE_PLAY','2025-12-16 08:55:27'),(93,40,'0017c1f3-67fb-44d2-8e86-08091a3ff653','DICE_PLAY','2025-12-16 08:55:30'),(94,40,'a4de2cb3-787c-467b-8b2c-c6cc080e9daf','LOTTERY_PLAY','2025-12-16 08:55:38'),(95,39,'c8435c71-b070-4c25-aec4-9d146048d8f2','ROULETTE_PLAY','2025-12-16 08:58:49'),(96,39,'27567ff6-01ab-4a5d-b8a0-65530d4ba9c1','DICE_PLAY','2025-12-16 08:59:34'),(97,39,'8a183d54-e683-4a38-9858-c893f66181dc','DICE_PLAY','2025-12-16 08:59:40'),(98,92,'712c02da-c224-4b3b-9518-5c3000823dc5','ROULETTE_PLAY','2025-12-16 09:08:18'),(99,92,'a69755c9-4d7a-478f-9df0-eff623a2338c','DICE_PLAY','2025-12-16 09:08:35'),(100,92,'3bc7ccd8-aa81-40c0-8512-14cedc53ef0b','DICE_PLAY','2025-12-16 09:08:42'),(101,92,'88913121-40ad-4ef0-a9e7-dc6e6acc670e','LOTTERY_PLAY','2025-12-16 09:09:15'),(102,92,'c9c7af5d-d5a3-4488-a590-1799902101f2','ROULETTE_PLAY','2025-12-16 09:12:41'),(103,92,'651f0935-6742-4237-9f51-91d91c0e60c4','DICE_PLAY','2025-12-16 09:14:28'),(104,92,'7a2ced91-d4df-474e-b85c-226bc8aa36e5','DICE_PLAY','2025-12-16 09:14:31'),(105,92,'98c071f2-905b-4a1e-9b88-c1baafb2c39d','DICE_PLAY','2025-12-16 09:14:33'),(106,92,'d1e2cccc-e625-47a5-8886-71a6e84aa42e','DICE_PLAY','2025-12-16 09:14:37'),(107,92,'2d72422c-318b-421d-b4e6-fdc44b96435c','DICE_PLAY','2025-12-16 09:14:40'),(108,92,'6fcd539d-ccd1-499f-8408-42cb0547df5b','DICE_PLAY','2025-12-16 09:14:43'),(109,92,'2df6b9f2-38eb-4281-b244-0665f3f2cb12','ROULETTE_PLAY','2025-12-16 09:14:54'),(110,92,'5c632783-d61f-4aa0-b280-9e5bc7d14e2a','LOTTERY_PLAY','2025-12-16 09:19:36'),(111,92,'9c190109-dd2d-4726-a34d-3a6c9cf90f32','ROULETTE_PLAY','2025-12-16 09:20:17'),(112,92,'f050a8f8-3058-4f7f-9062-0312e4a0915d','ROULETTE_PLAY','2025-12-16 09:20:29'),(113,92,'a3a5f886-7829-447b-83b7-13105432e700','ROULETTE_PLAY','2025-12-16 09:20:36'),(114,92,'ffbfe7ce-7d63-43b6-8f88-d9a19bbeb542','ROULETTE_PLAY','2025-12-16 09:20:42'),(115,92,'418154e9-1cd1-4ab8-85ac-9a84be2e1375','ROULETTE_PLAY','2025-12-16 09:20:48'),(116,92,'ec6f059f-5f68-4cfc-b171-f34cae4b17fd','ROULETTE_PLAY','2025-12-16 09:20:53'),(117,92,'228f27ba-6419-44fb-978c-81eb9675a846','ROULETTE_PLAY','2025-12-16 09:20:58'),(118,92,'c028198b-0b36-4866-90d8-0b4733071167','ROULETTE_PLAY','2025-12-16 09:21:03'),(119,92,'b9990028-0634-44a1-9742-cd1773d44778','ROULETTE_PLAY','2025-12-16 09:21:22'),(120,92,'4e544b2f-a193-42c7-a506-ddaf50723644','ROULETTE_PLAY','2025-12-16 09:21:27'),(121,92,'fc9063c3-2008-409a-b2cc-534afcca7b91','DICE_PLAY','2025-12-16 09:21:43'),(122,92,'4d23855f-fe9f-406b-94ab-0c88228742ef','DICE_PLAY','2025-12-16 09:21:46'),(123,92,'3dd2347f-f622-4d1b-a42a-4ef2c875dccb','LOTTERY_PLAY','2025-12-16 09:22:39'),(124,43,'0cb9c40b-142f-4dd9-9abe-2e84e52bd256','ROULETTE_PLAY','2025-12-16 09:26:57'),(125,43,'d0b65ea3-c259-4cc8-ae47-890414678cf5','DICE_PLAY','2025-12-16 09:27:22'),(126,43,'8807fa4c-2144-471b-8b14-6cfa829163e8','DICE_PLAY','2025-12-16 09:27:27'),(127,43,'77e49200-3e39-441c-b9fc-c2d034b25b93','DICE_PLAY','2025-12-16 09:27:48'),(128,41,'ab379dad-ace6-4c30-b8a7-40cb33e79832','ROULETTE_PLAY','2025-12-16 09:49:19'),(129,41,'b75e51b0-50ae-4ca6-b43b-39723d9b062b','ROULETTE_PLAY','2025-12-16 09:49:24'),(130,41,'03d462bd-bf71-4021-8cf2-ab899827d40b','ROULETTE_PLAY','2025-12-16 09:49:29'),(131,41,'8f43848a-550e-474a-a1fd-5be6c8fb10d1','ROULETTE_PLAY','2025-12-16 09:49:34'),(132,41,'10b76ce1-d721-474a-93a1-76162688296b','LOTTERY_PLAY','2025-12-16 09:50:09'),(133,41,'ed278285-133f-44c9-a7e3-1f214c7bd05c','DICE_PLAY','2025-12-16 09:50:23'),(134,41,'0224f7e8-31f7-4c98-a42a-7c4a3f9b9bc4','DICE_PLAY','2025-12-16 09:50:32'),(135,41,'73125bf5-e956-4e2b-84d6-2795931158f8','DICE_PLAY','2025-12-16 09:50:37'),(136,41,'d0e2aba8-e7db-43dc-9a8f-7e2c49e101ca','DICE_PLAY','2025-12-16 09:50:39'),(137,41,'1e0f28df-6db0-4ff1-8d59-276fbbbf3add','DICE_PLAY','2025-12-16 09:50:41'),(138,41,'336c64e1-8816-438f-a5f5-3748ac0fc7b2','DICE_PLAY','2025-12-16 09:50:44'),(139,41,'da5c0281-a6d5-4a90-9cd8-c5747824e071','LOTTERY_PLAY','2025-12-16 09:50:50'),(140,41,'88401f8c-3a1d-4bc5-b8d7-4a370499dc17','DICE_PLAY','2025-12-16 09:51:32'),(141,9,'47ae9b99-2a4e-4c95-90a3-24309a18dc58','LOTTERY_PLAY','2025-12-16 10:03:02'),(142,9,'e24561a2-e18d-4bb7-8b6d-cf59ab5b1ca7','LOTTERY_PLAY','2025-12-16 10:03:13'),(143,9,'b78b54c5-7659-44c6-878b-da5d026e974f','LOTTERY_PLAY','2025-12-16 10:03:18'),(144,95,'abb306ca-6363-4800-b452-a5bf71d37498','ROULETTE_PLAY','2025-12-16 10:25:36'),(145,95,'dc65dc10-2a09-4444-bf08-93157a037690','ROULETTE_PLAY','2025-12-16 10:25:42'),(146,95,'bf91dfbc-b1dd-48b2-98ca-fa5ad63f46f5','ROULETTE_PLAY','2025-12-16 10:25:48'),(147,95,'4982eff9-a006-4a63-83a6-d99a6352ac0a','DICE_PLAY','2025-12-16 10:25:58'),(148,95,'026ea838-dc0e-437a-9e6a-8a186b9c1cc3','DICE_PLAY','2025-12-16 10:26:03'),(149,95,'92fff8db-74e5-4db3-8185-cf70faaf0893','ROULETTE_PLAY','2025-12-16 10:26:30'),(150,95,'0307e993-c7a4-4732-b357-c98e60db8de2','DICE_PLAY','2025-12-16 10:26:56'),(151,95,'0638a6d8-0f13-4941-b457-f8836f816985','DICE_PLAY','2025-12-16 10:27:01'),(152,95,'3b1a7ded-de3b-4b2c-bef9-e5e9e55dfcba','LOTTERY_PLAY','2025-12-16 10:27:25'),(153,14,'f65510f4-4cfd-4c88-9dc5-2f22e71ec613','DICE_PLAY','2025-12-16 11:33:48'),(154,14,'92e28428-4a56-41f2-83e5-fc6641582e02','DICE_PLAY','2025-12-16 11:33:51'),(155,14,'bae49da3-cb90-4462-9d34-d4bb0d909292','DICE_PLAY','2025-12-16 11:33:53'),(156,14,'c3278148-9ca5-4550-9ae9-012a76d81e1e','ROULETTE_PLAY','2025-12-16 11:34:02'),(157,14,'559b0b59-201f-4509-adbc-22a38fc62104','ROULETTE_PLAY','2025-12-16 11:34:07'),(158,12,'c431ead9-25b9-45fc-9920-496481f54fea','ROULETTE_PLAY','2025-12-16 13:21:26'),(159,12,'eb871a46-285a-4dd5-a13f-4721072507ee','ROULETTE_PLAY','2025-12-16 13:21:31'),(160,12,'473c6750-321e-49c0-8ae7-1eb5c4608c0e','ROULETTE_PLAY','2025-12-16 13:21:36'),(161,12,'0426fd32-eec1-4980-b06f-28b354517acd','DICE_PLAY','2025-12-16 13:21:43'),(162,12,'bbbf4b0a-c7bf-4866-a71d-68425b9c2397','DICE_PLAY','2025-12-16 13:22:14'),(163,12,'bc62f6e1-5f5c-44fb-ad72-07532326ac92','DICE_PLAY','2025-12-16 13:22:16'),(164,12,'fcb6a9b0-ada7-4962-bbd2-a4d01193439a','DICE_PLAY','2025-12-16 13:22:19'),(165,12,'9c89bdfb-a810-4424-a78f-93db51d3b5bb','DICE_PLAY','2025-12-16 13:22:21'),(166,7,'f0a27c84-8c40-478d-8042-117598b0990a','ROULETTE_PLAY','2025-12-16 13:28:02'),(167,7,'1a83f5e9-719a-4ab5-9ee2-d08c46c2a49a','ROULETTE_PLAY','2025-12-16 13:28:06'),(168,7,'55d07aec-bd01-4f53-bded-49ce47643e08','ROULETTE_PLAY','2025-12-16 13:28:11'),(169,7,'40448e7c-da43-4006-ad21-490dd4419419','ROULETTE_PLAY','2025-12-16 13:28:16'),(170,7,'cf3e1ad8-cded-48e7-8b95-983b73eaf072','DICE_PLAY','2025-12-16 13:28:20'),(171,7,'d8b94379-69cc-44aa-8e77-06324099ed32','DICE_PLAY','2025-12-16 13:28:22'),(172,7,'2001663e-d5a9-403a-8207-92b8deedd163','DICE_PLAY','2025-12-16 13:28:24'),(173,7,'16bd0cd4-d6dd-4e95-b293-63c17de401fb','DICE_PLAY','2025-12-16 13:28:27'),(174,7,'1237d6ba-97b6-467d-b047-d55320a74bdd','DICE_PLAY','2025-12-16 13:28:29'),(175,7,'06dbe5a0-3f42-4b0a-8ae7-70b256b58ee8','DICE_PLAY','2025-12-16 13:28:31'),(176,7,'e0e08802-f0d5-4c41-90a3-38f254b3e7aa','DICE_PLAY','2025-12-16 13:28:33'),(177,7,'20e7e0b1-5c09-41d0-97ae-47ed901d4fc5','DICE_PLAY','2025-12-16 13:28:35'),(178,7,'92150e27-af6e-4474-823c-2e8aedecabce','LOTTERY_PLAY','2025-12-16 13:29:01'),(179,85,'016eae9f-6c31-41bc-a764-83cbdd126ded','DICE_PLAY','2025-12-16 13:48:10'),(180,85,'13d4d846-2e8c-45e0-8876-660a3cd92ff5','DICE_PLAY','2025-12-16 13:48:13'),(181,85,'8c8355b6-58e0-4300-b818-38f09d0e114f','DICE_PLAY','2025-12-16 13:48:15'),(182,85,'9ce0ca4d-85e9-4d60-9c81-2901828d6e4a','DICE_PLAY','2025-12-16 13:48:18'),(183,85,'178baa2b-e387-4bdf-b6ec-7eeb09497e83','DICE_PLAY','2025-12-16 13:48:21'),(184,7,'f1bd101f-7d1f-4923-8ca1-b55d33f7e032','ROULETTE_PLAY','2025-12-16 13:59:55'),(185,7,'95d85328-1ac1-4b19-9a0d-357e9ede45b2','ROULETTE_PLAY','2025-12-16 14:00:06'),(186,7,'ff771caf-d3e8-4c75-86d4-639eab88fe5f','DICE_PLAY','2025-12-16 14:00:13'),(187,7,'197c9f53-4216-4635-bd0a-501923029f22','LOTTERY_PLAY','2025-12-16 14:00:26'),(188,92,'19ad0a2f-ded9-488d-9cd7-a42cb46e08fc','DICE_PLAY','2025-12-16 14:24:38'),(189,14,'18b20ee9-0569-49a3-9fb7-c8981499116e','LOTTERY_PLAY','2025-12-16 17:38:38'),(190,26,'a106eaf3-9cc2-4387-89d5-172f354e7a7c','DICE_PLAY','2025-12-16 17:59:52'),(191,30,'a0b39333-df08-4ced-ac22-1331f6298910','DICE_PLAY','2025-12-16 22:38:42'),(192,85,'43cd34e0-33d4-4007-be07-1af95234d811','ROULETTE_PLAY','2025-12-17 00:42:49'),(193,85,'2cd0c807-2e83-4f64-80f7-8c7a48538a02','DICE_PLAY','2025-12-17 00:43:03'),(194,85,'7e2660aa-9220-4945-9718-60fa653b1dd1','DICE_PLAY','2025-12-17 00:43:06'),(195,85,'0b774839-ff53-4aed-bc40-7a7151be3d14','LOTTERY_PLAY','2025-12-17 00:43:16'),(196,21,'18c5f143-0394-4482-b348-de2efbbd3ec3','ROULETTE_PLAY','2025-12-17 01:32:48'),(197,21,'7b3af0a5-3d3e-4edf-ad90-1317763c20e3','DICE_PLAY','2025-12-17 01:33:02'),(198,21,'a87ae1c6-ce05-4694-bd2b-670be1071920','DICE_PLAY','2025-12-17 01:33:08'),(199,21,'ee033e20-926d-4335-9460-40667ffa0340','DICE_PLAY','2025-12-17 01:33:12'),(200,21,'f8eb55c7-257f-482d-869a-da91f36d661c','DICE_PLAY','2025-12-17 01:33:20'),(201,12,'b3036ef3-aeaa-4370-838c-11e19021297e','LOTTERY_PLAY','2025-12-17 02:10:41'),(202,12,'fcdbaffb-4ef0-43a2-9324-096c9088838d','DICE_PLAY','2025-12-17 02:10:47'),(203,12,'f43490e5-ca4a-42f9-b13b-0ef0cadca808','DICE_PLAY','2025-12-17 02:10:49'),(204,51,'84a9f559-fe16-4352-82fe-c82ad04adf56','DICE_PLAY','2025-12-17 02:26:52'),(205,51,'d2ec20fb-3947-4174-ae36-129b33317941','DICE_PLAY','2025-12-17 02:28:06'),(206,51,'da947057-e644-44ff-9f8e-7e8e0d33b1c8','DICE_PLAY','2025-12-17 02:28:10'),(207,51,'f4af1e35-7f78-4944-a3af-d9447265c7dc','ROULETTE_PLAY','2025-12-17 02:28:58'),(208,51,'42776143-f63e-4552-9067-cb37c85696a6','DICE_PLAY','2025-12-17 02:29:06'),(209,51,'6d6c0170-1e65-47f6-b943-431d7e3a0706','DICE_PLAY','2025-12-17 02:29:08'),(210,51,'3d6958a7-5ece-4624-8908-ed67659f9769','ROULETTE_PLAY','2025-12-17 02:29:13'),(211,51,'fdce1154-5bb6-4fd1-b80b-017b95df4335','DICE_PLAY','2025-12-17 02:29:33'),(212,51,'b7a8c1f7-ff1d-4f27-9cda-e1a271c59925','DICE_PLAY','2025-12-17 02:29:35'),(213,51,'7daf8d9c-7649-430a-bac3-51becdd9c23d','DICE_PLAY','2025-12-17 02:29:40'),(214,16,'c3db9cf1-df49-4b66-a05a-edcde74668d0','ROULETTE_PLAY','2025-12-17 03:03:34'),(215,16,'493882a2-bfa9-4c04-bf04-f6b24e2717f1','LOTTERY_PLAY','2025-12-17 03:03:44'),(216,16,'46fd6731-6d93-4608-9b18-b12c39888282','DICE_PLAY','2025-12-17 03:04:13'),(217,16,'c9bd74a5-ccc7-47c7-b180-a82f85cde0b7','DICE_PLAY','2025-12-17 03:04:16'),(218,16,'3fdfa7ca-a254-4aa5-a298-cdd2a7029317','DICE_PLAY','2025-12-17 03:04:19'),(219,16,'96c783cf-d977-4ce1-b330-680fa5d19051','DICE_PLAY','2025-12-17 03:04:21'),(220,16,'77df70ea-ae5e-47fe-b843-ca328e77fe78','DICE_PLAY','2025-12-17 03:04:25'),(221,26,'9add6fcf-2ae1-458a-b359-3786e2c50c88','DICE_PLAY','2025-12-17 03:14:42'),(222,26,'913d7662-41e2-425a-b83d-20ff5535ec46','DICE_PLAY','2025-12-17 03:14:50'),(223,26,'450ca928-48a7-48fa-b629-3c164885ff0c','DICE_PLAY','2025-12-17 03:14:55'),(224,26,'b2f850d1-8d11-4119-ae56-f4d80b06034c','ROULETTE_PLAY','2025-12-17 03:15:08'),(225,26,'9ed70745-1cdc-4623-8151-b16eeca1ae15','ROULETTE_PLAY','2025-12-17 03:15:17'),(226,55,'8505e07d-09f9-4e8f-869b-e7ead6644637','ROULETTE_PLAY','2025-12-17 03:48:03'),(227,55,'9cc6dcda-e820-4450-9949-089110069d7c','DICE_PLAY','2025-12-17 03:48:10'),(228,55,'9ea30f78-d245-4f97-b2de-9136e166d18e','DICE_PLAY','2025-12-17 03:48:14'),(229,55,'f5ed664a-e338-495d-a692-40611c11c4dc','DICE_PLAY','2025-12-17 03:49:15'),(230,55,'2fc7b5e9-76e7-4234-bf5c-c6de42336ec3','DICE_PLAY','2025-12-17 03:49:20'),(231,43,'68d29236-5aa8-4e1c-8913-d79b925ffc11','ROULETTE_PLAY','2025-12-17 04:19:59'),(232,43,'ff13cac8-14d0-496e-9514-827341caa69c','DICE_PLAY','2025-12-17 04:20:52'),(233,43,'34acf617-d3d3-471c-885f-08531adbd9b3','DICE_PLAY','2025-12-17 04:20:54'),(234,10,'f1aab865-5a83-49fa-a7bb-30e1b8034e37','DICE_PLAY','2025-12-17 04:21:54'),(235,10,'3b569f3d-b025-4d85-a7b9-cbc3bbe93d79','DICE_PLAY','2025-12-17 04:22:01'),(236,10,'a5b2a5e5-93d9-459e-9811-41456a0f5724','DICE_PLAY','2025-12-17 04:22:04'),(237,44,'1c29e4d5-d99b-440d-b597-c622ba83c377','ROULETTE_PLAY','2025-12-17 04:50:47'),(238,44,'cc9b8795-aa63-4223-b720-b1b83f978ceb','DICE_PLAY','2025-12-17 04:51:04'),(239,44,'7e49716d-8ee6-4d5d-a894-47dda518a948','DICE_PLAY','2025-12-17 04:51:08'),(240,10,'56d77c83-282f-48b1-8fc2-a427da2e67f5','LOTTERY_PLAY','2025-12-17 04:55:01'),(241,83,'522b3ecb-17aa-43d2-a79c-3f469afb9b47','ROULETTE_PLAY','2025-12-17 06:24:04'),(242,83,'fee151a9-9ba0-4012-92d4-f3ccca49a754','DICE_PLAY','2025-12-17 06:32:03'),(243,39,'1080252e-2af1-4bce-b762-06aaa16f5e84','ROULETTE_PLAY','2025-12-17 07:28:05'),(244,39,'c48cef8c-ae1f-4edc-878a-3e3cf41a9d1a','DICE_PLAY','2025-12-17 07:29:04'),(245,39,'e1056894-21a9-4cce-93dd-83b07179efb5','DICE_PLAY','2025-12-17 07:29:09'),(246,39,'8f8f31b8-c9a1-4ee2-b050-538372450daf','LOTTERY_PLAY','2025-12-17 07:29:45'),(247,41,'4d5c38b3-ea0a-4fed-b310-34284939c0b2','ROULETTE_PLAY','2025-12-17 08:13:04'),(248,41,'6ce87bae-8415-4fa1-a10f-fa8fbb04054c','LOTTERY_PLAY','2025-12-17 08:13:15'),(249,41,'a17e9dec-b249-4caf-aeaa-4b977e47a651','DICE_PLAY','2025-12-17 08:13:25'),(250,41,'4f4fe206-2d2b-4fa4-8487-99ffe96c333c','DICE_PLAY','2025-12-17 08:13:27'),(251,41,'f5a78e00-9bc0-430f-b650-bf3544a8e0d9','DICE_PLAY','2025-12-17 08:13:30'),(252,41,'eb50d351-50c3-4163-bda7-09eb9faa71c0','DICE_PLAY','2025-12-17 08:13:33'),(253,7,'7c6cb682-e235-40c7-b8eb-7efacfc37b6e','DICE_PLAY','2025-12-17 09:13:59'),(254,7,'cd4af042-7ab1-4f93-b146-22a898a013ea','DICE_PLAY','2025-12-17 09:14:02'),(255,7,'e4b6434f-dd34-4403-982a-1e74c7ce94f9','ROULETTE_PLAY','2025-12-17 09:14:10'),(256,7,'500c2a03-4647-4744-8b72-9bb323032c9d','LOTTERY_PLAY','2025-12-17 09:14:21'),(257,7,'e84b7b05-413c-447d-b219-277adb0b1b33','DICE_PLAY','2025-12-17 09:24:32'),(258,7,'e2f5ead5-0c25-435b-9bc9-9666cfe5be8b','DICE_PLAY','2025-12-17 09:24:36'),(259,74,'660b9c47-6685-47a2-bd8a-ea013bfb61eb','LOTTERY_PLAY','2025-12-17 12:04:07'),(260,14,'18402c45-dceb-4a8b-a9f0-269aba013f9d','DICE_PLAY','2025-12-17 12:13:21'),(261,14,'cf8b900e-1537-42e1-aa3e-4df9ffb9d480','DICE_PLAY','2025-12-17 12:13:23'),(262,68,'7868b290-00d4-4f49-85b9-43709120f281','ROULETTE_PLAY','2025-12-17 13:36:55'),(263,18,'bf69cffd-1b55-452a-ae2b-462eaeb01540','DICE_PLAY','2025-12-17 13:58:12'),(264,18,'dbccee04-f57c-40f8-896a-a13de716045c','DICE_PLAY','2025-12-17 13:58:15'),(265,18,'5a790070-5552-4ac7-b353-4355e5386caf','ROULETTE_PLAY','2025-12-17 13:58:20');
/*!40000 ALTER TABLE `user_activity_event` ENABLE KEYS */;
UNLOCK TABLES;

--
-- Table structure for table `user_cash_ledger`
--

DROP TABLE IF EXISTS `user_cash_ledger`;
/*!40101 SET @saved_cs_client     = @@character_set_client */;
/*!50503 SET character_set_client = utf8mb4 */;
CREATE TABLE `user_cash_ledger` (
  `id` int NOT NULL AUTO_INCREMENT,
  `user_id` int NOT NULL,
  `delta` int NOT NULL,
  `balance_after` int NOT NULL,
  `reason` varchar(100) COLLATE utf8mb4_unicode_ci DEFAULT NULL,
  `label` varchar(255) COLLATE utf8mb4_unicode_ci DEFAULT NULL,
  `meta_json` json DEFAULT NULL,
  `created_at` datetime NOT NULL DEFAULT CURRENT_TIMESTAMP,
  PRIMARY KEY (`id`),
  KEY `ix_user_cash_ledger_user_id` (`user_id`),
  KEY `ix_user_cash_ledger_id` (`id`),
  KEY `ix_user_cash_ledger_user_created_at` (`user_id`,`created_at`),
  CONSTRAINT `user_cash_ledger_ibfk_1` FOREIGN KEY (`user_id`) REFERENCES `user` (`id`) ON DELETE CASCADE
) ENGINE=InnoDB AUTO_INCREMENT=14 DEFAULT CHARSET=utf8mb4 COLLATE=utf8mb4_unicode_ci;
/*!40101 SET character_set_client = @saved_cs_client */;

--
-- Dumping data for table `user_cash_ledger`
--

LOCK TABLES `user_cash_ledger` WRITE;
/*!40000 ALTER TABLE `user_cash_ledger` DISABLE KEYS */;
INSERT INTO `user_cash_ledger` VALUES (1,7,20,20,'dice_play',NULL,'{}','2025-12-17 09:13:59'),(2,7,5,25,'dice_play',NULL,'{}','2025-12-17 09:14:02'),(3,7,5,30,'roulette_spin',NULL,'{}','2025-12-17 09:14:10'),(4,7,5,35,'lottery_play',NULL,'{}','2025-12-17 09:14:21'),(5,7,5,40,'dice_play',NULL,'{}','2025-12-17 09:24:32'),(6,7,20,60,'dice_play',NULL,'{}','2025-12-17 09:24:35'),(7,74,5,5,'lottery_play',NULL,'{}','2025-12-17 12:04:07'),(8,14,5,5,'dice_play',NULL,'{}','2025-12-17 12:13:20'),(9,14,20,25,'dice_play',NULL,'{}','2025-12-17 12:13:23'),(10,68,5,5,'roulette_spin',NULL,'{}','2025-12-17 13:36:54'),(11,18,5,5,'dice_play',NULL,'{}','2025-12-17 13:58:12'),(12,18,5,10,'dice_play',NULL,'{}','2025-12-17 13:58:15'),(13,18,5,15,'roulette_spin',NULL,'{}','2025-12-17 13:58:20');
/*!40000 ALTER TABLE `user_cash_ledger` ENABLE KEYS */;
UNLOCK TABLES;

--
-- Table structure for table `user_event_log`
--

DROP TABLE IF EXISTS `user_event_log`;
/*!40101 SET @saved_cs_client     = @@character_set_client */;
/*!50503 SET character_set_client = utf8mb4 */;
CREATE TABLE `user_event_log` (
  `id` int NOT NULL AUTO_INCREMENT,
  `user_id` int NOT NULL,
  `feature_type` varchar(30) NOT NULL,
  `event_name` varchar(50) NOT NULL,
  `meta_json` json DEFAULT NULL,
  `created_at` datetime NOT NULL,
  PRIMARY KEY (`id`),
  KEY `ix_user_event_log_user_created_at` (`user_id`,`created_at`),
  KEY `ix_user_event_log_id` (`id`),
  KEY `ix_user_event_log_event_name` (`event_name`),
  CONSTRAINT `user_event_log_ibfk_1` FOREIGN KEY (`user_id`) REFERENCES `user` (`id`) ON DELETE CASCADE
) ENGINE=InnoDB AUTO_INCREMENT=517 DEFAULT CHARSET=utf8mb4 COLLATE=utf8mb4_0900_ai_ci;
/*!40101 SET character_set_client = @saved_cs_client */;

--
-- Dumping data for table `user_event_log`
--

LOCK TABLES `user_event_log` WRITE;
/*!40000 ALTER TABLE `user_event_log` DISABLE KEYS */;
INSERT INTO `user_event_log` VALUES (1,6,'AUTH','AUTH_LOGIN','{\"ip\": \"172.18.0.1\", \"external_id\": \"test002\"}','2025-12-14 13:50:46'),(2,6,'ROULETTE','PLAY','{\"label\": \"컴포즈아아\", \"segment_id\": 35, \"reward_type\": \"POINT\", \"reward_amount\": 5, \"xp_from_reward\": 5}','2025-12-14 13:53:31'),(3,6,'DICE','PLAY','{\"result\": \"LOSE\", \"reward_type\": \"POINT\", \"reward_label\": \"XMAS Dice - LOSE\", \"reward_amount\": 5, \"xp_from_reward\": 5}','2025-12-14 13:53:37'),(4,6,'LOTTERY','PLAY','{\"label\": \"룰렛티켓1장\", \"prize_id\": 85, \"reward_type\": \"POINT\", \"reward_amount\": 5, \"xp_from_reward\": 5}','2025-12-14 13:53:42'),(5,6,'ROULETTE','PLAY','{\"label\": \"다음기회에\", \"segment_id\": 36, \"reward_type\": \"POINT\", \"reward_amount\": 5, \"xp_from_reward\": 5}','2025-12-14 13:56:09'),(6,6,'ROULETTE','PLAY','{\"label\": \"주사위티켓2장 \", \"segment_id\": 39, \"reward_type\": \"POINT\", \"reward_amount\": 5, \"xp_from_reward\": 5}','2025-12-14 13:56:09'),(7,6,'ROULETTE','PLAY','{\"label\": \"ì£¼ì‚¬ìœ„í‹°ì¼“\", \"segment_id\": 34, \"reward_type\": \"TICKET_DICE\", \"reward_amount\": 5, \"xp_from_reward\": 5}','2025-12-14 13:56:10'),(8,6,'ROULETTE','PLAY','{\"label\": \"ì£¼ì‚¬ìœ„í‹°ì¼“\", \"segment_id\": 34, \"reward_type\": \"TICKET_DICE\", \"reward_amount\": 5, \"xp_from_reward\": 5}','2025-12-14 13:56:10'),(9,6,'ROULETTE','PLAY','{\"label\": \"주사위티켓2장 \", \"segment_id\": 39, \"reward_type\": \"POINT\", \"reward_amount\": 5, \"xp_from_reward\": 5}','2025-12-14 13:56:10'),(10,35,'AUTH','AUTH_LOGIN','{\"ip\": \"117.111.17.240\", \"external_id\": \"승아지\"}','2025-12-15 00:47:43'),(11,45,'AUTH','AUTH_LOGIN','{\"ip\": \"211.105.100.249\", \"external_id\": \"콩이랑\"}','2025-12-15 04:05:42'),(12,6,'AUTH','AUTH_LOGIN','{\"ip\": \"156.146.45.212\", \"external_id\": \"test002\"}','2025-12-15 04:36:42'),(13,15,'AUTH','AUTH_LOGIN','{\"ip\": \"121.179.101.43\", \"external_id\": \"정재권\"}','2025-12-15 06:20:49'),(14,6,'AUTH','AUTH_LOGIN','{\"ip\": \"149.40.54.75\", \"external_id\": \"test002\"}','2025-12-15 06:40:14'),(15,14,'AUTH','AUTH_LOGIN','{\"ip\": \"106.101.200.10\", \"external_id\": \"persipic\"}','2025-12-15 06:50:25'),(16,16,'AUTH','AUTH_LOGIN','{\"ip\": \"118.235.6.68\", \"external_id\": \"나참동\"}','2025-12-15 06:59:03'),(17,18,'AUTH','AUTH_LOGIN','{\"ip\": \"106.101.73.234\", \"external_id\": \"아사카\"}','2025-12-15 09:08:05'),(18,6,'AUTH','AUTH_LOGIN','{\"ip\": \"42.115.217.226\", \"external_id\": \"지지미니\"}','2025-12-15 09:12:25'),(19,6,'AUTH','AUTH_LOGIN','{\"ip\": \"42.115.217.226\", \"external_id\": \"지지미니\"}','2025-12-15 09:41:18'),(20,48,'AUTH','AUTH_LOGIN','{\"ip\": \"220.81.184.195\", \"external_id\": \"봄꽃잎\"}','2025-12-15 10:50:00'),(21,6,'AUTH','AUTH_LOGIN','{\"ip\": \"42.115.217.226\", \"external_id\": \"지지미니\"}','2025-12-15 13:21:32'),(22,56,'AUTH','AUTH_LOGIN','{\"ip\": \"42.115.217.226\", \"external_id\": \"admin\"}','2025-12-15 13:35:29'),(23,6,'AUTH','AUTH_LOGIN','{\"ip\": \"42.115.217.226\", \"external_id\": \"지지미니\"}','2025-12-15 13:35:45'),(24,7,'AUTH','AUTH_LOGIN','{\"ip\": \"42.115.217.226\", \"external_id\": \"cctest01\"}','2025-12-15 13:41:11'),(25,7,'LOTTERY','PLAY','{\"label\": \"CC코인1개\", \"prize_id\": 95, \"reward_type\": \"POINT\", \"reward_amount\": 5, \"xp_from_reward\": 5}','2025-12-15 13:41:18'),(26,7,'LOTTERY','PLAY','{\"label\": \"지민19영상\", \"prize_id\": 100, \"reward_type\": \"POINT\", \"reward_amount\": 5, \"xp_from_reward\": 5}','2025-12-15 13:41:33'),(27,56,'AUTH','AUTH_LOGIN','{\"ip\": \"42.115.217.226\", \"external_id\": \"admin\"}','2025-12-15 13:41:51'),(28,56,'AUTH','AUTH_LOGIN','{\"ip\": \"42.115.217.226\", \"external_id\": \"admin\"}','2025-12-15 13:46:50'),(29,7,'AUTH','AUTH_LOGIN','{\"ip\": \"42.115.217.226\", \"external_id\": \"cctest01\"}','2025-12-15 13:55:28'),(30,7,'LOTTERY','PLAY','{\"label\": \"CC코인1개\", \"prize_id\": 101, \"reward_type\": \"POINT\", \"reward_amount\": 5, \"xp_from_reward\": 5}','2025-12-15 13:55:48'),(31,7,'DICE','PLAY','{\"result\": \"LOSE\", \"reward_type\": \"POINT\", \"reward_label\": \"XMAS Dice - LOSE\", \"reward_amount\": 5, \"xp_from_reward\": 5}','2025-12-15 13:56:04'),(32,7,'DICE','PLAY','{\"result\": \"LOSE\", \"reward_type\": \"POINT\", \"reward_label\": \"XMAS Dice - LOSE\", \"reward_amount\": 5, \"xp_from_reward\": 5}','2025-12-15 13:56:07'),(33,7,'ROULETTE','PLAY','{\"label\": \"다음기회에\", \"segment_id\": 47, \"reward_type\": \"POINT\", \"reward_amount\": 5, \"xp_from_reward\": 5}','2025-12-15 13:56:12'),(34,7,'AUTH','AUTH_LOGIN','{\"ip\": \"42.115.217.226\", \"external_id\": \"cctest01\"}','2025-12-15 13:57:08'),(35,56,'AUTH','AUTH_LOGIN','{\"ip\": \"42.115.217.226\", \"external_id\": \"admin\"}','2025-12-15 14:00:20'),(36,8,'AUTH','AUTH_LOGIN','{\"ip\": \"42.115.217.226\", \"external_id\": \"cctest02\"}','2025-12-15 14:03:51'),(37,56,'AUTH','AUTH_LOGIN','{\"ip\": \"42.115.217.226\", \"external_id\": \"admin\"}','2025-12-15 14:04:51'),(38,8,'DICE','PLAY','{\"result\": \"LOSE\", \"reward_type\": \"POINT\", \"reward_label\": \"XMAS Dice - LOSE\", \"reward_amount\": 5, \"xp_from_reward\": 5}','2025-12-15 14:07:48'),(39,6,'AUTH','AUTH_LOGIN','{\"ip\": \"42.115.217.226\", \"external_id\": \"지지미니\"}','2025-12-15 14:22:28'),(40,6,'AUTH','AUTH_LOGIN','{\"ip\": \"42.115.217.226\", \"external_id\": \"지지미니\"}','2025-12-15 14:33:23'),(41,6,'AUTH','AUTH_LOGIN','{\"ip\": \"138.199.62.13\", \"external_id\": \"지지미니\"}','2025-12-15 14:34:50'),(42,9,'AUTH','AUTH_LOGIN','{\"ip\": \"42.115.217.226\", \"external_id\": \"cctest03\"}','2025-12-15 14:47:55'),(43,56,'AUTH','AUTH_LOGIN','{\"ip\": \"42.115.217.226\", \"external_id\": \"admin\"}','2025-12-15 14:52:23'),(44,9,'LOTTERY','PLAY','{\"label\": \"주사위티켓2장\", \"prize_id\": 105, \"reward_type\": \"TICKET_DICE\", \"reward_amount\": 2, \"xp_from_reward\": 5}','2025-12-15 14:53:04'),(45,9,'DICE','PLAY','{\"result\": \"WIN\", \"reward_type\": \"POINT\", \"reward_label\": \"XMAS Dice - WIN\", \"reward_amount\": 20, \"xp_from_reward\": 20}','2025-12-15 14:53:21'),(46,9,'DICE','PLAY','{\"result\": \"WIN\", \"reward_type\": \"POINT\", \"reward_label\": \"XMAS Dice - WIN\", \"reward_amount\": 20, \"xp_from_reward\": 20}','2025-12-15 14:53:23'),(47,9,'ROULETTE','PLAY','{\"label\": \"다음기회에\", \"segment_id\": 47, \"reward_type\": \"POINT\", \"reward_amount\": 5, \"xp_from_reward\": 5}','2025-12-15 14:53:28'),(48,9,'LOTTERY','PLAY','{\"label\": \"CC코인1개\", \"prize_id\": 101, \"reward_type\": \"POINT\", \"reward_amount\": 5, \"xp_from_reward\": 5}','2025-12-15 15:00:05'),(49,9,'DICE','PLAY','{\"result\": \"DRAW\", \"reward_type\": \"POINT\", \"reward_label\": \"XMAS Dice - DRAW\", \"reward_amount\": 5, \"xp_from_reward\": 5}','2025-12-15 15:00:13'),(50,9,'DICE','PLAY','{\"result\": \"LOSE\", \"reward_type\": \"POINT\", \"reward_label\": \"XMAS Dice - LOSE\", \"reward_amount\": 5, \"xp_from_reward\": 5}','2025-12-15 15:00:16'),(51,57,'AUTH','AUTH_LOGIN','{\"ip\": \"118.235.95.42\", \"external_id\": \"tnqusfh123\"}','2025-12-15 15:01:49'),(52,9,'DICE','PLAY','{\"result\": \"DRAW\", \"reward_type\": \"POINT\", \"reward_label\": \"XMAS Dice - DRAW\", \"reward_amount\": 5, \"xp_from_reward\": 5}','2025-12-15 15:02:20'),(53,9,'DICE','PLAY','{\"result\": \"WIN\", \"reward_type\": \"POINT\", \"reward_label\": \"XMAS Dice - WIN\", \"reward_amount\": 20, \"xp_from_reward\": 20}','2025-12-15 15:02:23'),(54,9,'ROULETTE','PLAY','{\"label\": \"다음기회에\", \"segment_id\": 47, \"reward_type\": \"POINT\", \"reward_amount\": 5, \"xp_from_reward\": 5}','2025-12-15 15:02:29'),(55,9,'LOTTERY','PLAY','{\"label\": \"주사위티켓2장\", \"prize_id\": 105, \"reward_type\": \"TICKET_DICE\", \"reward_amount\": 2, \"xp_from_reward\": 5}','2025-12-15 15:02:37'),(57,50,'AUTH','AUTH_LOGIN','{\"ip\": \"42.115.217.226\", \"external_id\": \"햄찌\"}','2025-12-15 15:16:46'),(58,56,'AUTH','AUTH_LOGIN','{\"ip\": \"42.115.217.226\", \"external_id\": \"admin\"}','2025-12-15 15:17:23'),(59,43,'AUTH','AUTH_LOGIN','{\"ip\": \"223.39.84.198\", \"external_id\": \"일등당첨\"}','2025-12-15 15:23:32'),(60,43,'DICE','PLAY','{\"result\": \"LOSE\", \"reward_type\": \"POINT\", \"reward_label\": \"XMAS Dice - LOSE\", \"reward_amount\": 5, \"xp_from_reward\": 5}','2025-12-15 15:24:48'),(61,6,'DICE','PLAY','{\"result\": \"LOSE\", \"reward_type\": \"POINT\", \"reward_label\": \"XMAS Dice - LOSE\", \"reward_amount\": 5, \"xp_from_reward\": 5}','2025-12-15 15:25:08'),(62,56,'AUTH','AUTH_LOGIN','{\"ip\": \"42.115.217.226\", \"external_id\": \"admin\"}','2025-12-15 15:28:15'),(63,56,'AUTH','AUTH_LOGIN','{\"ip\": \"42.115.217.226\", \"external_id\": \"admin\"}','2025-12-15 15:31:58'),(64,56,'AUTH','AUTH_LOGIN','{\"ip\": \"42.115.217.226\", \"external_id\": \"admin\"}','2025-12-15 15:34:36'),(65,50,'DICE','PLAY','{\"result\": \"WIN\", \"reward_type\": \"POINT\", \"reward_label\": \"XMAS Dice - WIN\", \"reward_amount\": 20, \"xp_from_reward\": 20}','2025-12-15 15:45:38'),(66,50,'ROULETTE','PLAY','{\"label\": \"다음기회에\", \"segment_id\": 47, \"reward_type\": \"POINT\", \"reward_amount\": 5, \"xp_from_reward\": 5}','2025-12-15 15:46:01'),(67,58,'AUTH','AUTH_LOGIN','{\"ip\": \"149.40.54.73\", \"external_id\": \"배민천재\"}','2025-12-15 15:56:07'),(68,58,'ROULETTE','PLAY','{\"label\": \"복권티켓1장\", \"segment_id\": 50, \"reward_type\": \"TICKET_LOTTERY\", \"reward_amount\": 1, \"xp_from_reward\": 5}','2025-12-15 15:56:12'),(69,58,'ROULETTE','PLAY','{\"label\": \"다음기회에\", \"segment_id\": 47, \"reward_type\": \"POINT\", \"reward_amount\": 5, \"xp_from_reward\": 5}','2025-12-15 15:56:20'),(70,58,'DICE','PLAY','{\"result\": \"LOSE\", \"reward_type\": \"POINT\", \"reward_label\": \"XMAS Dice - LOSE\", \"reward_amount\": 5, \"xp_from_reward\": 5}','2025-12-15 15:56:27'),(71,44,'AUTH','AUTH_LOGIN','{\"ip\": \"106.101.2.13\", \"external_id\": \"우주를줄게\"}','2025-12-15 16:32:42'),(72,44,'DICE','PLAY','{\"result\": \"WIN\", \"reward_type\": \"POINT\", \"reward_label\": \"XMAS Dice - WIN\", \"reward_amount\": 20, \"xp_from_reward\": 20}','2025-12-15 16:33:40'),(73,44,'DICE','PLAY','{\"result\": \"WIN\", \"reward_type\": \"POINT\", \"reward_label\": \"XMAS Dice - WIN\", \"reward_amount\": 20, \"xp_from_reward\": 20}','2025-12-15 16:33:44'),(74,44,'ROULETTE','PLAY','{\"label\": \"다음기회에\", \"segment_id\": 47, \"reward_type\": \"POINT\", \"reward_amount\": 5, \"xp_from_reward\": 5}','2025-12-15 16:34:01'),(75,21,'AUTH','AUTH_LOGIN','{\"ip\": \"211.220.26.196\", \"external_id\": \"돈따묵쟈\"}','2025-12-15 20:49:19'),(76,22,'AUTH','AUTH_LOGIN','{\"ip\": \"58.229.246.33\", \"external_id\": \"크리스토퍼\"}','2025-12-15 22:10:57'),(77,35,'AUTH','AUTH_LOGIN','{\"ip\": \"117.111.17.77\", \"external_id\": \"승아지\"}','2025-12-16 02:18:43'),(78,58,'LOTTERY','PLAY','{\"label\": \"CC코인1개\", \"prize_id\": 101, \"reward_type\": \"POINT\", \"reward_amount\": 5, \"xp_from_reward\": 5}','2025-12-16 02:23:41'),(79,10,'AUTH','AUTH_LOGIN','{\"ip\": \"156.146.45.152\", \"external_id\": \"yeong12\"}','2025-12-16 02:28:00'),(80,10,'ROULETTE','PLAY','{\"label\": \"다음기회에\", \"segment_id\": 47, \"reward_type\": \"POINT\", \"reward_amount\": 5, \"xp_from_reward\": 5}','2025-12-16 02:28:05'),(81,10,'ROULETTE','PLAY','{\"label\": \"다음기회에\", \"segment_id\": 47, \"reward_type\": \"POINT\", \"reward_amount\": 5, \"xp_from_reward\": 5}','2025-12-16 02:28:10'),(82,10,'DICE','PLAY','{\"result\": \"LOSE\", \"reward_type\": \"POINT\", \"reward_label\": \"XMAS Dice - LOSE\", \"reward_amount\": 5, \"xp_from_reward\": 5}','2025-12-16 02:28:17'),(85,56,'AUTH','AUTH_LOGIN','{\"ip\": \"156.146.45.152\", \"external_id\": \"admin\"}','2025-12-16 02:30:40'),(86,22,'ROULETTE','PLAY','{\"label\": \"CC코인1개\", \"segment_id\": 51, \"reward_type\": \"POINT\", \"reward_amount\": 5, \"xp_from_reward\": 5}','2025-12-16 02:52:38'),(87,22,'DICE','PLAY','{\"result\": \"WIN\", \"reward_type\": \"POINT\", \"reward_label\": \"XMAS Dice - WIN\", \"reward_amount\": 20, \"xp_from_reward\": 20}','2025-12-16 02:52:52'),(90,11,'AUTH','AUTH_LOGIN','{\"ip\": \"156.146.45.152\", \"external_id\": \"jkkk\"}','2025-12-16 02:54:15'),(91,11,'DICE','PLAY','{\"result\": \"LOSE\", \"reward_type\": \"POINT\", \"reward_label\": \"XMAS Dice - LOSE\", \"reward_amount\": 5, \"xp_from_reward\": 5}','2025-12-16 02:54:19'),(92,11,'ROULETTE','PLAY','{\"label\": \"다음기회에\", \"segment_id\": 47, \"reward_type\": \"POINT\", \"reward_amount\": 5, \"xp_from_reward\": 5}','2025-12-16 02:54:23'),(93,11,'ROULETTE','PLAY','{\"label\": \"CC코인1개\", \"segment_id\": 51, \"reward_type\": \"POINT\", \"reward_amount\": 5, \"xp_from_reward\": 5}','2025-12-16 02:54:28'),(94,11,'DICE','PLAY','{\"result\": \"WIN\", \"reward_type\": \"POINT\", \"reward_label\": \"XMAS Dice - WIN\", \"reward_amount\": 20, \"xp_from_reward\": 20}','2025-12-16 02:57:54'),(95,56,'AUTH','AUTH_LOGIN','{\"ip\": \"156.146.45.152\", \"external_id\": \"admin\"}','2025-12-16 02:58:20'),(96,33,'AUTH','AUTH_LOGIN','{\"ip\": \"112.163.208.48\", \"external_id\": \"자리\"}','2025-12-16 03:02:28'),(97,33,'DICE','PLAY','{\"result\": \"WIN\", \"reward_type\": \"POINT\", \"reward_label\": \"XMAS Dice - WIN\", \"reward_amount\": 20, \"xp_from_reward\": 20}','2025-12-16 03:02:44'),(98,48,'ROULETTE','PLAY','{\"label\": \"다음기회에\", \"segment_id\": 47, \"reward_type\": \"POINT\", \"reward_amount\": 5, \"xp_from_reward\": 5}','2025-12-16 03:34:44'),(99,48,'ROULETTE','PLAY','{\"label\": \"다음기회에\", \"segment_id\": 47, \"reward_type\": \"POINT\", \"reward_amount\": 5, \"xp_from_reward\": 5}','2025-12-16 03:34:52'),(100,48,'DICE','PLAY','{\"result\": \"WIN\", \"reward_type\": \"POINT\", \"reward_label\": \"XMAS Dice - WIN\", \"reward_amount\": 20, \"xp_from_reward\": 20}','2025-12-16 03:36:57'),(101,29,'AUTH','AUTH_LOGIN','{\"ip\": \"14.45.28.51\", \"external_id\": \"정우성\"}','2025-12-16 03:39:18'),(102,29,'DICE','PLAY','{\"result\": \"DRAW\", \"reward_type\": \"POINT\", \"reward_label\": \"XMAS Dice - DRAW\", \"reward_amount\": 5, \"xp_from_reward\": 5}','2025-12-16 03:40:04'),(103,29,'ROULETTE','PLAY','{\"label\": \"다음기회에\", \"segment_id\": 47, \"reward_type\": \"POINT\", \"reward_amount\": 5, \"xp_from_reward\": 5}','2025-12-16 03:40:27'),(104,29,'ROULETTE','PLAY','{\"label\": \"CC코인1개\", \"segment_id\": 51, \"reward_type\": \"POINT\", \"reward_amount\": 5, \"xp_from_reward\": 5}','2025-12-16 03:40:36'),(105,26,'AUTH','AUTH_LOGIN','{\"ip\": \"211.36.152.16\", \"external_id\": \"김민저이\"}','2025-12-16 04:38:51'),(106,26,'ROULETTE','PLAY','{\"label\": \"주사위티켓2장\", \"segment_id\": 49, \"reward_type\": \"TICKET_DICE\", \"reward_amount\": 2, \"xp_from_reward\": 5}','2025-12-16 04:39:03'),(107,26,'DICE','PLAY','{\"result\": \"DRAW\", \"reward_type\": \"POINT\", \"reward_label\": \"XMAS Dice - DRAW\", \"reward_amount\": 5, \"xp_from_reward\": 5}','2025-12-16 04:39:56'),(108,26,'DICE','PLAY','{\"result\": \"DRAW\", \"reward_type\": \"POINT\", \"reward_label\": \"XMAS Dice - DRAW\", \"reward_amount\": 5, \"xp_from_reward\": 5}','2025-12-16 04:40:05'),(109,26,'DICE','PLAY','{\"result\": \"DRAW\", \"reward_type\": \"POINT\", \"reward_label\": \"XMAS Dice - DRAW\", \"reward_amount\": 5, \"xp_from_reward\": 5}','2025-12-16 04:40:12'),(110,26,'DICE','PLAY','{\"result\": \"LOSE\", \"reward_type\": \"POINT\", \"reward_label\": \"XMAS Dice - LOSE\", \"reward_amount\": 5, \"xp_from_reward\": 5}','2025-12-16 04:40:17'),(111,25,'AUTH','AUTH_LOGIN','{\"ip\": \"180.68.182.127\", \"external_id\": \"제마\"}','2025-12-16 04:40:45'),(112,25,'ROULETTE','PLAY','{\"label\": \"다음기회에\", \"segment_id\": 47, \"reward_type\": \"POINT\", \"reward_amount\": 5, \"xp_from_reward\": 5}','2025-12-16 04:40:52'),(113,26,'ROULETTE','PLAY','{\"label\": \"다음기회에\", \"segment_id\": 47, \"reward_type\": \"POINT\", \"reward_amount\": 5, \"xp_from_reward\": 5}','2025-12-16 04:41:01'),(114,25,'DICE','PLAY','{\"result\": \"LOSE\", \"reward_type\": \"POINT\", \"reward_label\": \"XMAS Dice - LOSE\", \"reward_amount\": 5, \"xp_from_reward\": 5}','2025-12-16 04:41:11'),(115,25,'DICE','PLAY','{\"result\": \"WIN\", \"reward_type\": \"POINT\", \"reward_label\": \"XMAS Dice - WIN\", \"reward_amount\": 20, \"xp_from_reward\": 20}','2025-12-16 04:41:14'),(116,25,'ROULETTE','PLAY','{\"label\": \"복권티켓1장\", \"segment_id\": 50, \"reward_type\": \"TICKET_LOTTERY\", \"reward_amount\": 1, \"xp_from_reward\": 5}','2025-12-16 04:41:45'),(117,25,'LOTTERY','PLAY','{\"label\": \"다음기회에\", \"prize_id\": 106, \"reward_type\": \"POINT\", \"reward_amount\": 5, \"xp_from_reward\": 5}','2025-12-16 04:42:34'),(118,25,'DICE','PLAY','{\"result\": \"WIN\", \"reward_type\": \"POINT\", \"reward_label\": \"XMAS Dice - WIN\", \"reward_amount\": 20, \"xp_from_reward\": 20}','2025-12-16 04:45:58'),(119,25,'DICE','PLAY','{\"result\": \"WIN\", \"reward_type\": \"POINT\", \"reward_label\": \"XMAS Dice - WIN\", \"reward_amount\": 20, \"xp_from_reward\": 20}','2025-12-16 04:46:15'),(120,67,'AUTH','AUTH_LOGIN','{\"ip\": \"1.224.74.69\", \"external_id\": \"캐슬김신\"}','2025-12-16 04:49:59'),(121,67,'ROULETTE','PLAY','{\"label\": \"복권티켓1장\", \"segment_id\": 50, \"reward_type\": \"TICKET_LOTTERY\", \"reward_amount\": 1, \"xp_from_reward\": 5}','2025-12-16 04:50:15'),(122,67,'DICE','PLAY','{\"result\": \"WIN\", \"reward_type\": \"POINT\", \"reward_label\": \"XMAS Dice - WIN\", \"reward_amount\": 20, \"xp_from_reward\": 20}','2025-12-16 04:50:30'),(123,67,'DICE','PLAY','{\"result\": \"DRAW\", \"reward_type\": \"POINT\", \"reward_label\": \"XMAS Dice - DRAW\", \"reward_amount\": 5, \"xp_from_reward\": 5}','2025-12-16 04:50:35'),(124,67,'ROULETTE','PLAY','{\"label\": \"룰렛티켓1장\", \"segment_id\": 48, \"reward_type\": \"TICKET_ROULETTE\", \"reward_amount\": 1, \"xp_from_reward\": 5}','2025-12-16 04:50:47'),(125,67,'ROULETTE','PLAY','{\"label\": \"다음기회에\", \"segment_id\": 47, \"reward_type\": \"POINT\", \"reward_amount\": 5, \"xp_from_reward\": 5}','2025-12-16 04:50:52'),(126,67,'LOTTERY','PLAY','{\"label\": \"주사위티켓2장\", \"prize_id\": 105, \"reward_type\": \"TICKET_DICE\", \"reward_amount\": 2, \"xp_from_reward\": 5}','2025-12-16 04:51:19'),(127,67,'AUTH','AUTH_LOGIN','{\"ip\": \"1.224.74.69\", \"external_id\": \"캐슬김신\"}','2025-12-16 04:55:34'),(128,67,'DICE','PLAY','{\"result\": \"WIN\", \"reward_type\": \"POINT\", \"reward_label\": \"XMAS Dice - WIN\", \"reward_amount\": 20, \"xp_from_reward\": 20}','2025-12-16 04:55:49'),(129,67,'DICE','PLAY','{\"result\": \"LOSE\", \"reward_type\": \"POINT\", \"reward_label\": \"XMAS Dice - LOSE\", \"reward_amount\": 5, \"xp_from_reward\": 5}','2025-12-16 04:55:55'),(130,67,'DICE','PLAY','{\"result\": \"DRAW\", \"reward_type\": \"POINT\", \"reward_label\": \"XMAS Dice - DRAW\", \"reward_amount\": 5, \"xp_from_reward\": 5}','2025-12-16 04:55:58'),(131,69,'AUTH','AUTH_LOGIN','{\"ip\": \"211.36.139.143\", \"external_id\": \"한쿡남자\"}','2025-12-16 04:58:37'),(132,20,'AUTH','AUTH_LOGIN','{\"ip\": \"61.106.191.13\", \"external_id\": \"화랑\"}','2025-12-16 05:01:25'),(133,69,'ROULETTE','PLAY','{\"label\": \"복권티켓1장\", \"segment_id\": 50, \"reward_type\": \"TICKET_LOTTERY\", \"reward_amount\": 1, \"xp_from_reward\": 5}','2025-12-16 05:01:26'),(134,69,'ROULETTE','PLAY','{\"label\": \"다음기회에\", \"segment_id\": 47, \"reward_type\": \"POINT\", \"reward_amount\": 5, \"xp_from_reward\": 5}','2025-12-16 05:01:32'),(135,69,'DICE','PLAY','{\"result\": \"WIN\", \"reward_type\": \"POINT\", \"reward_label\": \"XMAS Dice - WIN\", \"reward_amount\": 20, \"xp_from_reward\": 20}','2025-12-16 05:02:23'),(136,69,'DICE','PLAY','{\"result\": \"LOSE\", \"reward_type\": \"POINT\", \"reward_label\": \"XMAS Dice - LOSE\", \"reward_amount\": 5, \"xp_from_reward\": 5}','2025-12-16 05:02:27'),(137,69,'DICE','PLAY','{\"result\": \"LOSE\", \"reward_type\": \"POINT\", \"reward_label\": \"XMAS Dice - LOSE\", \"reward_amount\": 5, \"xp_from_reward\": 5}','2025-12-16 05:02:31'),(138,69,'LOTTERY','PLAY','{\"label\": \"주사위티켓2장\", \"prize_id\": 105, \"reward_type\": \"TICKET_DICE\", \"reward_amount\": 2, \"xp_from_reward\": 5}','2025-12-16 05:02:40'),(139,14,'DICE','PLAY','{\"result\": \"WIN\", \"reward_type\": \"POINT\", \"reward_label\": \"XMAS Dice - WIN\", \"reward_amount\": 20, \"xp_from_reward\": 20}','2025-12-16 05:03:56'),(140,14,'ROULETTE','PLAY','{\"label\": \"주사위티켓2장\", \"segment_id\": 49, \"reward_type\": \"TICKET_DICE\", \"reward_amount\": 2, \"xp_from_reward\": 5}','2025-12-16 05:05:22'),(141,14,'DICE','PLAY','{\"result\": \"WIN\", \"reward_type\": \"POINT\", \"reward_label\": \"XMAS Dice - WIN\", \"reward_amount\": 20, \"xp_from_reward\": 20}','2025-12-16 05:05:34'),(142,14,'DICE','PLAY','{\"result\": \"LOSE\", \"reward_type\": \"POINT\", \"reward_label\": \"XMAS Dice - LOSE\", \"reward_amount\": 5, \"xp_from_reward\": 5}','2025-12-16 05:05:37'),(143,15,'AUTH','AUTH_LOGIN','{\"ip\": \"118.235.88.120\", \"external_id\": \"정재권\"}','2025-12-16 05:05:44'),(144,15,'DICE','PLAY','{\"result\": \"LOSE\", \"reward_type\": \"POINT\", \"reward_label\": \"XMAS Dice - LOSE\", \"reward_amount\": 5, \"xp_from_reward\": 5}','2025-12-16 05:07:00'),(145,70,'AUTH','AUTH_LOGIN','{\"ip\": \"58.228.176.143\", \"external_id\": \"다따보쟈\"}','2025-12-16 05:17:14'),(146,70,'DICE','PLAY','{\"result\": \"LOSE\", \"reward_type\": \"POINT\", \"reward_label\": \"XMAS Dice - LOSE\", \"reward_amount\": 5, \"xp_from_reward\": 5}','2025-12-16 05:17:28'),(147,70,'DICE','PLAY','{\"result\": \"DRAW\", \"reward_type\": \"POINT\", \"reward_label\": \"XMAS Dice - DRAW\", \"reward_amount\": 5, \"xp_from_reward\": 5}','2025-12-16 05:17:33'),(148,11,'LOTTERY','PLAY','{\"label\": \"주사위티켓2장\", \"prize_id\": 105, \"reward_type\": \"TICKET_DICE\", \"reward_amount\": 2, \"xp_from_reward\": 5}','2025-12-16 05:31:52'),(149,11,'DICE','PLAY','{\"result\": \"LOSE\", \"reward_type\": \"POINT\", \"reward_label\": \"XMAS Dice - LOSE\", \"reward_amount\": 5, \"xp_from_reward\": 5}','2025-12-16 05:32:13'),(150,11,'DICE','PLAY','{\"result\": \"DRAW\", \"reward_type\": \"POINT\", \"reward_label\": \"XMAS Dice - DRAW\", \"reward_amount\": 5, \"xp_from_reward\": 5}','2025-12-16 05:32:15'),(151,68,'AUTH','AUTH_LOGIN','{\"ip\": \"118.235.26.118\", \"external_id\": \"대박군\"}','2025-12-16 05:34:09'),(152,68,'ROULETTE','PLAY','{\"label\": \"다음기회에\", \"segment_id\": 47, \"reward_type\": \"POINT\", \"reward_amount\": 5, \"xp_from_reward\": 5}','2025-12-16 05:34:17'),(153,68,'DICE','PLAY','{\"result\": \"LOSE\", \"reward_type\": \"POINT\", \"reward_label\": \"XMAS Dice - LOSE\", \"reward_amount\": 5, \"xp_from_reward\": 5}','2025-12-16 05:34:27'),(154,68,'DICE','PLAY','{\"result\": \"WIN\", \"reward_type\": \"POINT\", \"reward_label\": \"XMAS Dice - WIN\", \"reward_amount\": 20, \"xp_from_reward\": 20}','2025-12-16 05:34:31'),(155,56,'AUTH','AUTH_LOGIN','{\"ip\": \"156.146.45.152\", \"external_id\": \"admin\"}','2025-12-16 05:48:57'),(156,56,'AUTH','AUTH_LOGIN','{\"ip\": \"156.146.45.152\", \"external_id\": \"admin\"}','2025-12-16 05:48:57'),(157,6,'AUTH','AUTH_LOGIN','{\"ip\": \"156.146.45.152\", \"external_id\": \"지지미니\"}','2025-12-16 05:58:19'),(158,15,'ROULETTE','PLAY','{\"label\": \"다음기회에\", \"segment_id\": 47, \"reward_type\": \"POINT\", \"reward_amount\": 5, \"xp_from_reward\": 5}','2025-12-16 06:10:38'),(159,15,'DICE','PLAY','{\"result\": \"WIN\", \"reward_type\": \"POINT\", \"reward_label\": \"XMAS Dice - WIN\", \"reward_amount\": 20, \"xp_from_reward\": 20}','2025-12-16 06:10:53'),(162,18,'ROULETTE','PLAY','{\"label\": \"주사위티켓2장\", \"segment_id\": 49, \"reward_type\": \"TICKET_DICE\", \"reward_amount\": 2, \"xp_from_reward\": 5}','2025-12-16 06:21:28'),(163,18,'DICE','PLAY','{\"result\": \"LOSE\", \"reward_type\": \"POINT\", \"reward_label\": \"XMAS Dice - LOSE\", \"reward_amount\": 5, \"xp_from_reward\": 5}','2025-12-16 06:21:44'),(164,18,'DICE','PLAY','{\"result\": \"LOSE\", \"reward_type\": \"POINT\", \"reward_label\": \"XMAS Dice - LOSE\", \"reward_amount\": 5, \"xp_from_reward\": 5}','2025-12-16 06:21:47'),(165,18,'DICE','PLAY','{\"result\": \"WIN\", \"reward_type\": \"POINT\", \"reward_label\": \"XMAS Dice - WIN\", \"reward_amount\": 20, \"xp_from_reward\": 20}','2025-12-16 06:21:53'),(166,70,'DICE','PLAY','{\"result\": \"WIN\", \"reward_type\": \"POINT\", \"reward_label\": \"XMAS Dice - WIN\", \"reward_amount\": 20, \"xp_from_reward\": 20}','2025-12-16 06:27:40'),(167,70,'ROULETTE','PLAY','{\"label\": \"주사위티켓2장\", \"segment_id\": 49, \"reward_type\": \"TICKET_DICE\", \"reward_amount\": 2, \"xp_from_reward\": 5}','2025-12-16 06:28:56'),(168,70,'DICE','PLAY','{\"result\": \"WIN\", \"reward_type\": \"POINT\", \"reward_label\": \"XMAS Dice - WIN\", \"reward_amount\": 20, \"xp_from_reward\": 20}','2025-12-16 06:29:38'),(169,70,'DICE','PLAY','{\"result\": \"WIN\", \"reward_type\": \"POINT\", \"reward_label\": \"XMAS Dice - WIN\", \"reward_amount\": 20, \"xp_from_reward\": 20}','2025-12-16 06:29:43'),(170,70,'DICE','PLAY','{\"result\": \"DRAW\", \"reward_type\": \"POINT\", \"reward_label\": \"XMAS Dice - DRAW\", \"reward_amount\": 5, \"xp_from_reward\": 5}','2025-12-16 06:30:22'),(172,82,'AUTH','AUTH_LOGIN','{\"ip\": \"118.223.207.173\", \"external_id\": \"달려라하늬\"}','2025-12-16 07:01:43'),(173,82,'DICE','PLAY','{\"result\": \"WIN\", \"reward_type\": \"POINT\", \"reward_label\": \"XMAS Dice - WIN\", \"reward_amount\": 20, \"xp_from_reward\": 20}','2025-12-16 07:01:53'),(174,82,'DICE','PLAY','{\"result\": \"WIN\", \"reward_type\": \"POINT\", \"reward_label\": \"XMAS Dice - WIN\", \"reward_amount\": 20, \"xp_from_reward\": 20}','2025-12-16 07:02:01'),(175,30,'AUTH','AUTH_LOGIN','{\"ip\": \"211.60.151.219\", \"external_id\": \"초보베터\"}','2025-12-16 07:05:58'),(176,30,'DICE','PLAY','{\"result\": \"WIN\", \"reward_type\": \"POINT\", \"reward_label\": \"XMAS Dice - WIN\", \"reward_amount\": 20, \"xp_from_reward\": 20}','2025-12-16 07:06:12'),(177,30,'DICE','PLAY','{\"result\": \"WIN\", \"reward_type\": \"POINT\", \"reward_label\": \"XMAS Dice - WIN\", \"reward_amount\": 20, \"xp_from_reward\": 20}','2025-12-16 07:06:17'),(178,30,'ROULETTE','PLAY','{\"label\": \"다음기회에\", \"segment_id\": 47, \"reward_type\": \"POINT\", \"reward_amount\": 5, \"xp_from_reward\": 5}','2025-12-16 07:07:05'),(179,30,'ROULETTE','PLAY','{\"label\": \"CC코인1개\", \"segment_id\": 51, \"reward_type\": \"POINT\", \"reward_amount\": 5, \"xp_from_reward\": 5}','2025-12-16 07:07:10'),(180,16,'AUTH','AUTH_LOGIN','{\"ip\": \"118.235.6.68\", \"external_id\": \"나참동\"}','2025-12-16 07:07:12'),(181,16,'DICE','PLAY','{\"result\": \"WIN\", \"reward_type\": \"POINT\", \"reward_label\": \"XMAS Dice - WIN\", \"reward_amount\": 20, \"xp_from_reward\": 20}','2025-12-16 07:07:29'),(182,75,'AUTH','AUTH_LOGIN','{\"ip\": \"106.101.197.116\", \"external_id\": \"유유유\"}','2025-12-16 07:08:21'),(183,75,'ROULETTE','PLAY','{\"label\": \"다음기회에\", \"segment_id\": 47, \"reward_type\": \"POINT\", \"reward_amount\": 5, \"xp_from_reward\": 5}','2025-12-16 07:08:27'),(184,75,'DICE','PLAY','{\"result\": \"WIN\", \"reward_type\": \"POINT\", \"reward_label\": \"XMAS Dice - WIN\", \"reward_amount\": 20, \"xp_from_reward\": 20}','2025-12-16 07:09:11'),(185,75,'DICE','PLAY','{\"result\": \"DRAW\", \"reward_type\": \"POINT\", \"reward_label\": \"XMAS Dice - DRAW\", \"reward_amount\": 5, \"xp_from_reward\": 5}','2025-12-16 07:09:16'),(186,75,'DICE','PLAY','{\"result\": \"LOSE\", \"reward_type\": \"POINT\", \"reward_label\": \"XMAS Dice - LOSE\", \"reward_amount\": 5, \"xp_from_reward\": 5}','2025-12-16 07:09:24'),(187,75,'DICE','PLAY','{\"result\": \"LOSE\", \"reward_type\": \"POINT\", \"reward_label\": \"XMAS Dice - LOSE\", \"reward_amount\": 5, \"xp_from_reward\": 5}','2025-12-16 07:09:28'),(188,84,'AUTH','AUTH_LOGIN','{\"ip\": \"218.149.126.37\", \"external_id\": \"다바오맨\"}','2025-12-16 07:12:26'),(189,85,'AUTH','AUTH_LOGIN','{\"ip\": \"118.235.82.254\", \"external_id\": \"민똘이\"}','2025-12-16 07:13:31'),(190,85,'DICE','PLAY','{\"result\": \"DRAW\", \"reward_type\": \"POINT\", \"reward_label\": \"XMAS Dice - DRAW\", \"reward_amount\": 5, \"xp_from_reward\": 5}','2025-12-16 07:13:57'),(191,85,'DICE','PLAY','{\"result\": \"WIN\", \"reward_type\": \"POINT\", \"reward_label\": \"XMAS Dice - WIN\", \"reward_amount\": 20, \"xp_from_reward\": 20}','2025-12-16 07:14:01'),(192,85,'ROULETTE','PLAY','{\"label\": \"룰렛티켓1장\", \"segment_id\": 48, \"reward_type\": \"TICKET_ROULETTE\", \"reward_amount\": 1, \"xp_from_reward\": 5}','2025-12-16 07:14:24'),(193,85,'ROULETTE','PLAY','{\"label\": \"복권티켓1장\", \"segment_id\": 50, \"reward_type\": \"TICKET_LOTTERY\", \"reward_amount\": 1, \"xp_from_reward\": 5}','2025-12-16 07:14:30'),(194,85,'LOTTERY','PLAY','{\"label\": \"다음기회에\", \"prize_id\": 106, \"reward_type\": \"POINT\", \"reward_amount\": 5, \"xp_from_reward\": 5}','2025-12-16 07:17:25'),(195,84,'DICE','PLAY','{\"result\": \"WIN\", \"reward_type\": \"POINT\", \"reward_label\": \"XMAS Dice - WIN\", \"reward_amount\": 20, \"xp_from_reward\": 20}','2025-12-16 07:18:42'),(196,84,'DICE','PLAY','{\"result\": \"WIN\", \"reward_type\": \"POINT\", \"reward_label\": \"XMAS Dice - WIN\", \"reward_amount\": 20, \"xp_from_reward\": 20}','2025-12-16 07:18:49'),(197,16,'ROULETTE','PLAY','{\"label\": \"CC코인1개\", \"segment_id\": 51, \"reward_type\": \"POINT\", \"reward_amount\": 5, \"xp_from_reward\": 5}','2025-12-16 07:19:09'),(198,84,'ROULETTE','PLAY','{\"label\": \"다음기회에\", \"segment_id\": 47, \"reward_type\": \"POINT\", \"reward_amount\": 5, \"xp_from_reward\": 5}','2025-12-16 07:19:58'),(199,84,'DICE','PLAY','{\"result\": \"WIN\", \"reward_type\": \"POINT\", \"reward_label\": \"XMAS Dice - WIN\", \"reward_amount\": 20, \"xp_from_reward\": 20}','2025-12-16 07:20:11'),(200,84,'DICE','PLAY','{\"result\": \"WIN\", \"reward_type\": \"POINT\", \"reward_label\": \"XMAS Dice - WIN\", \"reward_amount\": 20, \"xp_from_reward\": 20}','2025-12-16 07:20:16'),(201,83,'AUTH','AUTH_LOGIN','{\"ip\": \"223.39.176.30\", \"external_id\": \"민성민성\"}','2025-12-16 07:20:21'),(202,83,'ROULETTE','PLAY','{\"label\": \"복권티켓1장\", \"segment_id\": 50, \"reward_type\": \"TICKET_LOTTERY\", \"reward_amount\": 1, \"xp_from_reward\": 5}','2025-12-16 07:20:38'),(203,85,'AUTH','AUTH_LOGIN','{\"ip\": \"118.235.82.254\", \"external_id\": \"민똘이\"}','2025-12-16 07:22:15'),(204,85,'DICE','PLAY','{\"result\": \"WIN\", \"reward_type\": \"POINT\", \"reward_label\": \"XMAS Dice - WIN\", \"reward_amount\": 20, \"xp_from_reward\": 20}','2025-12-16 07:23:38'),(205,85,'DICE','PLAY','{\"result\": \"LOSE\", \"reward_type\": \"POINT\", \"reward_label\": \"XMAS Dice - LOSE\", \"reward_amount\": 5, \"xp_from_reward\": 5}','2025-12-16 07:23:46'),(206,85,'ROULETTE','PLAY','{\"label\": \"다음기회에\", \"segment_id\": 47, \"reward_type\": \"POINT\", \"reward_amount\": 5, \"xp_from_reward\": 5}','2025-12-16 07:23:54'),(207,85,'ROULETTE','PLAY','{\"label\": \"다음기회에\", \"segment_id\": 47, \"reward_type\": \"POINT\", \"reward_amount\": 5, \"xp_from_reward\": 5}','2025-12-16 07:23:59'),(208,83,'DICE','PLAY','{\"result\": \"WIN\", \"reward_type\": \"POINT\", \"reward_label\": \"XMAS Dice - WIN\", \"reward_amount\": 20, \"xp_from_reward\": 20}','2025-12-16 07:25:31'),(209,83,'DICE','PLAY','{\"result\": \"LOSE\", \"reward_type\": \"POINT\", \"reward_label\": \"XMAS Dice - LOSE\", \"reward_amount\": 5, \"xp_from_reward\": 5}','2025-12-16 07:25:43'),(210,83,'LOTTERY','PLAY','{\"label\": \"다음기회에\", \"prize_id\": 106, \"reward_type\": \"POINT\", \"reward_amount\": 5, \"xp_from_reward\": 5}','2025-12-16 07:26:25'),(212,85,'ROULETTE','PLAY','{\"label\": \"룰렛티켓1장\", \"segment_id\": 54, \"reward_type\": \"TICKET_ROULETTE\", \"reward_amount\": 1, \"xp_from_reward\": 5}','2025-12-16 07:47:36'),(213,85,'ROULETTE','PLAY','{\"label\": \"주사위티켓2장\", \"segment_id\": 55, \"reward_type\": \"TICKET_DICE\", \"reward_amount\": 2, \"xp_from_reward\": 5}','2025-12-16 07:47:41'),(214,85,'ROULETTE','PLAY','{\"label\": \"다음기회에\", \"segment_id\": 53, \"reward_type\": \"POINT\", \"reward_amount\": 5, \"xp_from_reward\": 5}','2025-12-16 07:47:46'),(215,85,'DICE','PLAY','{\"result\": \"LOSE\", \"reward_type\": \"POINT\", \"reward_label\": \"XMAS Dice - LOSE\", \"reward_amount\": 5, \"xp_from_reward\": 5}','2025-12-16 07:48:09'),(216,85,'DICE','PLAY','{\"result\": \"WIN\", \"reward_type\": \"POINT\", \"reward_label\": \"XMAS Dice - WIN\", \"reward_amount\": 20, \"xp_from_reward\": 20}','2025-12-16 07:48:12'),(217,45,'AUTH','AUTH_LOGIN','{\"ip\": \"211.105.100.249\", \"external_id\": \"콩이랑\"}','2025-12-16 07:56:54'),(218,45,'ROULETTE','PLAY','{\"label\": \"다음기회에\", \"segment_id\": 53, \"reward_type\": \"POINT\", \"reward_amount\": 5, \"xp_from_reward\": 5}','2025-12-16 07:57:07'),(219,45,'DICE','PLAY','{\"result\": \"DRAW\", \"reward_type\": \"POINT\", \"reward_label\": \"XMAS Dice - DRAW\", \"reward_amount\": 5, \"xp_from_reward\": 5}','2025-12-16 07:58:02'),(220,41,'AUTH','AUTH_LOGIN','{\"ip\": \"223.39.194.37\", \"external_id\": \"요리\"}','2025-12-16 07:59:53'),(221,41,'ROULETTE','PLAY','{\"label\": \"CC코인1개\", \"segment_id\": 57, \"reward_type\": \"POINT\", \"reward_amount\": 5, \"xp_from_reward\": 5}','2025-12-16 07:59:59'),(222,41,'DICE','PLAY','{\"result\": \"LOSE\", \"reward_type\": \"POINT\", \"reward_label\": \"XMAS Dice - LOSE\", \"reward_amount\": 5, \"xp_from_reward\": 5}','2025-12-16 08:00:15'),(223,41,'DICE','PLAY','{\"result\": \"DRAW\", \"reward_type\": \"POINT\", \"reward_label\": \"XMAS Dice - DRAW\", \"reward_amount\": 5, \"xp_from_reward\": 5}','2025-12-16 08:00:18'),(224,39,'AUTH','AUTH_LOGIN','{\"ip\": \"211.36.139.28\", \"external_id\": \"성민이\"}','2025-12-16 08:00:29'),(225,39,'DICE','PLAY','{\"result\": \"DRAW\", \"reward_type\": \"POINT\", \"reward_label\": \"XMAS Dice - DRAW\", \"reward_amount\": 5, \"xp_from_reward\": 5}','2025-12-16 08:01:09'),(226,39,'ROULETTE','PLAY','{\"label\": \"다음기회에\", \"segment_id\": 53, \"reward_type\": \"POINT\", \"reward_amount\": 5, \"xp_from_reward\": 5}','2025-12-16 08:01:31'),(227,39,'DICE','PLAY','{\"result\": \"WIN\", \"reward_type\": \"POINT\", \"reward_label\": \"XMAS Dice - WIN\", \"reward_amount\": 20, \"xp_from_reward\": 20}','2025-12-16 08:02:40'),(228,85,'LOTTERY','PLAY','{\"label\": \"주사위티켓2장\", \"prize_id\": 112, \"reward_type\": \"TICKET_DICE\", \"reward_amount\": 5, \"xp_from_reward\": 5}','2025-12-16 08:11:54'),(229,23,'AUTH','AUTH_LOGIN','{\"ip\": \"222.238.204.161\", \"external_id\": \"기프트\"}','2025-12-16 08:17:30'),(230,23,'ROULETTE','PLAY','{\"label\": \"CC코인1개\", \"segment_id\": 57, \"reward_type\": \"POINT\", \"reward_amount\": 5, \"xp_from_reward\": 5}','2025-12-16 08:19:21'),(231,23,'ROULETTE','PLAY','{\"label\": \"룰렛티켓1장\", \"segment_id\": 54, \"reward_type\": \"TICKET_ROULETTE\", \"reward_amount\": 1, \"xp_from_reward\": 5}','2025-12-16 08:19:37'),(232,23,'ROULETTE','PLAY','{\"label\": \"복권티켓1장\", \"segment_id\": 56, \"reward_type\": \"TICKET_LOTTERY\", \"reward_amount\": 1, \"xp_from_reward\": 5}','2025-12-16 08:19:45'),(233,23,'LOTTERY','PLAY','{\"label\": \"CC코인1개\", \"prize_id\": 107, \"reward_type\": \"POINT\", \"reward_amount\": 5, \"xp_from_reward\": 5}','2025-12-16 08:20:19'),(234,23,'DICE','PLAY','{\"result\": \"WIN\", \"reward_type\": \"POINT\", \"reward_label\": \"XMAS Dice - WIN\", \"reward_amount\": 20, \"xp_from_reward\": 20}','2025-12-16 08:21:06'),(235,22,'ROULETTE','PLAY','{\"label\": \"다음기회에\", \"segment_id\": 53, \"reward_type\": \"POINT\", \"reward_amount\": 5, \"xp_from_reward\": 5}','2025-12-16 08:21:58'),(236,75,'ROULETTE','PLAY','{\"label\": \"주사위티켓2장\", \"segment_id\": 55, \"reward_type\": \"TICKET_DICE\", \"reward_amount\": 2, \"xp_from_reward\": 5}','2025-12-16 08:23:56'),(237,75,'ROULETTE','PLAY','{\"label\": \"룰렛티켓1장\", \"segment_id\": 54, \"reward_type\": \"TICKET_ROULETTE\", \"reward_amount\": 1, \"xp_from_reward\": 5}','2025-12-16 08:24:03'),(238,75,'ROULETTE','PLAY','{\"label\": \"다음기회에\", \"segment_id\": 53, \"reward_type\": \"POINT\", \"reward_amount\": 5, \"xp_from_reward\": 5}','2025-12-16 08:24:08'),(239,75,'ROULETTE','PLAY','{\"label\": \"룰렛티켓1장\", \"segment_id\": 54, \"reward_type\": \"TICKET_ROULETTE\", \"reward_amount\": 1, \"xp_from_reward\": 5}','2025-12-16 08:24:14'),(240,75,'ROULETTE','PLAY','{\"label\": \"룰렛티켓1장\", \"segment_id\": 54, \"reward_type\": \"TICKET_ROULETTE\", \"reward_amount\": 1, \"xp_from_reward\": 5}','2025-12-16 08:24:18'),(241,75,'ROULETTE','PLAY','{\"label\": \"다음기회에\", \"segment_id\": 53, \"reward_type\": \"POINT\", \"reward_amount\": 5, \"xp_from_reward\": 5}','2025-12-16 08:24:23'),(242,75,'ROULETTE','PLAY','{\"label\": \"주사위티켓2장\", \"segment_id\": 55, \"reward_type\": \"TICKET_DICE\", \"reward_amount\": 2, \"xp_from_reward\": 5}','2025-12-16 08:24:28'),(243,75,'ROULETTE','PLAY','{\"label\": \"룰렛티켓1장\", \"segment_id\": 54, \"reward_type\": \"TICKET_ROULETTE\", \"reward_amount\": 1, \"xp_from_reward\": 5}','2025-12-16 08:24:33'),(244,75,'ROULETTE','PLAY','{\"label\": \"룰렛티켓1장\", \"segment_id\": 54, \"reward_type\": \"TICKET_ROULETTE\", \"reward_amount\": 1, \"xp_from_reward\": 5}','2025-12-16 08:24:38'),(245,75,'ROULETTE','PLAY','{\"label\": \"CC코인1개\", \"segment_id\": 57, \"reward_type\": \"POINT\", \"reward_amount\": 5, \"xp_from_reward\": 5}','2025-12-16 08:24:52'),(246,75,'ROULETTE','PLAY','{\"label\": \"주사위티켓2장\", \"segment_id\": 55, \"reward_type\": \"TICKET_DICE\", \"reward_amount\": 2, \"xp_from_reward\": 5}','2025-12-16 08:25:00'),(247,15,'AUTH','AUTH_LOGIN','{\"ip\": \"121.179.101.43\", \"external_id\": \"정재권\"}','2025-12-16 08:25:25'),(248,89,'AUTH','AUTH_LOGIN','{\"ip\": \"210.179.251.177\", \"external_id\": \"이일\"}','2025-12-16 08:26:34'),(249,75,'DICE','PLAY','{\"result\": \"WIN\", \"reward_type\": \"POINT\", \"reward_label\": \"XMAS Dice - WIN\", \"reward_amount\": 20, \"xp_from_reward\": 20}','2025-12-16 08:28:23'),(250,75,'DICE','PLAY','{\"result\": \"LOSE\", \"reward_type\": \"POINT\", \"reward_label\": \"XMAS Dice - LOSE\", \"reward_amount\": 5, \"xp_from_reward\": 5}','2025-12-16 08:28:27'),(251,75,'DICE','PLAY','{\"result\": \"WIN\", \"reward_type\": \"POINT\", \"reward_label\": \"XMAS Dice - WIN\", \"reward_amount\": 20, \"xp_from_reward\": 20}','2025-12-16 08:28:30'),(252,75,'DICE','PLAY','{\"result\": \"LOSE\", \"reward_type\": \"POINT\", \"reward_label\": \"XMAS Dice - LOSE\", \"reward_amount\": 5, \"xp_from_reward\": 5}','2025-12-16 08:28:33'),(253,75,'DICE','PLAY','{\"result\": \"WIN\", \"reward_type\": \"POINT\", \"reward_label\": \"XMAS Dice - WIN\", \"reward_amount\": 20, \"xp_from_reward\": 20}','2025-12-16 08:28:35'),(254,75,'DICE','PLAY','{\"result\": \"WIN\", \"reward_type\": \"POINT\", \"reward_label\": \"XMAS Dice - WIN\", \"reward_amount\": 20, \"xp_from_reward\": 20}','2025-12-16 08:28:38'),(255,75,'DICE','PLAY','{\"result\": \"LOSE\", \"reward_type\": \"POINT\", \"reward_label\": \"XMAS Dice - LOSE\", \"reward_amount\": 5, \"xp_from_reward\": 5}','2025-12-16 08:28:40'),(256,75,'ROULETTE','PLAY','{\"label\": \"복권티켓1장\", \"segment_id\": 56, \"reward_type\": \"TICKET_LOTTERY\", \"reward_amount\": 1, \"xp_from_reward\": 5}','2025-12-16 08:28:47'),(257,75,'LOTTERY','PLAY','{\"label\": \"CC코인1개\", \"prize_id\": 107, \"reward_type\": \"POINT\", \"reward_amount\": 5, \"xp_from_reward\": 5}','2025-12-16 08:29:21'),(258,90,'AUTH','AUTH_LOGIN','{\"ip\": \"125.242.33.100\", \"external_id\": \"스팅\"}','2025-12-16 08:30:46'),(259,90,'DICE','PLAY','{\"result\": \"LOSE\", \"reward_type\": \"POINT\", \"reward_label\": \"XMAS Dice - LOSE\", \"reward_amount\": 5, \"xp_from_reward\": 5}','2025-12-16 08:31:21'),(260,90,'DICE','PLAY','{\"result\": \"LOSE\", \"reward_type\": \"POINT\", \"reward_label\": \"XMAS Dice - LOSE\", \"reward_amount\": 5, \"xp_from_reward\": 5}','2025-12-16 08:31:28'),(261,89,'DICE','PLAY','{\"result\": \"DRAW\", \"reward_type\": \"POINT\", \"reward_label\": \"XMAS Dice - DRAW\", \"reward_amount\": 5, \"xp_from_reward\": 5}','2025-12-16 08:33:02'),(262,89,'DICE','PLAY','{\"result\": \"LOSE\", \"reward_type\": \"POINT\", \"reward_label\": \"XMAS Dice - LOSE\", \"reward_amount\": 5, \"xp_from_reward\": 5}','2025-12-16 08:33:10'),(264,15,'LOTTERY','PLAY','{\"label\": \"주사위티켓2장\", \"prize_id\": 112, \"reward_type\": \"TICKET_DICE\", \"reward_amount\": 5, \"xp_from_reward\": 5}','2025-12-16 08:42:13'),(265,15,'DICE','PLAY','{\"result\": \"DRAW\", \"reward_type\": \"POINT\", \"reward_label\": \"XMAS Dice - DRAW\", \"reward_amount\": 5, \"xp_from_reward\": 5}','2025-12-16 08:42:43'),(266,15,'DICE','PLAY','{\"result\": \"LOSE\", \"reward_type\": \"POINT\", \"reward_label\": \"XMAS Dice - LOSE\", \"reward_amount\": 5, \"xp_from_reward\": 5}','2025-12-16 08:42:47'),(267,15,'DICE','PLAY','{\"result\": \"WIN\", \"reward_type\": \"POINT\", \"reward_label\": \"XMAS Dice - WIN\", \"reward_amount\": 20, \"xp_from_reward\": 20}','2025-12-16 08:42:50'),(268,15,'DICE','PLAY','{\"result\": \"WIN\", \"reward_type\": \"POINT\", \"reward_label\": \"XMAS Dice - WIN\", \"reward_amount\": 20, \"xp_from_reward\": 20}','2025-12-16 08:42:53'),(269,15,'DICE','PLAY','{\"result\": \"DRAW\", \"reward_type\": \"POINT\", \"reward_label\": \"XMAS Dice - DRAW\", \"reward_amount\": 5, \"xp_from_reward\": 5}','2025-12-16 08:42:56'),(270,40,'AUTH','AUTH_LOGIN','{\"ip\": \"106.101.203.166\", \"external_id\": \"왕지형\"}','2025-12-16 08:43:00'),(272,40,'AUTH','AUTH_LOGIN','{\"ip\": \"218.149.70.8\", \"external_id\": \"왕지형\"}','2025-12-16 08:54:49'),(273,40,'ROULETTE','PLAY','{\"label\": \"주사위티켓2장\", \"segment_id\": 55, \"reward_type\": \"TICKET_DICE\", \"reward_amount\": 2, \"xp_from_reward\": 5}','2025-12-16 08:54:58'),(274,40,'ROULETTE','PLAY','{\"label\": \"주사위티켓2장\", \"segment_id\": 55, \"reward_type\": \"TICKET_DICE\", \"reward_amount\": 2, \"xp_from_reward\": 5}','2025-12-16 08:55:03'),(275,40,'DICE','PLAY','{\"result\": \"LOSE\", \"reward_type\": \"POINT\", \"reward_label\": \"XMAS Dice - LOSE\", \"reward_amount\": 5, \"xp_from_reward\": 5}','2025-12-16 08:55:13'),(276,40,'DICE','PLAY','{\"result\": \"WIN\", \"reward_type\": \"POINT\", \"reward_label\": \"XMAS Dice - WIN\", \"reward_amount\": 20, \"xp_from_reward\": 20}','2025-12-16 08:55:16'),(277,40,'DICE','PLAY','{\"result\": \"WIN\", \"reward_type\": \"POINT\", \"reward_label\": \"XMAS Dice - WIN\", \"reward_amount\": 20, \"xp_from_reward\": 20}','2025-12-16 08:55:21'),(278,40,'DICE','PLAY','{\"result\": \"DRAW\", \"reward_type\": \"POINT\", \"reward_label\": \"XMAS Dice - DRAW\", \"reward_amount\": 5, \"xp_from_reward\": 5}','2025-12-16 08:55:24'),(279,40,'DICE','PLAY','{\"result\": \"LOSE\", \"reward_type\": \"POINT\", \"reward_label\": \"XMAS Dice - LOSE\", \"reward_amount\": 5, \"xp_from_reward\": 5}','2025-12-16 08:55:27'),(280,40,'DICE','PLAY','{\"result\": \"DRAW\", \"reward_type\": \"POINT\", \"reward_label\": \"XMAS Dice - DRAW\", \"reward_amount\": 5, \"xp_from_reward\": 5}','2025-12-16 08:55:30'),(281,40,'LOTTERY','PLAY','{\"label\": \"CC코인1개\", \"prize_id\": 107, \"reward_type\": \"POINT\", \"reward_amount\": 5, \"xp_from_reward\": 5}','2025-12-16 08:55:38'),(282,39,'ROULETTE','PLAY','{\"label\": \"주사위티켓2장\", \"segment_id\": 55, \"reward_type\": \"TICKET_DICE\", \"reward_amount\": 2, \"xp_from_reward\": 5}','2025-12-16 08:58:48'),(283,39,'DICE','PLAY','{\"result\": \"DRAW\", \"reward_type\": \"POINT\", \"reward_label\": \"XMAS Dice - DRAW\", \"reward_amount\": 5, \"xp_from_reward\": 5}','2025-12-16 08:59:33'),(284,39,'DICE','PLAY','{\"result\": \"LOSE\", \"reward_type\": \"POINT\", \"reward_label\": \"XMAS Dice - LOSE\", \"reward_amount\": 5, \"xp_from_reward\": 5}','2025-12-16 08:59:40'),(285,92,'AUTH','AUTH_LOGIN','{\"ip\": \"106.102.128.193\", \"external_id\": \"춘식익\"}','2025-12-16 09:08:01'),(286,92,'ROULETTE','PLAY','{\"label\": \"복권티켓1장\", \"segment_id\": 56, \"reward_type\": \"TICKET_LOTTERY\", \"reward_amount\": 1, \"xp_from_reward\": 5}','2025-12-16 09:08:18'),(287,92,'DICE','PLAY','{\"result\": \"WIN\", \"reward_type\": \"POINT\", \"reward_label\": \"XMAS Dice - WIN\", \"reward_amount\": 20, \"xp_from_reward\": 20}','2025-12-16 09:08:35'),(288,92,'DICE','PLAY','{\"result\": \"LOSE\", \"reward_type\": \"POINT\", \"reward_label\": \"XMAS Dice - LOSE\", \"reward_amount\": 5, \"xp_from_reward\": 5}','2025-12-16 09:08:41'),(289,92,'LOTTERY','PLAY','{\"label\": \"주사위티켓2장\", \"prize_id\": 112, \"reward_type\": \"TICKET_DICE\", \"reward_amount\": 5, \"xp_from_reward\": 5}','2025-12-16 09:09:15'),(290,92,'ROULETTE','PLAY','{\"label\": \"CC코인1개\", \"segment_id\": 57, \"reward_type\": \"POINT\", \"reward_amount\": 5, \"xp_from_reward\": 5}','2025-12-16 09:12:40'),(291,92,'DICE','PLAY','{\"result\": \"LOSE\", \"reward_type\": \"POINT\", \"reward_label\": \"XMAS Dice - LOSE\", \"reward_amount\": 5, \"xp_from_reward\": 5}','2025-12-16 09:14:28'),(292,92,'DICE','PLAY','{\"result\": \"LOSE\", \"reward_type\": \"POINT\", \"reward_label\": \"XMAS Dice - LOSE\", \"reward_amount\": 5, \"xp_from_reward\": 5}','2025-12-16 09:14:30'),(293,92,'DICE','PLAY','{\"result\": \"WIN\", \"reward_type\": \"POINT\", \"reward_label\": \"XMAS Dice - WIN\", \"reward_amount\": 20, \"xp_from_reward\": 20}','2025-12-16 09:14:33'),(294,92,'DICE','PLAY','{\"result\": \"LOSE\", \"reward_type\": \"POINT\", \"reward_label\": \"XMAS Dice - LOSE\", \"reward_amount\": 5, \"xp_from_reward\": 5}','2025-12-16 09:14:36'),(295,92,'DICE','PLAY','{\"result\": \"WIN\", \"reward_type\": \"POINT\", \"reward_label\": \"XMAS Dice - WIN\", \"reward_amount\": 20, \"xp_from_reward\": 20}','2025-12-16 09:14:39'),(296,92,'DICE','PLAY','{\"result\": \"WIN\", \"reward_type\": \"POINT\", \"reward_label\": \"XMAS Dice - WIN\", \"reward_amount\": 20, \"xp_from_reward\": 20}','2025-12-16 09:14:42'),(297,92,'ROULETTE','PLAY','{\"label\": \"복권티켓1장\", \"segment_id\": 56, \"reward_type\": \"TICKET_LOTTERY\", \"reward_amount\": 1, \"xp_from_reward\": 5}','2025-12-16 09:14:54'),(298,92,'LOTTERY','PLAY','{\"label\": \"룰렛티켓1장\", \"prize_id\": 110, \"reward_type\": \"TICKET_ROULETTE\", \"reward_amount\": 5, \"xp_from_reward\": 5}','2025-12-16 09:19:35'),(299,92,'ROULETTE','PLAY','{\"label\": \"룰렛티켓1장\", \"segment_id\": 54, \"reward_type\": \"TICKET_ROULETTE\", \"reward_amount\": 1, \"xp_from_reward\": 5}','2025-12-16 09:20:17'),(300,92,'ROULETTE','PLAY','{\"label\": \"룰렛티켓1장\", \"segment_id\": 54, \"reward_type\": \"TICKET_ROULETTE\", \"reward_amount\": 1, \"xp_from_reward\": 5}','2025-12-16 09:20:29'),(301,92,'ROULETTE','PLAY','{\"label\": \"룰렛티켓1장\", \"segment_id\": 54, \"reward_type\": \"TICKET_ROULETTE\", \"reward_amount\": 1, \"xp_from_reward\": 5}','2025-12-16 09:20:35'),(302,92,'ROULETTE','PLAY','{\"label\": \"주사위티켓2장\", \"segment_id\": 55, \"reward_type\": \"TICKET_DICE\", \"reward_amount\": 2, \"xp_from_reward\": 5}','2025-12-16 09:20:42'),(303,92,'ROULETTE','PLAY','{\"label\": \"룰렛티켓1장\", \"segment_id\": 54, \"reward_type\": \"TICKET_ROULETTE\", \"reward_amount\": 1, \"xp_from_reward\": 5}','2025-12-16 09:20:47'),(304,92,'ROULETTE','PLAY','{\"label\": \"다음기회에\", \"segment_id\": 53, \"reward_type\": \"POINT\", \"reward_amount\": 5, \"xp_from_reward\": 5}','2025-12-16 09:20:52'),(305,92,'ROULETTE','PLAY','{\"label\": \"다음기회에\", \"segment_id\": 53, \"reward_type\": \"POINT\", \"reward_amount\": 5, \"xp_from_reward\": 5}','2025-12-16 09:20:58'),(306,92,'ROULETTE','PLAY','{\"label\": \"다음기회에\", \"segment_id\": 53, \"reward_type\": \"POINT\", \"reward_amount\": 5, \"xp_from_reward\": 5}','2025-12-16 09:21:03'),(307,92,'ROULETTE','PLAY','{\"label\": \"룰렛티켓1장\", \"segment_id\": 54, \"reward_type\": \"TICKET_ROULETTE\", \"reward_amount\": 1, \"xp_from_reward\": 5}','2025-12-16 09:21:22'),(308,92,'ROULETTE','PLAY','{\"label\": \"다음기회에\", \"segment_id\": 53, \"reward_type\": \"POINT\", \"reward_amount\": 5, \"xp_from_reward\": 5}','2025-12-16 09:21:27'),(309,92,'DICE','PLAY','{\"result\": \"LOSE\", \"reward_type\": \"POINT\", \"reward_label\": \"XMAS Dice - LOSE\", \"reward_amount\": 5, \"xp_from_reward\": 5}','2025-12-16 09:21:42'),(310,92,'DICE','PLAY','{\"result\": \"LOSE\", \"reward_type\": \"POINT\", \"reward_label\": \"XMAS Dice - LOSE\", \"reward_amount\": 5, \"xp_from_reward\": 5}','2025-12-16 09:21:46'),(311,92,'LOTTERY','PLAY','{\"label\": \"CC코인1개\", \"prize_id\": 107, \"reward_type\": \"POINT\", \"reward_amount\": 5, \"xp_from_reward\": 5}','2025-12-16 09:22:38'),(312,43,'ROULETTE','PLAY','{\"label\": \"주사위티켓2장\", \"segment_id\": 55, \"reward_type\": \"TICKET_DICE\", \"reward_amount\": 2, \"xp_from_reward\": 5}','2025-12-16 09:26:56'),(313,43,'DICE','PLAY','{\"result\": \"WIN\", \"reward_type\": \"POINT\", \"reward_label\": \"XMAS Dice - WIN\", \"reward_amount\": 20, \"xp_from_reward\": 20}','2025-12-16 09:27:22'),(314,43,'DICE','PLAY','{\"result\": \"WIN\", \"reward_type\": \"POINT\", \"reward_label\": \"XMAS Dice - WIN\", \"reward_amount\": 20, \"xp_from_reward\": 20}','2025-12-16 09:27:27'),(315,43,'DICE','PLAY','{\"result\": \"LOSE\", \"reward_type\": \"POINT\", \"reward_label\": \"XMAS Dice - LOSE\", \"reward_amount\": 5, \"xp_from_reward\": 5}','2025-12-16 09:27:48'),(316,41,'ROULETTE','PLAY','{\"label\": \"룰렛티켓1장\", \"segment_id\": 54, \"reward_type\": \"TICKET_ROULETTE\", \"reward_amount\": 1, \"xp_from_reward\": 5}','2025-12-16 09:49:19'),(317,41,'ROULETTE','PLAY','{\"label\": \"다음기회에\", \"segment_id\": 53, \"reward_type\": \"POINT\", \"reward_amount\": 5, \"xp_from_reward\": 5}','2025-12-16 09:49:24'),(318,41,'ROULETTE','PLAY','{\"label\": \"룰렛티켓1장\", \"segment_id\": 54, \"reward_type\": \"TICKET_ROULETTE\", \"reward_amount\": 1, \"xp_from_reward\": 5}','2025-12-16 09:49:28'),(319,41,'ROULETTE','PLAY','{\"label\": \"복권티켓1장\", \"segment_id\": 56, \"reward_type\": \"TICKET_LOTTERY\", \"reward_amount\": 1, \"xp_from_reward\": 5}','2025-12-16 09:49:34'),(320,41,'LOTTERY','PLAY','{\"label\": \"주사위티켓2장\", \"prize_id\": 112, \"reward_type\": \"TICKET_DICE\", \"reward_amount\": 5, \"xp_from_reward\": 5}','2025-12-16 09:50:08'),(321,41,'DICE','PLAY','{\"result\": \"LOSE\", \"reward_type\": \"POINT\", \"reward_label\": \"XMAS Dice - LOSE\", \"reward_amount\": 5, \"xp_from_reward\": 5}','2025-12-16 09:50:23'),(322,41,'DICE','PLAY','{\"result\": \"WIN\", \"reward_type\": \"POINT\", \"reward_label\": \"XMAS Dice - WIN\", \"reward_amount\": 20, \"xp_from_reward\": 20}','2025-12-16 09:50:32'),(323,41,'DICE','PLAY','{\"result\": \"WIN\", \"reward_type\": \"POINT\", \"reward_label\": \"XMAS Dice - WIN\", \"reward_amount\": 20, \"xp_from_reward\": 20}','2025-12-16 09:50:36'),(324,41,'DICE','PLAY','{\"result\": \"WIN\", \"reward_type\": \"POINT\", \"reward_label\": \"XMAS Dice - WIN\", \"reward_amount\": 20, \"xp_from_reward\": 20}','2025-12-16 09:50:39'),(325,41,'DICE','PLAY','{\"result\": \"WIN\", \"reward_type\": \"POINT\", \"reward_label\": \"XMAS Dice - WIN\", \"reward_amount\": 20, \"xp_from_reward\": 20}','2025-12-16 09:50:41'),(326,41,'DICE','PLAY','{\"result\": \"LOSE\", \"reward_type\": \"POINT\", \"reward_label\": \"XMAS Dice - LOSE\", \"reward_amount\": 5, \"xp_from_reward\": 5}','2025-12-16 09:50:43'),(327,41,'LOTTERY','PLAY','{\"label\": \"다음기회에\", \"prize_id\": 109, \"reward_type\": \"POINT\", \"reward_amount\": 5, \"xp_from_reward\": 5}','2025-12-16 09:50:50'),(328,41,'DICE','PLAY','{\"result\": \"LOSE\", \"reward_type\": \"POINT\", \"reward_label\": \"XMAS Dice - LOSE\", \"reward_amount\": 5, \"xp_from_reward\": 5}','2025-12-16 09:51:32'),(329,9,'AUTH','AUTH_LOGIN','{\"ip\": \"118.99.2.13\", \"external_id\": \"발로해도\"}','2025-12-16 10:02:56'),(330,9,'LOTTERY','PLAY','{\"label\": \"다음기회에\", \"prize_id\": 109, \"reward_type\": \"POINT\", \"reward_amount\": 5, \"xp_from_reward\": 5}','2025-12-16 10:03:02'),(331,9,'LOTTERY','PLAY','{\"label\": \"다음기회에\", \"prize_id\": 109, \"reward_type\": \"POINT\", \"reward_amount\": 5, \"xp_from_reward\": 5}','2025-12-16 10:03:13'),(332,9,'LOTTERY','PLAY','{\"label\": \"19실장영상\", \"prize_id\": 113, \"reward_type\": \"POINT\", \"reward_amount\": 5, \"xp_from_reward\": 5}','2025-12-16 10:03:18'),(334,95,'AUTH','AUTH_LOGIN','{\"ip\": \"106.101.129.6\", \"external_id\": \"타이장인\"}','2025-12-16 10:23:44'),(335,95,'ROULETTE','PLAY','{\"label\": \"룰렛티켓1장\", \"segment_id\": 54, \"reward_type\": \"TICKET_ROULETTE\", \"reward_amount\": 1, \"xp_from_reward\": 5}','2025-12-16 10:25:35'),(336,95,'ROULETTE','PLAY','{\"label\": \"다음기회에\", \"segment_id\": 53, \"reward_type\": \"POINT\", \"reward_amount\": 5, \"xp_from_reward\": 5}','2025-12-16 10:25:42'),(337,95,'ROULETTE','PLAY','{\"label\": \"다음기회에\", \"segment_id\": 53, \"reward_type\": \"POINT\", \"reward_amount\": 5, \"xp_from_reward\": 5}','2025-12-16 10:25:47'),(338,95,'DICE','PLAY','{\"result\": \"WIN\", \"reward_type\": \"POINT\", \"reward_label\": \"XMAS Dice - WIN\", \"reward_amount\": 20, \"xp_from_reward\": 20}','2025-12-16 10:25:57'),(339,95,'DICE','PLAY','{\"result\": \"LOSE\", \"reward_type\": \"POINT\", \"reward_label\": \"XMAS Dice - LOSE\", \"reward_amount\": 5, \"xp_from_reward\": 5}','2025-12-16 10:26:02'),(340,95,'ROULETTE','PLAY','{\"label\": \"복권티켓1장\", \"segment_id\": 56, \"reward_type\": \"TICKET_LOTTERY\", \"reward_amount\": 1, \"xp_from_reward\": 5}','2025-12-16 10:26:29'),(341,95,'DICE','PLAY','{\"result\": \"WIN\", \"reward_type\": \"POINT\", \"reward_label\": \"XMAS Dice - WIN\", \"reward_amount\": 20, \"xp_from_reward\": 20}','2025-12-16 10:26:56'),(342,95,'DICE','PLAY','{\"result\": \"LOSE\", \"reward_type\": \"POINT\", \"reward_label\": \"XMAS Dice - LOSE\", \"reward_amount\": 5, \"xp_from_reward\": 5}','2025-12-16 10:27:01'),(343,95,'LOTTERY','PLAY','{\"label\": \"다음기회에\", \"prize_id\": 109, \"reward_type\": \"POINT\", \"reward_amount\": 5, \"xp_from_reward\": 5}','2025-12-16 10:27:24'),(344,14,'AUTH','AUTH_LOGIN','{\"ip\": \"106.101.200.64\", \"external_id\": \"persipic\"}','2025-12-16 11:32:33'),(345,14,'DICE','PLAY','{\"result\": \"WIN\", \"reward_type\": \"POINT\", \"reward_label\": \"XMAS Dice - WIN\", \"reward_amount\": 20, \"xp_from_reward\": 20}','2025-12-16 11:33:47'),(346,14,'DICE','PLAY','{\"result\": \"WIN\", \"reward_type\": \"POINT\", \"reward_label\": \"XMAS Dice - WIN\", \"reward_amount\": 20, \"xp_from_reward\": 20}','2025-12-16 11:33:50'),(347,14,'DICE','PLAY','{\"result\": \"DRAW\", \"reward_type\": \"POINT\", \"reward_label\": \"XMAS Dice - DRAW\", \"reward_amount\": 5, \"xp_from_reward\": 5}','2025-12-16 11:33:53'),(348,14,'ROULETTE','PLAY','{\"label\": \"룰렛티켓1장\", \"segment_id\": 54, \"reward_type\": \"TICKET_ROULETTE\", \"reward_amount\": 1, \"xp_from_reward\": 5}','2025-12-16 11:34:02'),(349,14,'ROULETTE','PLAY','{\"label\": \"다음기회에\", \"segment_id\": 53, \"reward_type\": \"POINT\", \"reward_amount\": 5, \"xp_from_reward\": 5}','2025-12-16 11:34:07'),(350,83,'AUTH','AUTH_LOGIN','{\"ip\": \"223.39.176.8\", \"external_id\": \"민성민성\"}','2025-12-16 11:49:33'),(353,12,'AUTH','AUTH_LOGIN','{\"ip\": \"156.146.45.152\", \"external_id\": \"yuhh89\"}','2025-12-16 13:21:24'),(354,12,'ROULETTE','PLAY','{\"label\": \"룰렛티켓1장\", \"segment_id\": 54, \"reward_type\": \"TICKET_ROULETTE\", \"reward_amount\": 1, \"xp_from_reward\": 5}','2025-12-16 13:21:26'),(355,12,'ROULETTE','PLAY','{\"label\": \"CC코인1개\", \"segment_id\": 57, \"reward_type\": \"POINT\", \"reward_amount\": 5, \"xp_from_reward\": 5}','2025-12-16 13:21:31'),(356,12,'ROULETTE','PLAY','{\"label\": \"주사위티켓2장\", \"segment_id\": 55, \"reward_type\": \"TICKET_DICE\", \"reward_amount\": 2, \"xp_from_reward\": 5}','2025-12-16 13:21:36'),(357,12,'DICE','PLAY','{\"result\": \"LOSE\", \"reward_type\": \"POINT\", \"reward_label\": \"XMAS Dice - LOSE\", \"reward_amount\": 5, \"xp_from_reward\": 5}','2025-12-16 13:21:43'),(358,12,'DICE','PLAY','{\"result\": \"LOSE\", \"reward_type\": \"POINT\", \"reward_label\": \"XMAS Dice - LOSE\", \"reward_amount\": 5, \"xp_from_reward\": 5}','2025-12-16 13:22:14'),(359,12,'DICE','PLAY','{\"result\": \"DRAW\", \"reward_type\": \"POINT\", \"reward_label\": \"XMAS Dice - DRAW\", \"reward_amount\": 5, \"xp_from_reward\": 5}','2025-12-16 13:22:16'),(360,12,'DICE','PLAY','{\"result\": \"WIN\", \"reward_type\": \"POINT\", \"reward_label\": \"XMAS Dice - WIN\", \"reward_amount\": 20, \"xp_from_reward\": 20}','2025-12-16 13:22:19'),(361,12,'DICE','PLAY','{\"result\": \"WIN\", \"reward_type\": \"POINT\", \"reward_label\": \"XMAS Dice - WIN\", \"reward_amount\": 20, \"xp_from_reward\": 20}','2025-12-16 13:22:21'),(362,56,'AUTH','AUTH_LOGIN','{\"ip\": \"156.146.45.152\", \"external_id\": \"admin\"}','2025-12-16 13:24:10'),(365,56,'AUTH','AUTH_LOGIN','{\"ip\": \"156.146.45.152\", \"external_id\": \"admin\"}','2025-12-16 13:26:50'),(366,7,'AUTH','AUTH_LOGIN','{\"ip\": \"156.146.45.152\", \"external_id\": \"아모모모\"}','2025-12-16 13:27:44'),(367,7,'ROULETTE','PLAY','{\"label\": \"룰렛티켓1장\", \"segment_id\": 54, \"reward_type\": \"TICKET_ROULETTE\", \"reward_amount\": 1, \"xp_from_reward\": 5}','2025-12-16 13:28:02'),(368,7,'ROULETTE','PLAY','{\"label\": \"룰렛티켓1장\", \"segment_id\": 54, \"reward_type\": \"TICKET_ROULETTE\", \"reward_amount\": 1, \"xp_from_reward\": 5}','2025-12-16 13:28:06'),(369,7,'ROULETTE','PLAY','{\"label\": \"다음기회에\", \"segment_id\": 53, \"reward_type\": \"POINT\", \"reward_amount\": 5, \"xp_from_reward\": 5}','2025-12-16 13:28:11'),(370,7,'ROULETTE','PLAY','{\"label\": \"주사위티켓2장\", \"segment_id\": 55, \"reward_type\": \"TICKET_DICE\", \"reward_amount\": 2, \"xp_from_reward\": 5}','2025-12-16 13:28:16'),(371,7,'DICE','PLAY','{\"result\": \"LOSE\", \"reward_type\": \"POINT\", \"reward_label\": \"XMAS Dice - LOSE\", \"reward_amount\": 5, \"xp_from_reward\": 5}','2025-12-16 13:28:20'),(372,7,'DICE','PLAY','{\"result\": \"WIN\", \"reward_type\": \"POINT\", \"reward_label\": \"XMAS Dice - WIN\", \"reward_amount\": 20, \"xp_from_reward\": 20}','2025-12-16 13:28:22'),(373,7,'DICE','PLAY','{\"result\": \"LOSE\", \"reward_type\": \"POINT\", \"reward_label\": \"XMAS Dice - LOSE\", \"reward_amount\": 5, \"xp_from_reward\": 5}','2025-12-16 13:28:24'),(374,7,'DICE','PLAY','{\"result\": \"LOSE\", \"reward_type\": \"POINT\", \"reward_label\": \"XMAS Dice - LOSE\", \"reward_amount\": 5, \"xp_from_reward\": 5}','2025-12-16 13:28:26'),(375,7,'DICE','PLAY','{\"result\": \"LOSE\", \"reward_type\": \"POINT\", \"reward_label\": \"XMAS Dice - LOSE\", \"reward_amount\": 5, \"xp_from_reward\": 5}','2025-12-16 13:28:28'),(376,7,'DICE','PLAY','{\"result\": \"LOSE\", \"reward_type\": \"POINT\", \"reward_label\": \"XMAS Dice - LOSE\", \"reward_amount\": 5, \"xp_from_reward\": 5}','2025-12-16 13:28:31'),(377,7,'DICE','PLAY','{\"result\": \"WIN\", \"reward_type\": \"POINT\", \"reward_label\": \"XMAS Dice - WIN\", \"reward_amount\": 20, \"xp_from_reward\": 20}','2025-12-16 13:28:33'),(378,7,'DICE','PLAY','{\"result\": \"DRAW\", \"reward_type\": \"POINT\", \"reward_label\": \"XMAS Dice - DRAW\", \"reward_amount\": 5, \"xp_from_reward\": 5}','2025-12-16 13:28:35'),(379,7,'LOTTERY','PLAY','{\"label\": \"주사위티켓2장\", \"prize_id\": 112, \"reward_type\": \"TICKET_DICE\", \"reward_amount\": 5, \"xp_from_reward\": 5}','2025-12-16 13:29:01'),(380,56,'AUTH','AUTH_LOGIN','{\"ip\": \"156.146.45.152\", \"external_id\": \"admin\"}','2025-12-16 13:46:50'),(381,85,'DICE','PLAY','{\"result\": \"LOSE\", \"reward_type\": \"POINT\", \"reward_label\": \"XMAS Dice - LOSE\", \"reward_amount\": 5, \"xp_from_reward\": 5}','2025-12-16 13:48:09'),(382,85,'DICE','PLAY','{\"result\": \"LOSE\", \"reward_type\": \"POINT\", \"reward_label\": \"XMAS Dice - LOSE\", \"reward_amount\": 5, \"xp_from_reward\": 5}','2025-12-16 13:48:12'),(383,85,'DICE','PLAY','{\"result\": \"WIN\", \"reward_type\": \"POINT\", \"reward_label\": \"XMAS Dice - WIN\", \"reward_amount\": 20, \"xp_from_reward\": 20}','2025-12-16 13:48:15'),(384,85,'DICE','PLAY','{\"result\": \"WIN\", \"reward_type\": \"POINT\", \"reward_label\": \"XMAS Dice - WIN\", \"reward_amount\": 20, \"xp_from_reward\": 20}','2025-12-16 13:48:18'),(385,85,'DICE','PLAY','{\"result\": \"WIN\", \"reward_type\": \"POINT\", \"reward_label\": \"XMAS Dice - WIN\", \"reward_amount\": 20, \"xp_from_reward\": 20}','2025-12-16 13:48:20'),(386,7,'ROULETTE','PLAY','{\"label\": \"주사위티켓2장\", \"segment_id\": 60, \"reward_type\": \"TICKET_DICE\", \"reward_amount\": 2, \"xp_from_reward\": 5}','2025-12-16 13:59:55'),(387,7,'ROULETTE','PLAY','{\"label\": \"맥날불고기세트\", \"segment_id\": 62, \"reward_type\": \"POINT\", \"reward_amount\": 5, \"xp_from_reward\": 5}','2025-12-16 14:00:06'),(388,7,'DICE','PLAY','{\"result\": \"WIN\", \"reward_type\": \"POINT\", \"reward_label\": \"XMAS Dice - WIN\", \"reward_amount\": 20, \"xp_from_reward\": 20}','2025-12-16 14:00:13'),(389,7,'LOTTERY','PLAY','{\"label\": \"주사위티켓 2장\", \"prize_id\": 114, \"reward_type\": \"TICKET_DICE\", \"reward_amount\": 2, \"xp_from_reward\": 5}','2025-12-16 14:00:26'),(390,92,'DICE','PLAY','{\"result\": \"WIN\", \"reward_type\": \"POINT\", \"reward_label\": \"XMAS Dice - WIN\", \"reward_amount\": 20, \"xp_from_reward\": 20}','2025-12-16 14:24:37'),(392,56,'AUTH','AUTH_LOGIN','{\"ip\": \"61.97.244.83\", \"external_id\": \"admin\"}','2025-12-16 14:28:43'),(393,56,'AUTH','AUTH_LOGIN','{\"ip\": \"61.97.244.83\", \"external_id\": \"admin\"}','2025-12-16 14:29:03'),(394,56,'AUTH','AUTH_LOGIN','{\"ip\": \"61.97.244.83\", \"external_id\": \"admin\"}','2025-12-16 14:51:21'),(399,56,'AUTH','AUTH_LOGIN','{\"ip\": \"61.97.244.83\", \"external_id\": \"admin\"}','2025-12-16 15:08:43'),(400,104,'AUTH','AUTH_LOGIN','{\"ip\": \"61.97.244.83\", \"external_id\": \"라라리\"}','2025-12-16 15:10:21'),(401,104,'AUTH','AUTH_LOGIN','{\"ip\": \"61.97.244.83\", \"external_id\": \"라라리\"}','2025-12-16 15:11:35'),(402,56,'AUTH','AUTH_LOGIN','{\"ip\": \"61.97.244.83\", \"external_id\": \"admin\"}','2025-12-16 15:11:51'),(403,56,'AUTH','AUTH_LOGIN','{\"ip\": \"61.97.244.83\", \"external_id\": \"admin\"}','2025-12-16 15:17:15'),(404,104,'AUTH','AUTH_LOGIN','{\"ip\": \"61.97.244.83\", \"external_id\": \"라라리\"}','2025-12-16 15:18:23'),(405,43,'AUTH','AUTH_LOGIN','{\"ip\": \"211.235.72.226\", \"external_id\": \"일등당첨\"}','2025-12-16 16:30:07'),(406,14,'LOTTERY','PLAY','{\"label\": \"컴포즈아\", \"prize_id\": 115, \"reward_type\": \"POINT\", \"reward_amount\": 5, \"xp_from_reward\": 5}','2025-12-16 17:38:37'),(407,26,'DICE','PLAY','{\"result\": \"WIN\", \"reward_type\": \"POINT\", \"reward_label\": \"XMAS Dice - WIN\", \"reward_amount\": 20, \"xp_from_reward\": 20}','2025-12-16 17:59:52'),(408,22,'AUTH','AUTH_LOGIN','{\"ip\": \"58.229.246.33\", \"external_id\": \"크리스토퍼\"}','2025-12-16 22:33:44'),(409,30,'DICE','PLAY','{\"result\": \"WIN\", \"reward_type\": \"POINT\", \"reward_label\": \"XMAS Dice - WIN\", \"reward_amount\": 20, \"xp_from_reward\": 20}','2025-12-16 22:38:42'),(410,85,'ROULETTE','PLAY','{\"label\": \"주사위티켓2장\", \"segment_id\": 60, \"reward_type\": \"TICKET_DICE\", \"reward_amount\": 2, \"xp_from_reward\": 5}','2025-12-17 00:42:49'),(411,85,'DICE','PLAY','{\"result\": \"WIN\", \"reward_type\": \"POINT\", \"reward_label\": \"XMAS Dice - WIN\", \"reward_amount\": 20, \"xp_from_reward\": 20}','2025-12-17 00:43:02'),(412,85,'DICE','PLAY','{\"result\": \"WIN\", \"reward_type\": \"POINT\", \"reward_label\": \"XMAS Dice - WIN\", \"reward_amount\": 20, \"xp_from_reward\": 20}','2025-12-17 00:43:05'),(413,85,'LOTTERY','PLAY','{\"label\": \"컴포즈아\", \"prize_id\": 115, \"reward_type\": \"POINT\", \"reward_amount\": 5, \"xp_from_reward\": 5}','2025-12-17 00:43:16'),(414,21,'AUTH','AUTH_LOGIN','{\"ip\": \"118.235.81.224\", \"external_id\": \"돈따묵쟈\"}','2025-12-17 01:32:24'),(415,21,'ROULETTE','PLAY','{\"label\": \"주사위티켓2장\", \"segment_id\": 60, \"reward_type\": \"TICKET_DICE\", \"reward_amount\": 2, \"xp_from_reward\": 5}','2025-12-17 01:32:48'),(416,21,'DICE','PLAY','{\"result\": \"WIN\", \"reward_type\": \"POINT\", \"reward_label\": \"XMAS Dice - WIN\", \"reward_amount\": 20, \"xp_from_reward\": 20}','2025-12-17 01:33:01'),(417,21,'DICE','PLAY','{\"result\": \"LOSE\", \"reward_type\": \"POINT\", \"reward_label\": \"XMAS Dice - LOSE\", \"reward_amount\": 5, \"xp_from_reward\": 5}','2025-12-17 01:33:07'),(418,21,'DICE','PLAY','{\"result\": \"LOSE\", \"reward_type\": \"POINT\", \"reward_label\": \"XMAS Dice - LOSE\", \"reward_amount\": 5, \"xp_from_reward\": 5}','2025-12-17 01:33:12'),(419,21,'DICE','PLAY','{\"result\": \"DRAW\", \"reward_type\": \"POINT\", \"reward_label\": \"XMAS Dice - DRAW\", \"reward_amount\": 5, \"xp_from_reward\": 5}','2025-12-17 01:33:20'),(420,11,'AUTH','AUTH_LOGIN','{\"ip\": \"156.146.45.154\", \"external_id\": \"jkkk\"}','2025-12-17 02:09:10'),(421,56,'AUTH','AUTH_LOGIN','{\"ip\": \"156.146.45.154\", \"external_id\": \"admin\"}','2025-12-17 02:10:10'),(422,12,'AUTH','AUTH_LOGIN','{\"ip\": \"156.146.45.154\", \"external_id\": \"yuhh89\"}','2025-12-17 02:10:29'),(423,12,'LOTTERY','PLAY','{\"label\": \"주사위티켓 2장\", \"prize_id\": 114, \"reward_type\": \"TICKET_DICE\", \"reward_amount\": 2, \"xp_from_reward\": 5}','2025-12-17 02:10:40'),(424,12,'DICE','PLAY','{\"result\": \"WIN\", \"reward_type\": \"POINT\", \"reward_label\": \"XMAS Dice - WIN\", \"reward_amount\": 20, \"xp_from_reward\": 20}','2025-12-17 02:10:47'),(425,12,'DICE','PLAY','{\"result\": \"DRAW\", \"reward_type\": \"POINT\", \"reward_label\": \"XMAS Dice - DRAW\", \"reward_amount\": 5, \"xp_from_reward\": 5}','2025-12-17 02:10:49'),(426,51,'AUTH','AUTH_LOGIN','{\"ip\": \"156.146.45.154\", \"external_id\": \"순살마니밥\"}','2025-12-17 02:26:40'),(427,51,'DICE','PLAY','{\"result\": \"LOSE\", \"reward_type\": \"POINT\", \"reward_label\": \"XMAS Dice - LOSE\", \"reward_amount\": 5, \"xp_from_reward\": 5}','2025-12-17 02:26:52'),(428,56,'AUTH','AUTH_LOGIN','{\"ip\": \"156.146.45.154\", \"external_id\": \"admin\"}','2025-12-17 02:27:18'),(429,51,'DICE','PLAY','{\"result\": \"DRAW\", \"reward_type\": \"POINT\", \"reward_label\": \"XMAS Dice - DRAW\", \"reward_amount\": 5, \"xp_from_reward\": 5}','2025-12-17 02:28:05'),(430,51,'DICE','PLAY','{\"result\": \"LOSE\", \"reward_type\": \"POINT\", \"reward_label\": \"XMAS Dice - LOSE\", \"reward_amount\": 5, \"xp_from_reward\": 5}','2025-12-17 02:28:10'),(431,51,'ROULETTE','PLAY','{\"label\": \"다음기회에\", \"segment_id\": 59, \"reward_type\": \"POINT\", \"reward_amount\": 5, \"xp_from_reward\": 5}','2025-12-17 02:28:58'),(432,51,'DICE','PLAY','{\"result\": \"LOSE\", \"reward_type\": \"POINT\", \"reward_label\": \"XMAS Dice - LOSE\", \"reward_amount\": 5, \"xp_from_reward\": 5}','2025-12-17 02:29:05'),(433,51,'DICE','PLAY','{\"result\": \"LOSE\", \"reward_type\": \"POINT\", \"reward_label\": \"XMAS Dice - LOSE\", \"reward_amount\": 5, \"xp_from_reward\": 5}','2025-12-17 02:29:08'),(434,51,'ROULETTE','PLAY','{\"label\": \"주사위티켓2장\", \"segment_id\": 60, \"reward_type\": \"TICKET_DICE\", \"reward_amount\": 2, \"xp_from_reward\": 5}','2025-12-17 02:29:13'),(435,51,'DICE','PLAY','{\"result\": \"WIN\", \"reward_type\": \"POINT\", \"reward_label\": \"XMAS Dice - WIN\", \"reward_amount\": 20, \"xp_from_reward\": 20}','2025-12-17 02:29:32'),(436,51,'DICE','PLAY','{\"result\": \"LOSE\", \"reward_type\": \"POINT\", \"reward_label\": \"XMAS Dice - LOSE\", \"reward_amount\": 5, \"xp_from_reward\": 5}','2025-12-17 02:29:35'),(437,51,'DICE','PLAY','{\"result\": \"LOSE\", \"reward_type\": \"POINT\", \"reward_label\": \"XMAS Dice - LOSE\", \"reward_amount\": 5, \"xp_from_reward\": 5}','2025-12-17 02:29:40'),(438,16,'ROULETTE','PLAY','{\"label\": \"주사위티켓2장\", \"segment_id\": 60, \"reward_type\": \"TICKET_DICE\", \"reward_amount\": 2, \"xp_from_reward\": 5}','2025-12-17 03:03:34'),(439,16,'LOTTERY','PLAY','{\"label\": \"주사위티켓 2장\", \"prize_id\": 114, \"reward_type\": \"TICKET_DICE\", \"reward_amount\": 2, \"xp_from_reward\": 5}','2025-12-17 03:03:44'),(440,16,'DICE','PLAY','{\"result\": \"WIN\", \"reward_type\": \"POINT\", \"reward_label\": \"XMAS Dice - WIN\", \"reward_amount\": 20, \"xp_from_reward\": 20}','2025-12-17 03:04:13'),(441,16,'DICE','PLAY','{\"result\": \"WIN\", \"reward_type\": \"POINT\", \"reward_label\": \"XMAS Dice - WIN\", \"reward_amount\": 20, \"xp_from_reward\": 20}','2025-12-17 03:04:16'),(442,16,'DICE','PLAY','{\"result\": \"WIN\", \"reward_type\": \"POINT\", \"reward_label\": \"XMAS Dice - WIN\", \"reward_amount\": 20, \"xp_from_reward\": 20}','2025-12-17 03:04:18'),(443,16,'DICE','PLAY','{\"result\": \"LOSE\", \"reward_type\": \"POINT\", \"reward_label\": \"XMAS Dice - LOSE\", \"reward_amount\": 5, \"xp_from_reward\": 5}','2025-12-17 03:04:21'),(444,16,'DICE','PLAY','{\"result\": \"WIN\", \"reward_type\": \"POINT\", \"reward_label\": \"XMAS Dice - WIN\", \"reward_amount\": 20, \"xp_from_reward\": 20}','2025-12-17 03:04:25'),(445,26,'DICE','PLAY','{\"result\": \"WIN\", \"reward_type\": \"POINT\", \"reward_label\": \"XMAS Dice - WIN\", \"reward_amount\": 20, \"xp_from_reward\": 20}','2025-12-17 03:14:42'),(446,26,'DICE','PLAY','{\"result\": \"WIN\", \"reward_type\": \"POINT\", \"reward_label\": \"XMAS Dice - WIN\", \"reward_amount\": 20, \"xp_from_reward\": 20}','2025-12-17 03:14:50'),(447,26,'DICE','PLAY','{\"result\": \"LOSE\", \"reward_type\": \"POINT\", \"reward_label\": \"XMAS Dice - LOSE\", \"reward_amount\": 5, \"xp_from_reward\": 5}','2025-12-17 03:14:54'),(448,26,'ROULETTE','PLAY','{\"label\": \"다이소5천원\", \"segment_id\": 63, \"reward_type\": \"POINT\", \"reward_amount\": 5, \"xp_from_reward\": 5}','2025-12-17 03:15:08'),(449,26,'ROULETTE','PLAY','{\"label\": \"다이소5천원\", \"segment_id\": 63, \"reward_type\": \"POINT\", \"reward_amount\": 5, \"xp_from_reward\": 5}','2025-12-17 03:15:17'),(450,56,'AUTH','AUTH_LOGIN','{\"ip\": \"156.146.45.154\", \"external_id\": \"admin\"}','2025-12-17 03:46:54'),(451,55,'AUTH','AUTH_LOGIN','{\"ip\": \"156.146.45.154\", \"external_id\": \"나무늬82\"}','2025-12-17 03:47:49'),(452,55,'ROULETTE','PLAY','{\"label\": \"맥날불고기세트\", \"segment_id\": 62, \"reward_type\": \"POINT\", \"reward_amount\": 5, \"xp_from_reward\": 5}','2025-12-17 03:48:03'),(453,55,'DICE','PLAY','{\"result\": \"LOSE\", \"reward_type\": \"POINT\", \"reward_label\": \"XMAS Dice - LOSE\", \"reward_amount\": 5, \"xp_from_reward\": 5}','2025-12-17 03:48:10'),(454,55,'DICE','PLAY','{\"result\": \"WIN\", \"reward_type\": \"POINT\", \"reward_label\": \"XMAS Dice - WIN\", \"reward_amount\": 20, \"xp_from_reward\": 20}','2025-12-17 03:48:14'),(455,55,'DICE','PLAY','{\"result\": \"WIN\", \"reward_type\": \"POINT\", \"reward_label\": \"XMAS Dice - WIN\", \"reward_amount\": 20, \"xp_from_reward\": 20}','2025-12-17 03:49:15'),(456,55,'DICE','PLAY','{\"result\": \"WIN\", \"reward_type\": \"POINT\", \"reward_label\": \"XMAS Dice - WIN\", \"reward_amount\": 20, \"xp_from_reward\": 20}','2025-12-17 03:49:19'),(457,43,'ROULETTE','PLAY','{\"label\": \"주사위티켓2장\", \"segment_id\": 60, \"reward_type\": \"TICKET_DICE\", \"reward_amount\": 2, \"xp_from_reward\": 5}','2025-12-17 04:19:59'),(458,43,'DICE','PLAY','{\"result\": \"DRAW\", \"reward_type\": \"POINT\", \"reward_label\": \"XMAS Dice - DRAW\", \"reward_amount\": 5, \"xp_from_reward\": 5}','2025-12-17 04:20:52'),(459,43,'DICE','PLAY','{\"result\": \"WIN\", \"reward_type\": \"POINT\", \"reward_label\": \"XMAS Dice - WIN\", \"reward_amount\": 20, \"xp_from_reward\": 20}','2025-12-17 04:20:54'),(460,56,'AUTH','AUTH_LOGIN','{\"ip\": \"156.146.45.154\", \"external_id\": \"admin\"}','2025-12-17 04:21:21'),(461,10,'AUTH','AUTH_LOGIN','{\"ip\": \"156.146.45.154\", \"external_id\": \"yeong12\"}','2025-12-17 04:21:44'),(462,10,'DICE','PLAY','{\"result\": \"LOSE\", \"reward_type\": \"POINT\", \"reward_label\": \"XMAS Dice - LOSE\", \"reward_amount\": 5, \"xp_from_reward\": 5}','2025-12-17 04:21:54'),(463,10,'DICE','PLAY','{\"result\": \"WIN\", \"reward_type\": \"POINT\", \"reward_label\": \"XMAS Dice - WIN\", \"reward_amount\": 20, \"xp_from_reward\": 20}','2025-12-17 04:22:01'),(464,10,'DICE','PLAY','{\"result\": \"WIN\", \"reward_type\": \"POINT\", \"reward_label\": \"XMAS Dice - WIN\", \"reward_amount\": 20, \"xp_from_reward\": 20}','2025-12-17 04:22:04'),(465,44,'AUTH','AUTH_LOGIN','{\"ip\": \"106.101.2.13\", \"external_id\": \"우주를줄게\"}','2025-12-17 04:50:37'),(466,44,'ROULETTE','PLAY','{\"label\": \"다음기회에\", \"segment_id\": 59, \"reward_type\": \"POINT\", \"reward_amount\": 5, \"xp_from_reward\": 5}','2025-12-17 04:50:46'),(467,44,'DICE','PLAY','{\"result\": \"LOSE\", \"reward_type\": \"POINT\", \"reward_label\": \"XMAS Dice - LOSE\", \"reward_amount\": 5, \"xp_from_reward\": 5}','2025-12-17 04:51:03'),(468,44,'DICE','PLAY','{\"result\": \"WIN\", \"reward_type\": \"POINT\", \"reward_label\": \"XMAS Dice - WIN\", \"reward_amount\": 20, \"xp_from_reward\": 20}','2025-12-17 04:51:07'),(469,10,'LOTTERY','PLAY','{\"label\": \"CC코인1개\", \"prize_id\": 116, \"reward_type\": \"POINT\", \"reward_amount\": 5, \"xp_from_reward\": 5}','2025-12-17 04:55:01'),(470,83,'ROULETTE','PLAY','{\"label\": \"CC코인1\", \"segment_id\": 61, \"reward_type\": \"POINT\", \"reward_amount\": 5, \"xp_from_reward\": 5}','2025-12-17 06:24:04'),(471,83,'DICE','PLAY','{\"result\": \"LOSE\", \"reward_type\": \"POINT\", \"reward_label\": \"XMAS Dice - LOSE\", \"reward_amount\": 5, \"xp_from_reward\": 5}','2025-12-17 06:32:03'),(474,56,'AUTH','AUTH_LOGIN','{\"ip\": \"93.152.212.45\", \"external_id\": \"admin\"}','2025-12-17 06:47:04'),(475,39,'ROULETTE','PLAY','{\"label\": \"맥날불고기세트\", \"segment_id\": 62, \"reward_type\": \"POINT\", \"reward_amount\": 5, \"xp_from_reward\": 5}','2025-12-17 07:28:05'),(476,39,'DICE','PLAY','{\"result\": \"LOSE\", \"reward_type\": \"POINT\", \"reward_label\": \"XMAS Dice - LOSE\", \"reward_amount\": 5, \"xp_from_reward\": 5}','2025-12-17 07:29:04'),(477,39,'DICE','PLAY','{\"result\": \"LOSE\", \"reward_type\": \"POINT\", \"reward_label\": \"XMAS Dice - LOSE\", \"reward_amount\": 5, \"xp_from_reward\": 5}','2025-12-17 07:29:09'),(478,39,'LOTTERY','PLAY','{\"label\": \"배민 5천원\", \"prize_id\": 117, \"reward_type\": \"POINT\", \"reward_amount\": 5, \"xp_from_reward\": 5}','2025-12-17 07:29:45'),(479,41,'AUTH','AUTH_LOGIN','{\"ip\": \"223.39.194.37\", \"external_id\": \"요리\"}','2025-12-17 08:02:29'),(480,41,'ROULETTE','PLAY','{\"label\": \"주사위티켓2장\", \"segment_id\": 60, \"reward_type\": \"TICKET_DICE\", \"reward_amount\": 2, \"xp_from_reward\": 5}','2025-12-17 08:13:04'),(481,41,'LOTTERY','PLAY','{\"label\": \"CC코인1개\", \"prize_id\": 116, \"reward_type\": \"POINT\", \"reward_amount\": 5, \"xp_from_reward\": 5}','2025-12-17 08:13:15'),(482,41,'DICE','PLAY','{\"result\": \"DRAW\", \"reward_type\": \"POINT\", \"reward_label\": \"XMAS Dice - DRAW\", \"reward_amount\": 5, \"xp_from_reward\": 5}','2025-12-17 08:13:24'),(483,41,'DICE','PLAY','{\"result\": \"LOSE\", \"reward_type\": \"POINT\", \"reward_label\": \"XMAS Dice - LOSE\", \"reward_amount\": 5, \"xp_from_reward\": 5}','2025-12-17 08:13:27'),(484,41,'DICE','PLAY','{\"result\": \"LOSE\", \"reward_type\": \"POINT\", \"reward_label\": \"XMAS Dice - LOSE\", \"reward_amount\": 5, \"xp_from_reward\": 5}','2025-12-17 08:13:30'),(485,41,'DICE','PLAY','{\"result\": \"LOSE\", \"reward_type\": \"POINT\", \"reward_label\": \"XMAS Dice - LOSE\", \"reward_amount\": 5, \"xp_from_reward\": 5}','2025-12-17 08:13:32'),(486,56,'AUTH','AUTH_LOGIN','{\"ip\": \"138.199.62.8\", \"external_id\": \"admin\"}','2025-12-17 08:19:24'),(487,108,'AUTH','AUTH_LOGIN','{\"ip\": \"138.199.62.8\", \"external_id\": \"강민정토토\"}','2025-12-17 08:20:14'),(488,108,'AUTH','AUTH_LOGIN','{\"ip\": \"138.199.62.8\", \"external_id\": \"강민정토토\"}','2025-12-17 08:24:30'),(489,107,'AUTH','AUTH_LOGIN','{\"ip\": \"138.199.62.8\", \"external_id\": \"보보\"}','2025-12-17 08:28:45'),(490,106,'AUTH','AUTH_LOGIN','{\"ip\": \"138.199.62.8\", \"external_id\": \"임쑹\"}','2025-12-17 08:31:23'),(491,56,'AUTH','AUTH_LOGIN','{\"ip\": \"138.199.62.8\", \"external_id\": \"admin\"}','2025-12-17 08:31:46'),(493,7,'AUTH','AUTH_LOGIN','{\"ip\": \"138.199.62.8\", \"external_id\": \"아모모모\"}','2025-12-17 09:11:26'),(494,7,'DICE','PLAY','{\"result\": \"WIN\", \"reward_type\": \"POINT\", \"reward_label\": \"XMAS Dice - WIN\", \"reward_amount\": 20, \"xp_from_reward\": 20}','2025-12-17 09:13:59'),(495,7,'DICE','PLAY','{\"result\": \"DRAW\", \"reward_type\": \"POINT\", \"reward_label\": \"XMAS Dice - DRAW\", \"reward_amount\": 5, \"xp_from_reward\": 5}','2025-12-17 09:14:02'),(496,7,'ROULETTE','PLAY','{\"label\": \"다음기회에\", \"segment_id\": 59, \"reward_type\": \"POINT\", \"reward_amount\": 5, \"xp_from_reward\": 5}','2025-12-17 09:14:10'),(497,7,'LOTTERY','PLAY','{\"label\": \"컴포즈아\", \"prize_id\": 115, \"reward_type\": \"POINT\", \"reward_amount\": 5, \"xp_from_reward\": 5}','2025-12-17 09:14:21'),(498,7,'DICE','PLAY','{\"result\": \"LOSE\", \"reward_type\": \"POINT\", \"reward_label\": \"XMAS Dice - LOSE\", \"reward_amount\": 5, \"xp_from_reward\": 5}','2025-12-17 09:24:32'),(499,7,'DICE','PLAY','{\"result\": \"WIN\", \"reward_type\": \"POINT\", \"reward_label\": \"XMAS Dice - WIN\", \"reward_amount\": 20, \"xp_from_reward\": 20}','2025-12-17 09:24:35'),(500,56,'AUTH','AUTH_LOGIN','{\"ip\": \"138.199.62.8\", \"external_id\": \"admin\"}','2025-12-17 09:25:22'),(501,56,'AUTH','AUTH_LOGIN','{\"ip\": \"138.199.62.8\", \"external_id\": \"admin\"}','2025-12-17 09:27:00'),(502,50,'AUTH','AUTH_LOGIN','{\"ip\": \"160.238.37.30\", \"external_id\": \"햄찌\"}','2025-12-17 09:34:47'),(503,74,'AUTH','AUTH_LOGIN','{\"ip\": \"118.235.7.132\", \"external_id\": \"에버리치\"}','2025-12-17 12:03:36'),(504,74,'LOTTERY','PLAY','{\"label\": \"컴포즈아아\", \"prize_id\": 126, \"reward_type\": \"POINT\", \"reward_amount\": 5, \"xp_from_reward\": 5}','2025-12-17 12:04:07'),(505,14,'AUTH','AUTH_LOGIN','{\"ip\": \"106.101.194.146\", \"external_id\": \"persipic\"}','2025-12-17 12:13:09'),(506,14,'DICE','PLAY','{\"result\": \"LOSE\", \"reward_type\": \"POINT\", \"reward_label\": \"XMAS Dice - LOSE\", \"reward_amount\": 5, \"xp_from_reward\": 5}','2025-12-17 12:13:20'),(507,14,'DICE','PLAY','{\"result\": \"WIN\", \"reward_type\": \"POINT\", \"reward_label\": \"XMAS Dice - WIN\", \"reward_amount\": 20, \"xp_from_reward\": 20}','2025-12-17 12:13:23'),(509,68,'AUTH','AUTH_LOGIN','{\"ip\": \"119.203.250.210\", \"external_id\": \"대박군\"}','2025-12-17 13:36:37'),(510,68,'ROULETTE','PLAY','{\"label\": \"다이소5천원\", \"segment_id\": 63, \"reward_type\": \"POINT\", \"reward_amount\": 5, \"xp_from_reward\": 5}','2025-12-17 13:36:54'),(511,16,'AUTH','AUTH_LOGIN','{\"ip\": \"118.235.6.68\", \"external_id\": \"나참동\"}','2025-12-17 13:52:04'),(512,18,'AUTH','AUTH_LOGIN','{\"ip\": \"106.101.67.174\", \"external_id\": \"아사카\"}','2025-12-17 13:58:01'),(513,18,'DICE','PLAY','{\"result\": \"LOSE\", \"reward_type\": \"POINT\", \"reward_label\": \"XMAS Dice - LOSE\", \"reward_amount\": 5, \"xp_from_reward\": 5}','2025-12-17 13:58:12'),(514,18,'DICE','PLAY','{\"result\": \"LOSE\", \"reward_type\": \"POINT\", \"reward_label\": \"XMAS Dice - LOSE\", \"reward_amount\": 5, \"xp_from_reward\": 5}','2025-12-17 13:58:14'),(515,18,'ROULETTE','PLAY','{\"label\": \"다음기회에\", \"segment_id\": 59, \"reward_type\": \"POINT\", \"reward_amount\": 5, \"xp_from_reward\": 5}','2025-12-17 13:58:20'),(516,6,'AUTH','AUTH_LOGIN','{\"ip\": \"138.199.62.8\", \"external_id\": \"지지미니\"}','2025-12-17 14:15:44');
/*!40000 ALTER TABLE `user_event_log` ENABLE KEYS */;
UNLOCK TABLES;

--
-- Table structure for table `user_game_wallet`
--

DROP TABLE IF EXISTS `user_game_wallet`;
/*!40101 SET @saved_cs_client     = @@character_set_client */;
/*!50503 SET character_set_client = utf8mb4 */;
CREATE TABLE `user_game_wallet` (
  `id` int NOT NULL AUTO_INCREMENT,
  `user_id` int NOT NULL,
  `token_type` enum('ROULETTE_COIN','DICE_TOKEN','LOTTERY_TICKET','CC_COIN') NOT NULL,
  `balance` int NOT NULL,
  `updated_at` datetime NOT NULL,
  PRIMARY KEY (`id`),
  UNIQUE KEY `uq_user_token_type` (`user_id`,`token_type`),
  KEY `ix_user_game_wallet_user_id` (`user_id`),
  KEY `ix_user_game_wallet_id` (`id`),
  CONSTRAINT `user_game_wallet_ibfk_1` FOREIGN KEY (`user_id`) REFERENCES `user` (`id`) ON DELETE CASCADE
) ENGINE=InnoDB AUTO_INCREMENT=244 DEFAULT CHARSET=utf8mb4 COLLATE=utf8mb4_0900_ai_ci;
/*!40101 SET character_set_client = @saved_cs_client */;

--
-- Dumping data for table `user_game_wallet`
--

LOCK TABLES `user_game_wallet` WRITE;
/*!40000 ALTER TABLE `user_game_wallet` DISABLE KEYS */;
INSERT INTO `user_game_wallet` VALUES (1,6,'DICE_TOKEN',0,'2025-12-15 15:25:08'),(2,6,'LOTTERY_TICKET',0,'2025-12-14 13:53:42'),(3,6,'ROULETTE_COIN',0,'2025-12-14 13:56:10'),(4,6,'CC_COIN',0,'2025-12-14 13:55:21'),(5,35,'LOTTERY_TICKET',0,'2025-12-15 00:47:44'),(6,35,'ROULETTE_COIN',0,'2025-12-15 00:47:44'),(7,35,'DICE_TOKEN',0,'2025-12-15 00:47:45'),(8,14,'ROULETTE_COIN',0,'2025-12-16 11:34:07'),(9,14,'DICE_TOKEN',0,'2025-12-17 12:13:23'),(10,14,'LOTTERY_TICKET',0,'2025-12-16 17:38:37'),(11,45,'DICE_TOKEN',0,'2025-12-16 07:58:02'),(12,45,'LOTTERY_TICKET',0,'2025-12-15 04:05:42'),(13,45,'ROULETTE_COIN',0,'2025-12-16 07:57:07'),(14,15,'ROULETTE_COIN',0,'2025-12-16 06:10:38'),(15,15,'DICE_TOKEN',0,'2025-12-16 08:42:56'),(16,15,'LOTTERY_TICKET',0,'2025-12-16 08:42:13'),(17,16,'DICE_TOKEN',0,'2025-12-17 03:04:25'),(18,16,'LOTTERY_TICKET',0,'2025-12-17 03:03:44'),(19,16,'ROULETTE_COIN',0,'2025-12-17 03:03:34'),(20,18,'ROULETTE_COIN',0,'2025-12-17 13:58:20'),(21,18,'DICE_TOKEN',0,'2025-12-17 13:58:14'),(22,18,'LOTTERY_TICKET',0,'2025-12-15 09:08:06'),(23,48,'ROULETTE_COIN',0,'2025-12-16 03:34:52'),(24,48,'DICE_TOKEN',0,'2025-12-16 03:36:57'),(25,48,'LOTTERY_TICKET',1,'2025-12-17 02:14:33'),(26,7,'ROULETTE_COIN',6,'2025-12-17 09:14:10'),(27,7,'DICE_TOKEN',7,'2025-12-17 09:24:35'),(28,7,'LOTTERY_TICKET',5,'2025-12-17 09:24:35'),(29,8,'ROULETTE_COIN',0,'2025-12-15 14:03:51'),(30,8,'DICE_TOKEN',0,'2025-12-15 14:07:48'),(31,8,'LOTTERY_TICKET',0,'2025-12-15 14:03:51'),(32,9,'ROULETTE_COIN',10,'2025-12-16 02:22:12'),(33,9,'DICE_TOKEN',10,'2025-12-15 15:02:37'),(34,9,'LOTTERY_TICKET',5,'2025-12-16 10:03:18'),(35,57,'ROULETTE_COIN',0,'2025-12-15 15:01:49'),(36,57,'LOTTERY_TICKET',0,'2025-12-15 15:01:50'),(37,57,'DICE_TOKEN',0,'2025-12-15 15:01:50'),(41,50,'LOTTERY_TICKET',0,'2025-12-15 15:16:46'),(42,50,'DICE_TOKEN',0,'2025-12-15 15:45:38'),(43,50,'ROULETTE_COIN',0,'2025-12-15 15:46:01'),(44,43,'ROULETTE_COIN',0,'2025-12-17 04:19:59'),(45,43,'DICE_TOKEN',0,'2025-12-17 04:20:54'),(46,43,'LOTTERY_TICKET',0,'2025-12-15 15:23:33'),(47,39,'ROULETTE_COIN',0,'2025-12-17 07:28:05'),(48,39,'DICE_TOKEN',0,'2025-12-17 07:29:09'),(49,23,'ROULETTE_COIN',1,'2025-12-17 03:57:23'),(50,44,'ROULETTE_COIN',0,'2025-12-17 04:50:46'),(51,44,'DICE_TOKEN',0,'2025-12-17 04:51:07'),(52,10,'ROULETTE_COIN',0,'2025-12-16 02:28:10'),(53,10,'DICE_TOKEN',0,'2025-12-17 04:22:04'),(54,58,'ROULETTE_COIN',0,'2025-12-15 15:56:20'),(55,58,'DICE_TOKEN',2,'2025-12-16 13:14:50'),(56,58,'LOTTERY_TICKET',1,'2025-12-16 05:11:36'),(57,44,'LOTTERY_TICKET',0,'2025-12-15 16:32:42'),(58,21,'ROULETTE_COIN',0,'2025-12-17 01:32:48'),(59,21,'LOTTERY_TICKET',0,'2025-12-15 20:49:19'),(60,21,'DICE_TOKEN',0,'2025-12-17 01:33:20'),(61,22,'ROULETTE_COIN',0,'2025-12-16 08:21:58'),(62,22,'LOTTERY_TICKET',0,'2025-12-15 22:10:57'),(63,22,'DICE_TOKEN',0,'2025-12-16 02:52:52'),(64,29,'ROULETTE_COIN',0,'2025-12-16 03:40:36'),(65,29,'DICE_TOKEN',0,'2025-12-16 03:40:04'),(66,64,'ROULETTE_COIN',1,'2025-12-16 02:17:30'),(67,63,'ROULETTE_COIN',2,'2025-12-16 03:05:59'),(68,63,'DICE_TOKEN',1,'2025-12-16 02:17:52'),(69,11,'ROULETTE_COIN',0,'2025-12-16 02:54:28'),(70,11,'DICE_TOKEN',2,'2025-12-17 02:12:10'),(71,10,'LOTTERY_TICKET',0,'2025-12-17 04:55:01'),(72,11,'LOTTERY_TICKET',0,'2025-12-16 05:31:52'),(73,33,'DICE_TOKEN',0,'2025-12-16 03:02:44'),(74,33,'ROULETTE_COIN',1,'2025-12-16 03:02:44'),(75,33,'LOTTERY_TICKET',0,'2025-12-16 03:02:28'),(76,64,'DICE_TOKEN',1,'2025-12-16 03:05:49'),(77,29,'LOTTERY_TICKET',1,'2025-12-17 02:14:14'),(78,65,'ROULETTE_COIN',1,'2025-12-16 04:31:17'),(79,65,'DICE_TOKEN',2,'2025-12-16 04:31:20'),(80,30,'ROULETTE_COIN',0,'2025-12-16 07:07:10'),(81,30,'DICE_TOKEN',0,'2025-12-16 22:38:42'),(82,26,'DICE_TOKEN',0,'2025-12-17 03:14:54'),(83,26,'ROULETTE_COIN',0,'2025-12-17 03:15:17'),(84,26,'LOTTERY_TICKET',0,'2025-12-16 04:38:52'),(85,25,'ROULETTE_COIN',0,'2025-12-16 04:41:45'),(86,25,'DICE_TOKEN',0,'2025-12-16 04:46:15'),(87,25,'LOTTERY_TICKET',0,'2025-12-16 04:42:34'),(88,41,'ROULETTE_COIN',0,'2025-12-17 08:13:04'),(89,41,'DICE_TOKEN',0,'2025-12-17 08:13:32'),(90,67,'ROULETTE_COIN',0,'2025-12-16 04:50:52'),(91,67,'DICE_TOKEN',0,'2025-12-16 04:55:58'),(92,67,'LOTTERY_TICKET',0,'2025-12-16 04:51:19'),(93,68,'ROULETTE_COIN',0,'2025-12-17 13:36:54'),(94,68,'DICE_TOKEN',0,'2025-12-16 05:34:31'),(95,69,'ROULETTE_COIN',0,'2025-12-16 05:01:32'),(96,69,'DICE_TOKEN',2,'2025-12-16 05:02:40'),(97,69,'LOTTERY_TICKET',0,'2025-12-16 05:02:40'),(98,20,'DICE_TOKEN',0,'2025-12-16 05:01:26'),(99,20,'ROULETTE_COIN',0,'2025-12-16 05:01:26'),(100,20,'LOTTERY_TICKET',0,'2025-12-16 05:01:26'),(101,12,'ROULETTE_COIN',0,'2025-12-16 13:21:36'),(102,12,'DICE_TOKEN',0,'2025-12-17 02:10:49'),(103,70,'DICE_TOKEN',0,'2025-12-16 06:30:22'),(104,52,'ROULETTE_COIN',1,'2025-12-16 05:12:21'),(105,52,'DICE_TOKEN',1,'2025-12-16 05:12:21'),(106,71,'DICE_TOKEN',2,'2025-12-16 05:14:32'),(107,70,'ROULETTE_COIN',0,'2025-12-16 06:28:56'),(108,70,'LOTTERY_TICKET',0,'2025-12-16 05:17:14'),(109,19,'ROULETTE_COIN',1,'2025-12-16 05:22:03'),(110,19,'DICE_TOKEN',2,'2025-12-16 05:22:06'),(111,72,'ROULETTE_COIN',1,'2025-12-16 05:26:57'),(112,72,'DICE_TOKEN',2,'2025-12-16 05:26:59'),(113,36,'DICE_TOKEN',2,'2025-12-16 05:27:45'),(114,73,'DICE_TOKEN',2,'2025-12-16 05:30:00'),(115,12,'LOTTERY_TICKET',0,'2025-12-17 02:10:40'),(116,68,'LOTTERY_TICKET',0,'2025-12-16 05:34:09'),(117,74,'ROULETTE_COIN',1,'2025-12-16 05:34:57'),(118,74,'DICE_TOKEN',2,'2025-12-16 05:35:00'),(119,74,'LOTTERY_TICKET',0,'2025-12-17 12:04:07'),(120,75,'DICE_TOKEN',0,'2025-12-16 08:28:40'),(121,77,'ROULETTE_COIN',1,'2025-12-16 05:47:19'),(122,77,'DICE_TOKEN',2,'2025-12-16 05:47:22'),(129,80,'DICE_TOKEN',2,'2025-12-16 06:27:19'),(133,23,'DICE_TOKEN',1,'2025-12-17 03:57:25'),(134,75,'ROULETTE_COIN',0,'2025-12-16 08:28:47'),(135,82,'DICE_TOKEN',1,'2025-12-16 07:03:07'),(136,82,'ROULETTE_COIN',1,'2025-12-16 07:01:53'),(137,82,'LOTTERY_TICKET',0,'2025-12-16 07:01:43'),(141,30,'LOTTERY_TICKET',0,'2025-12-16 07:05:58'),(142,75,'LOTTERY_TICKET',0,'2025-12-16 08:29:21'),(143,83,'DICE_TOKEN',0,'2025-12-17 06:32:03'),(147,84,'ROULETTE_COIN',0,'2025-12-16 07:19:58'),(148,84,'DICE_TOKEN',0,'2025-12-16 07:20:16'),(149,84,'LOTTERY_TICKET',0,'2025-12-16 07:12:26'),(150,85,'DICE_TOKEN',0,'2025-12-17 00:43:05'),(151,85,'ROULETTE_COIN',0,'2025-12-17 00:42:49'),(152,85,'LOTTERY_TICKET',0,'2025-12-17 00:43:16'),(153,83,'ROULETTE_COIN',0,'2025-12-17 06:24:04'),(154,83,'LOTTERY_TICKET',0,'2025-12-16 07:26:25'),(155,86,'DICE_TOKEN',2,'2025-12-16 07:34:36'),(159,41,'LOTTERY_TICKET',0,'2025-12-17 08:13:15'),(160,39,'LOTTERY_TICKET',1,'2025-12-17 07:29:45'),(161,88,'DICE_TOKEN',2,'2025-12-16 08:07:54'),(162,23,'LOTTERY_TICKET',1,'2025-12-17 03:57:27'),(163,89,'DICE_TOKEN',0,'2025-12-16 08:33:10'),(164,89,'LOTTERY_TICKET',0,'2025-12-16 08:26:35'),(165,89,'ROULETTE_COIN',0,'2025-12-16 08:26:35'),(166,90,'DICE_TOKEN',0,'2025-12-16 08:31:28'),(167,90,'ROULETTE_COIN',0,'2025-12-16 08:30:47'),(168,90,'LOTTERY_TICKET',0,'2025-12-16 08:30:47'),(172,40,'DICE_TOKEN',0,'2025-12-16 08:55:30'),(173,40,'ROULETTE_COIN',0,'2025-12-16 08:55:03'),(174,40,'LOTTERY_TICKET',0,'2025-12-16 08:55:38'),(178,92,'DICE_TOKEN',0,'2025-12-16 14:24:37'),(179,92,'ROULETTE_COIN',0,'2025-12-16 09:21:27'),(180,92,'LOTTERY_TICKET',0,'2025-12-16 09:22:38'),(184,95,'ROULETTE_COIN',0,'2025-12-16 10:26:29'),(185,95,'DICE_TOKEN',0,'2025-12-16 10:27:01'),(186,95,'LOTTERY_TICKET',0,'2025-12-16 10:27:24'),(206,104,'ROULETTE_COIN',0,'2025-12-16 15:19:12'),(207,104,'DICE_TOKEN',0,'2025-12-16 15:19:12'),(208,104,'LOTTERY_TICKET',0,'2025-12-16 15:19:13'),(209,51,'DICE_TOKEN',0,'2025-12-17 02:29:40'),(210,51,'ROULETTE_COIN',0,'2025-12-17 02:29:13'),(211,51,'LOTTERY_TICKET',0,'2025-12-17 02:26:50'),(212,63,'LOTTERY_TICKET',1,'2025-12-17 02:42:48'),(213,55,'ROULETTE_COIN',1,'2025-12-17 03:49:15'),(214,55,'DICE_TOKEN',0,'2025-12-17 03:49:19'),(215,105,'ROULETTE_COIN',1,'2025-12-17 03:47:38'),(216,55,'LOTTERY_TICKET',0,'2025-12-17 03:48:01'),(217,111,'ROULETTE_COIN',1,'2025-12-17 06:39:01'),(218,111,'DICE_TOKEN',1,'2025-12-17 06:39:03'),(219,111,'LOTTERY_TICKET',1,'2025-12-17 06:39:04'),(223,108,'ROULETTE_COIN',0,'2025-12-17 08:28:08'),(224,108,'LOTTERY_TICKET',0,'2025-12-17 08:28:08'),(225,108,'DICE_TOKEN',0,'2025-12-17 08:28:08'),(226,107,'LOTTERY_TICKET',0,'2025-12-17 08:29:09'),(227,107,'ROULETTE_COIN',0,'2025-12-17 08:29:09'),(228,107,'DICE_TOKEN',0,'2025-12-17 08:29:09'),(229,106,'ROULETTE_COIN',0,'2025-12-17 08:32:34'),(230,106,'LOTTERY_TICKET',0,'2025-12-17 08:32:34'),(231,106,'DICE_TOKEN',0,'2025-12-17 08:32:34');
/*!40000 ALTER TABLE `user_game_wallet` ENABLE KEYS */;
UNLOCK TABLES;

--
-- Table structure for table `user_game_wallet_ledger`
--

DROP TABLE IF EXISTS `user_game_wallet_ledger`;
/*!40101 SET @saved_cs_client     = @@character_set_client */;
/*!50503 SET character_set_client = utf8mb4 */;
CREATE TABLE `user_game_wallet_ledger` (
  `id` int NOT NULL AUTO_INCREMENT,
  `user_id` int NOT NULL,
  `token_type` enum('ROULETTE_COIN','DICE_TOKEN','LOTTERY_TICKET','CC_COIN') NOT NULL,
  `delta` int NOT NULL,
  `balance_after` int NOT NULL,
  `reason` varchar(100) DEFAULT NULL,
  `label` varchar(255) DEFAULT NULL,
  `meta_json` json DEFAULT NULL,
  `created_at` datetime NOT NULL,
  PRIMARY KEY (`id`),
  KEY `ix_user_game_wallet_ledger_user_id` (`user_id`),
  KEY `ix_user_game_wallet_ledger_id` (`id`),
  KEY `ix_user_game_wallet_ledger_token_type` (`token_type`),
  CONSTRAINT `user_game_wallet_ledger_ibfk_1` FOREIGN KEY (`user_id`) REFERENCES `user` (`id`) ON DELETE CASCADE
) ENGINE=InnoDB AUTO_INCREMENT=684 DEFAULT CHARSET=utf8mb4 COLLATE=utf8mb4_0900_ai_ci;
/*!40101 SET character_set_client = @saved_cs_client */;

--
-- Dumping data for table `user_game_wallet_ledger`
--

LOCK TABLES `user_game_wallet_ledger` WRITE;
/*!40000 ALTER TABLE `user_game_wallet_ledger` DISABLE KEYS */;
INSERT INTO `user_game_wallet_ledger` VALUES (1,6,'DICE_TOKEN',1,1,'LEVEL_REWARD','AUTO_GRANT','{\"level\": 2, \"source\": \"SEASON_PASS_AUTO_CLAIM\", \"trigger\": \"BONUS_XP\", \"xp_added\": 200, \"season_id\": 1}','2025-12-14 13:51:55'),(2,6,'ROULETTE_COIN',1,1,'LEVEL_REWARD','AUTO_GRANT','{\"level\": 3, \"source\": \"SEASON_PASS_AUTO_CLAIM\", \"trigger\": \"BONUS_XP\", \"xp_added\": 200, \"season_id\": 1}','2025-12-14 13:51:55'),(3,6,'LOTTERY_TICKET',1,1,'LEVEL_REWARD','AUTO_GRANT','{\"level\": 4, \"source\": \"SEASON_PASS_AUTO_CLAIM\", \"trigger\": \"BONUS_XP\", \"xp_added\": 200, \"season_id\": 1}','2025-12-14 13:51:55'),(4,6,'ROULETTE_COIN',-1,0,'ROULETTE_PLAY','컴포즈아아','{\"segment_id\": 35}','2025-12-14 13:53:30'),(5,6,'DICE_TOKEN',-1,0,'DICE_PLAY','XMAS Dice - LOSE','{\"result\": \"LOSE\"}','2025-12-14 13:53:37'),(6,6,'LOTTERY_TICKET',-1,0,'LOTTERY_PLAY','룰렛티켓1장','{\"prize_id\": 85}','2025-12-14 13:53:42'),(7,6,'CC_COIN',1,1,'LEVEL_REWARD','AUTO_GRANT','{\"level\": 5, \"source\": \"SEASON_PASS_AUTO_CLAIM\", \"trigger\": \"BONUS_XP\", \"xp_added\": 200, \"season_id\": 1}','2025-12-14 13:55:21'),(8,6,'ROULETTE_COIN',-1,4,'ROULETTE_PLAY','다음기회에','{\"segment_id\": 36}','2025-12-14 13:56:09'),(9,6,'ROULETTE_COIN',-1,3,'ROULETTE_PLAY','주사위티켓2장 ','{\"segment_id\": 39}','2025-12-14 13:56:09'),(10,6,'ROULETTE_COIN',-1,2,'ROULETTE_PLAY','ì£¼ì‚¬ìœ„í‹°ì¼“','{\"segment_id\": 34}','2025-12-14 13:56:10'),(11,6,'DICE_TOKEN',5,5,'roulette_spin','AUTO_GRANT','{\"reason\": \"roulette_spin\", \"game_xp\": 5, \"segment_id\": 34}','2025-12-14 13:56:10'),(12,6,'ROULETTE_COIN',-1,1,'ROULETTE_PLAY','ì£¼ì‚¬ìœ„í‹°ì¼“','{\"segment_id\": 34}','2025-12-14 13:56:10'),(13,6,'DICE_TOKEN',5,10,'roulette_spin','AUTO_GRANT','{\"reason\": \"roulette_spin\", \"game_xp\": 5, \"segment_id\": 34}','2025-12-14 13:56:10'),(14,6,'ROULETTE_COIN',-1,0,'ROULETTE_PLAY','주사위티켓2장 ','{\"segment_id\": 39}','2025-12-14 13:56:10'),(15,6,'DICE_TOKEN',2,12,'LEVEL_REWARD','AUTO_GRANT','{\"level\": 6, \"source\": \"SEASON_PASS_AUTO_CLAIM\", \"trigger\": \"BONUS_XP\", \"xp_added\": 5, \"season_id\": 1}','2025-12-14 13:56:10'),(16,7,'ROULETTE_COIN',10,10,'GRANT',NULL,'{}','2025-12-15 13:40:38'),(17,7,'DICE_TOKEN',10,10,'GRANT',NULL,'{}','2025-12-15 13:40:39'),(18,7,'LOTTERY_TICKET',10,10,'GRANT',NULL,'{}','2025-12-15 13:40:41'),(19,7,'LOTTERY_TICKET',-1,9,'LOTTERY_PLAY','CC코인1개','{\"prize_id\": 95}','2025-12-15 13:41:18'),(20,7,'LOTTERY_TICKET',-1,8,'LOTTERY_PLAY','지민19영상','{\"prize_id\": 100}','2025-12-15 13:41:33'),(21,7,'LOTTERY_TICKET',-1,7,'LOTTERY_PLAY','CC코인1개','{\"prize_id\": 101}','2025-12-15 13:55:48'),(22,7,'DICE_TOKEN',-1,9,'DICE_PLAY','XMAS Dice - LOSE','{\"result\": \"LOSE\"}','2025-12-15 13:56:04'),(23,7,'ROULETTE_COIN',1,11,'LEVEL_REWARD','AUTO_GRANT','{\"level\": 1, \"source\": \"SEASON_PASS_AUTO_CLAIM\", \"trigger\": \"BONUS_XP\", \"xp_added\": 5, \"season_id\": 2}','2025-12-15 13:56:04'),(24,7,'DICE_TOKEN',-1,8,'DICE_PLAY','XMAS Dice - LOSE','{\"result\": \"LOSE\"}','2025-12-15 13:56:07'),(25,7,'ROULETTE_COIN',-1,10,'ROULETTE_PLAY','다음기회에','{\"segment_id\": 47}','2025-12-15 13:56:12'),(26,8,'DICE_TOKEN',1,1,'LEVEL_REWARD','AUTO_GRANT','{\"amount\": 1, \"reward_type\": \"TICKET_DICE\", \"toast_message\": \"주사위 티켓 지급\"}','2025-12-15 14:04:40'),(27,8,'DICE_TOKEN',-1,0,'DICE_PLAY','XMAS Dice - LOSE','{\"result\": \"LOSE\"}','2025-12-15 14:07:48'),(28,9,'ROULETTE_COIN',10,10,'GRANT',NULL,'{}','2025-12-15 14:52:55'),(29,9,'DICE_TOKEN',10,10,'GRANT',NULL,'{}','2025-12-15 14:52:56'),(30,9,'LOTTERY_TICKET',10,10,'GRANT',NULL,'{}','2025-12-15 14:52:58'),(31,9,'LOTTERY_TICKET',-1,9,'LOTTERY_PLAY','주사위티켓2장','{\"prize_id\": 105}','2025-12-15 14:53:04'),(32,9,'DICE_TOKEN',2,12,'lottery_play','AUTO_GRANT','{\"reason\": \"lottery_play\", \"game_xp\": 5, \"prize_id\": 105}','2025-12-15 14:53:04'),(33,9,'DICE_TOKEN',-1,11,'DICE_PLAY','XMAS Dice - WIN','{\"result\": \"WIN\"}','2025-12-15 14:53:21'),(34,9,'ROULETTE_COIN',1,11,'LEVEL_REWARD','AUTO_GRANT','{\"level\": 1, \"source\": \"SEASON_PASS_AUTO_CLAIM\", \"trigger\": \"BONUS_XP\", \"xp_added\": 20, \"season_id\": 2}','2025-12-15 14:53:21'),(35,9,'DICE_TOKEN',-1,10,'DICE_PLAY','XMAS Dice - WIN','{\"result\": \"WIN\"}','2025-12-15 14:53:23'),(36,9,'ROULETTE_COIN',-1,10,'ROULETTE_PLAY','다음기회에','{\"segment_id\": 47}','2025-12-15 14:53:28'),(37,9,'DICE_TOKEN',1,11,'LEVEL_REWARD','AUTO_GRANT','{\"amount\": 1, \"reward_type\": \"TICKET_DICE\", \"toast_message\": \"주사위 티켓 지급\"}','2025-12-15 14:53:34'),(38,9,'LOTTERY_TICKET',-1,8,'LOTTERY_PLAY','CC코인1개','{\"prize_id\": 101}','2025-12-15 15:00:05'),(39,9,'DICE_TOKEN',1,12,'LEVEL_REWARD','AUTO_GRANT','{\"level\": 2, \"source\": \"SEASON_PASS_AUTO_CLAIM\", \"trigger\": \"BONUS_XP\", \"xp_added\": 5, \"season_id\": 2}','2025-12-15 15:00:05'),(40,9,'DICE_TOKEN',-1,11,'DICE_PLAY','XMAS Dice - DRAW','{\"result\": \"DRAW\"}','2025-12-15 15:00:13'),(41,9,'DICE_TOKEN',-1,10,'DICE_PLAY','XMAS Dice - LOSE','{\"result\": \"LOSE\"}','2025-12-15 15:00:16'),(42,9,'DICE_TOKEN',-1,9,'DICE_PLAY','XMAS Dice - DRAW','{\"result\": \"DRAW\"}','2025-12-15 15:02:20'),(43,9,'DICE_TOKEN',-1,8,'DICE_PLAY','XMAS Dice - WIN','{\"result\": \"WIN\"}','2025-12-15 15:02:23'),(44,9,'ROULETTE_COIN',-1,9,'ROULETTE_PLAY','다음기회에','{\"segment_id\": 47}','2025-12-15 15:02:29'),(45,9,'LOTTERY_TICKET',-1,7,'LOTTERY_PLAY','주사위티켓2장','{\"prize_id\": 105}','2025-12-15 15:02:37'),(46,9,'DICE_TOKEN',2,10,'lottery_play','AUTO_GRANT','{\"reason\": \"lottery_play\", \"game_xp\": 5, \"prize_id\": 105}','2025-12-15 15:02:37'),(47,6,'DICE_TOKEN',1,1,'LEVEL_REWARD','AUTO_GRANT','{\"amount\": 1, \"reward_type\": \"TICKET_DICE\", \"toast_message\": \"주사위 티켓 지급\"}','2025-12-15 15:23:59'),(48,43,'DICE_TOKEN',1,1,'LEVEL_REWARD','AUTO_GRANT','{\"amount\": 1, \"reward_type\": \"TICKET_DICE\", \"toast_message\": \"주사위 티켓 지급\"}','2025-12-15 15:24:27'),(49,43,'DICE_TOKEN',-1,0,'DICE_PLAY','XMAS Dice - LOSE','{\"result\": \"LOSE\"}','2025-12-15 15:24:48'),(50,6,'DICE_TOKEN',-1,0,'DICE_PLAY','XMAS Dice - LOSE','{\"result\": \"LOSE\"}','2025-12-15 15:25:08'),(51,18,'ROULETTE_COIN',1,1,'LEVEL_REWARD','AUTO_GRANT','{\"level\": 1, \"source\": \"SEASON_PASS_AUTO_CLAIM\", \"trigger\": \"BONUS_XP\", \"xp_added\": 20, \"season_id\": 2}','2025-12-15 15:41:55'),(52,45,'ROULETTE_COIN',1,1,'LEVEL_REWARD','AUTO_GRANT','{\"level\": 1, \"source\": \"SEASON_PASS_AUTO_CLAIM\", \"feature\": \"EXTERNAL_RANKING_TOP10\", \"trigger\": \"STAMP\", \"xp_added\": 20, \"season_id\": 2, \"stamp_count\": 1}','2025-12-15 15:42:09'),(53,39,'ROULETTE_COIN',1,1,'LEVEL_REWARD','AUTO_GRANT','{\"level\": 1, \"source\": \"SEASON_PASS_AUTO_CLAIM\", \"trigger\": \"BONUS_XP\", \"xp_added\": 40, \"season_id\": 2}','2025-12-15 15:42:22'),(54,39,'DICE_TOKEN',1,1,'LEVEL_REWARD','AUTO_GRANT','{\"level\": 2, \"source\": \"SEASON_PASS_AUTO_CLAIM\", \"feature\": \"EXTERNAL_RANKING_TOP10\", \"trigger\": \"STAMP\", \"xp_added\": 20, \"season_id\": 2, \"stamp_count\": 1}','2025-12-15 15:42:22'),(55,23,'ROULETTE_COIN',1,1,'LEVEL_REWARD','AUTO_GRANT','{\"level\": 1, \"source\": \"SEASON_PASS_AUTO_CLAIM\", \"trigger\": \"BONUS_XP\", \"xp_added\": 20, \"season_id\": 2}','2025-12-15 15:42:31'),(56,44,'ROULETTE_COIN',1,1,'LEVEL_REWARD','AUTO_GRANT','{\"level\": 1, \"source\": \"SEASON_PASS_AUTO_CLAIM\", \"trigger\": \"BONUS_XP\", \"xp_added\": 40, \"season_id\": 2}','2025-12-15 15:43:33'),(57,44,'DICE_TOKEN',1,1,'LEVEL_REWARD','AUTO_GRANT','{\"level\": 2, \"source\": \"SEASON_PASS_AUTO_CLAIM\", \"feature\": \"EXTERNAL_RANKING_TOP10\", \"trigger\": \"STAMP\", \"xp_added\": 20, \"season_id\": 2, \"stamp_count\": 1}','2025-12-15 15:43:33'),(59,10,'ROULETTE_COIN',1,1,'LEVEL_REWARD','AUTO_GRANT','{\"level\": 1, \"source\": \"SEASON_PASS_AUTO_CLAIM\", \"trigger\": \"BONUS_XP\", \"xp_added\": 100, \"season_id\": 2}','2025-12-15 15:44:46'),(60,10,'DICE_TOKEN',1,1,'LEVEL_REWARD','AUTO_GRANT','{\"level\": 2, \"source\": \"SEASON_PASS_AUTO_CLAIM\", \"trigger\": \"BONUS_XP\", \"xp_added\": 100, \"season_id\": 2}','2025-12-15 15:44:46'),(61,10,'ROULETTE_COIN',1,2,'LEVEL_REWARD','AUTO_GRANT','{\"level\": 3, \"source\": \"SEASON_PASS_AUTO_CLAIM\", \"trigger\": \"BONUS_XP\", \"xp_added\": 100, \"season_id\": 2}','2025-12-15 15:44:46'),(62,50,'DICE_TOKEN',1,1,'LEVEL_REWARD','AUTO_GRANT','{\"amount\": 1, \"reward_type\": \"TICKET_DICE\", \"toast_message\": \"주사위 티켓 지급\"}','2025-12-15 15:45:30'),(63,50,'DICE_TOKEN',-1,0,'DICE_PLAY','XMAS Dice - WIN','{\"result\": \"WIN\"}','2025-12-15 15:45:38'),(64,50,'ROULETTE_COIN',1,1,'LEVEL_REWARD','AUTO_GRANT','{\"level\": 1, \"source\": \"SEASON_PASS_AUTO_CLAIM\", \"trigger\": \"BONUS_XP\", \"xp_added\": 20, \"season_id\": 2}','2025-12-15 15:45:38'),(65,50,'ROULETTE_COIN',-1,0,'ROULETTE_PLAY','다음기회에','{\"segment_id\": 47}','2025-12-15 15:46:01'),(66,58,'ROULETTE_COIN',1,1,'LEVEL_REWARD','AUTO_GRANT','{\"level\": 1, \"source\": \"SEASON_PASS_AUTO_CLAIM\", \"trigger\": \"BONUS_XP\", \"xp_added\": 100, \"season_id\": 2}','2025-12-15 15:47:50'),(67,58,'DICE_TOKEN',1,1,'LEVEL_REWARD','AUTO_GRANT','{\"level\": 2, \"source\": \"SEASON_PASS_AUTO_CLAIM\", \"trigger\": \"BONUS_XP\", \"xp_added\": 100, \"season_id\": 2}','2025-12-15 15:47:50'),(68,58,'ROULETTE_COIN',1,2,'LEVEL_REWARD','AUTO_GRANT','{\"level\": 3, \"source\": \"SEASON_PASS_AUTO_CLAIM\", \"trigger\": \"BONUS_XP\", \"xp_added\": 100, \"season_id\": 2}','2025-12-15 15:47:50'),(69,58,'ROULETTE_COIN',-1,1,'ROULETTE_PLAY','복권티켓1장','{\"segment_id\": 50}','2025-12-15 15:56:12'),(70,58,'LOTTERY_TICKET',1,1,'roulette_spin','AUTO_GRANT','{\"reason\": \"roulette_spin\", \"game_xp\": 5, \"segment_id\": 50}','2025-12-15 15:56:12'),(71,58,'ROULETTE_COIN',-1,0,'ROULETTE_PLAY','다음기회에','{\"segment_id\": 47}','2025-12-15 15:56:20'),(72,58,'DICE_TOKEN',-1,0,'DICE_PLAY','XMAS Dice - LOSE','{\"result\": \"LOSE\"}','2025-12-15 15:56:27'),(73,14,'DICE_TOKEN',1,1,'LEVEL_REWARD','AUTO_GRANT','{\"amount\": 1, \"reward_type\": \"TICKET_DICE\", \"toast_message\": \"주사위 티켓 지급\"}','2025-12-15 16:03:59'),(74,44,'DICE_TOKEN',1,2,'LEVEL_REWARD','AUTO_GRANT','{\"amount\": 1, \"reward_type\": \"TICKET_DICE\", \"toast_message\": \"주사위 티켓 지급\"}','2025-12-15 16:33:18'),(75,44,'DICE_TOKEN',-1,1,'DICE_PLAY','XMAS Dice - WIN','{\"result\": \"WIN\"}','2025-12-15 16:33:40'),(76,44,'DICE_TOKEN',-1,0,'DICE_PLAY','XMAS Dice - WIN','{\"result\": \"WIN\"}','2025-12-15 16:33:44'),(77,44,'ROULETTE_COIN',1,2,'LEVEL_REWARD','AUTO_GRANT','{\"level\": 3, \"source\": \"SEASON_PASS_AUTO_CLAIM\", \"trigger\": \"BONUS_XP\", \"xp_added\": 20, \"season_id\": 2}','2025-12-15 16:33:44'),(78,44,'ROULETTE_COIN',-1,1,'ROULETTE_PLAY','다음기회에','{\"segment_id\": 47}','2025-12-15 16:34:01'),(79,29,'ROULETTE_COIN',1,1,'LEVEL_REWARD','AUTO_GRANT','{\"level\": 1, \"source\": \"SEASON_PASS_AUTO_CLAIM\", \"trigger\": \"BONUS_XP\", \"xp_added\": 40, \"season_id\": 2}','2025-12-16 01:36:41'),(80,29,'DICE_TOKEN',1,1,'LEVEL_REWARD','AUTO_GRANT','{\"level\": 2, \"source\": \"SEASON_PASS_AUTO_CLAIM\", \"feature\": \"EXTERNAL_RANKING_TOP10\", \"trigger\": \"STAMP\", \"xp_added\": 20, \"season_id\": 2, \"stamp_count\": 1}','2025-12-16 01:36:41'),(81,48,'ROULETTE_COIN',1,1,'LEVEL_REWARD','AUTO_GRANT','{\"level\": 1, \"source\": \"SEASON_PASS_AUTO_CLAIM\", \"trigger\": \"BONUS_XP\", \"xp_added\": 40, \"season_id\": 2}','2025-12-16 01:37:44'),(82,22,'ROULETTE_COIN',1,1,'LEVEL_REWARD','AUTO_GRANT','{\"level\": 1, \"source\": \"SEASON_PASS_AUTO_CLAIM\", \"trigger\": \"BONUS_XP\", \"xp_added\": 40, \"season_id\": 2}','2025-12-16 01:37:45'),(83,48,'DICE_TOKEN',1,1,'LEVEL_REWARD','AUTO_GRANT','{\"level\": 2, \"source\": \"SEASON_PASS_AUTO_CLAIM\", \"feature\": \"EXTERNAL_RANKING_TOP10\", \"trigger\": \"STAMP\", \"xp_added\": 20, \"season_id\": 2, \"stamp_count\": 1}','2025-12-16 01:37:45'),(84,22,'DICE_TOKEN',1,1,'LEVEL_REWARD','AUTO_GRANT','{\"level\": 2, \"source\": \"SEASON_PASS_AUTO_CLAIM\", \"feature\": \"EXTERNAL_RANKING_TOP10\", \"trigger\": \"STAMP\", \"xp_added\": 20, \"season_id\": 2, \"stamp_count\": 1}','2025-12-16 01:37:45'),(86,64,'ROULETTE_COIN',1,1,'LEVEL_REWARD','AUTO_GRANT','{\"level\": 1, \"source\": \"SEASON_PASS_AUTO_CLAIM\", \"trigger\": \"BONUS_XP\", \"xp_added\": 20, \"season_id\": 2}','2025-12-16 02:17:30'),(87,63,'ROULETTE_COIN',1,1,'LEVEL_REWARD','AUTO_GRANT','{\"level\": 1, \"source\": \"SEASON_PASS_AUTO_CLAIM\", \"trigger\": \"BONUS_XP\", \"xp_added\": 40, \"season_id\": 2}','2025-12-16 02:17:52'),(88,63,'DICE_TOKEN',1,1,'LEVEL_REWARD','AUTO_GRANT','{\"level\": 2, \"source\": \"SEASON_PASS_AUTO_CLAIM\", \"feature\": \"EXTERNAL_RANKING_TOP10\", \"trigger\": \"STAMP\", \"xp_added\": 20, \"season_id\": 2, \"stamp_count\": 1}','2025-12-16 02:17:52'),(89,29,'ROULETTE_COIN',1,2,'LEVEL_REWARD','AUTO_GRANT','{\"level\": 3, \"source\": \"SEASON_PASS_AUTO_CLAIM\", \"trigger\": \"BONUS_XP\", \"xp_added\": 40, \"season_id\": 2}','2025-12-16 02:18:38'),(90,11,'ROULETTE_COIN',1,1,'LEVEL_REWARD','AUTO_GRANT','{\"level\": 1, \"source\": \"SEASON_PASS_AUTO_CLAIM\", \"trigger\": \"BONUS_XP\", \"xp_added\": 40, \"season_id\": 2}','2025-12-16 02:21:48'),(91,11,'DICE_TOKEN',1,1,'LEVEL_REWARD','AUTO_GRANT','{\"level\": 2, \"source\": \"SEASON_PASS_AUTO_CLAIM\", \"feature\": \"EXTERNAL_RANKING_TOP10\", \"trigger\": \"STAMP\", \"xp_added\": 20, \"season_id\": 2, \"stamp_count\": 1}','2025-12-16 02:21:48'),(92,9,'ROULETTE_COIN',1,10,'LEVEL_REWARD','AUTO_GRANT','{\"level\": 3, \"source\": \"SEASON_PASS_AUTO_CLAIM\", \"trigger\": \"BONUS_XP\", \"xp_added\": 60, \"season_id\": 2}','2025-12-16 02:22:12'),(93,11,'ROULETTE_COIN',1,2,'LEVEL_REWARD','AUTO_GRANT','{\"level\": 3, \"source\": \"SEASON_PASS_AUTO_CLAIM\", \"trigger\": \"BONUS_XP\", \"xp_added\": 40, \"season_id\": 2}','2025-12-16 02:22:19'),(94,58,'LOTTERY_TICKET',-1,0,'LOTTERY_PLAY','CC코인1개','{\"prize_id\": 101}','2025-12-16 02:23:41'),(95,10,'ROULETTE_COIN',-1,1,'ROULETTE_PLAY','다음기회에','{\"segment_id\": 47}','2025-12-16 02:28:05'),(96,10,'ROULETTE_COIN',-1,0,'ROULETTE_PLAY','다음기회에','{\"segment_id\": 47}','2025-12-16 02:28:10'),(97,10,'DICE_TOKEN',-1,0,'DICE_PLAY','XMAS Dice - LOSE','{\"result\": \"LOSE\"}','2025-12-16 02:28:17'),(98,10,'DICE_TOKEN',1,1,'LEVEL_REWARD','AUTO_GRANT','{\"amount\": 1, \"reward_type\": \"TICKET_DICE\", \"toast_message\": \"주사위 티켓 지급\"}','2025-12-16 02:28:48'),(100,22,'ROULETTE_COIN',-1,0,'ROULETTE_PLAY','CC코인1개','{\"segment_id\": 51}','2025-12-16 02:52:38'),(101,22,'DICE_TOKEN',-1,0,'DICE_PLAY','XMAS Dice - WIN','{\"result\": \"WIN\"}','2025-12-16 02:52:52'),(106,11,'DICE_TOKEN',-1,0,'DICE_PLAY','XMAS Dice - LOSE','{\"result\": \"LOSE\"}','2025-12-16 02:54:19'),(107,11,'ROULETTE_COIN',-1,1,'ROULETTE_PLAY','다음기회에','{\"segment_id\": 47}','2025-12-16 02:54:23'),(108,11,'ROULETTE_COIN',-1,0,'ROULETTE_PLAY','CC코인1개','{\"segment_id\": 51}','2025-12-16 02:54:28'),(109,11,'DICE_TOKEN',1,1,'LEVEL_REWARD','AUTO_GRANT','{\"amount\": 1, \"reward_type\": \"TICKET_DICE\", \"toast_message\": \"주사위 티켓 지급\"}','2025-12-16 02:55:10'),(110,11,'DICE_TOKEN',-1,0,'DICE_PLAY','XMAS Dice - WIN','{\"result\": \"WIN\"}','2025-12-16 02:57:54'),(111,48,'ROULETTE_COIN',1,2,'LEVEL_REWARD','AUTO_GRANT','{\"level\": 3, \"source\": \"SEASON_PASS_AUTO_CLAIM\", \"trigger\": \"BONUS_XP\", \"xp_added\": 80, \"season_id\": 2}','2025-12-16 02:59:33'),(112,33,'DICE_TOKEN',1,1,'GRANT',NULL,'{}','2025-12-16 03:02:15'),(113,33,'DICE_TOKEN',-1,0,'DICE_PLAY','XMAS Dice - WIN','{\"result\": \"WIN\"}','2025-12-16 03:02:44'),(114,33,'ROULETTE_COIN',1,1,'LEVEL_REWARD','AUTO_GRANT','{\"level\": 1, \"source\": \"SEASON_PASS_AUTO_CLAIM\", \"trigger\": \"BONUS_XP\", \"xp_added\": 20, \"season_id\": 2}','2025-12-16 03:02:44'),(115,64,'DICE_TOKEN',1,1,'LEVEL_REWARD','AUTO_GRANT','{\"level\": 2, \"source\": \"SEASON_PASS_AUTO_CLAIM\", \"trigger\": \"BONUS_XP\", \"xp_added\": 40, \"season_id\": 2}','2025-12-16 03:05:49'),(116,63,'ROULETTE_COIN',1,2,'LEVEL_REWARD','AUTO_GRANT','{\"level\": 3, \"source\": \"SEASON_PASS_AUTO_CLAIM\", \"trigger\": \"BONUS_XP\", \"xp_added\": 60, \"season_id\": 2}','2025-12-16 03:05:59'),(117,10,'LOTTERY_TICKET',1,1,'LEVEL_REWARD','AUTO_GRANT','{\"level\": 4, \"source\": \"SEASON_PASS_AUTO_CLAIM\", \"trigger\": \"BONUS_XP\", \"xp_added\": 40, \"season_id\": 2}','2025-12-16 03:06:17'),(118,48,'ROULETTE_COIN',-1,1,'ROULETTE_PLAY','다음기회에','{\"segment_id\": 47}','2025-12-16 03:34:44'),(119,48,'ROULETTE_COIN',-1,0,'ROULETTE_PLAY','다음기회에','{\"segment_id\": 47}','2025-12-16 03:34:52'),(120,48,'DICE_TOKEN',-1,0,'DICE_PLAY','XMAS Dice - WIN','{\"result\": \"WIN\"}','2025-12-16 03:36:57'),(121,29,'DICE_TOKEN',-1,0,'DICE_PLAY','XMAS Dice - DRAW','{\"result\": \"DRAW\"}','2025-12-16 03:40:04'),(122,29,'ROULETTE_COIN',-1,1,'ROULETTE_PLAY','다음기회에','{\"segment_id\": 47}','2025-12-16 03:40:27'),(123,29,'ROULETTE_COIN',-1,0,'ROULETTE_PLAY','CC코인1개','{\"segment_id\": 51}','2025-12-16 03:40:36'),(124,65,'ROULETTE_COIN',1,1,'GRANT',NULL,'{}','2025-12-16 04:31:17'),(125,65,'DICE_TOKEN',2,2,'GRANT',NULL,'{}','2025-12-16 04:31:20'),(126,30,'ROULETTE_COIN',10,10,'GRANT',NULL,'{}','2025-12-16 04:35:53'),(127,30,'ROULETTE_COIN',-9,1,'REVOKE',NULL,'{}','2025-12-16 04:36:03'),(128,30,'DICE_TOKEN',2,2,'GRANT',NULL,'{}','2025-12-16 04:36:39'),(129,26,'DICE_TOKEN',2,2,'GRANT',NULL,'{}','2025-12-16 04:38:08'),(130,26,'ROULETTE_COIN',2,2,'GRANT',NULL,'{}','2025-12-16 04:38:10'),(131,26,'ROULETTE_COIN',-1,1,'REVOKE',NULL,'{}','2025-12-16 04:38:18'),(132,26,'ROULETTE_COIN',-1,0,'ROULETTE_PLAY','주사위티켓2장','{\"segment_id\": 49}','2025-12-16 04:39:03'),(133,26,'DICE_TOKEN',2,4,'roulette_spin','AUTO_GRANT','{\"reason\": \"roulette_spin\", \"game_xp\": 5, \"segment_id\": 49}','2025-12-16 04:39:03'),(134,26,'DICE_TOKEN',-1,3,'DICE_PLAY','XMAS Dice - DRAW','{\"result\": \"DRAW\"}','2025-12-16 04:39:56'),(135,26,'DICE_TOKEN',-1,2,'DICE_PLAY','XMAS Dice - DRAW','{\"result\": \"DRAW\"}','2025-12-16 04:40:05'),(136,26,'DICE_TOKEN',-1,1,'DICE_PLAY','XMAS Dice - DRAW','{\"result\": \"DRAW\"}','2025-12-16 04:40:12'),(137,26,'DICE_TOKEN',-1,0,'DICE_PLAY','XMAS Dice - LOSE','{\"result\": \"LOSE\"}','2025-12-16 04:40:17'),(138,26,'ROULETTE_COIN',1,1,'LEVEL_REWARD','AUTO_GRANT','{\"level\": 1, \"source\": \"SEASON_PASS_AUTO_CLAIM\", \"trigger\": \"BONUS_XP\", \"xp_added\": 5, \"season_id\": 2}','2025-12-16 04:40:17'),(139,25,'ROULETTE_COIN',1,1,'GRANT',NULL,'{}','2025-12-16 04:40:29'),(140,25,'DICE_TOKEN',2,2,'GRANT',NULL,'{}','2025-12-16 04:40:31'),(141,25,'ROULETTE_COIN',-1,0,'ROULETTE_PLAY','다음기회에','{\"segment_id\": 47}','2025-12-16 04:40:52'),(142,26,'ROULETTE_COIN',-1,0,'ROULETTE_PLAY','다음기회에','{\"segment_id\": 47}','2025-12-16 04:41:01'),(143,25,'DICE_TOKEN',-1,1,'DICE_PLAY','XMAS Dice - LOSE','{\"result\": \"LOSE\"}','2025-12-16 04:41:11'),(144,25,'DICE_TOKEN',-1,0,'DICE_PLAY','XMAS Dice - WIN','{\"result\": \"WIN\"}','2025-12-16 04:41:14'),(145,25,'ROULETTE_COIN',1,1,'LEVEL_REWARD','AUTO_GRANT','{\"level\": 1, \"source\": \"SEASON_PASS_AUTO_CLAIM\", \"trigger\": \"BONUS_XP\", \"xp_added\": 20, \"season_id\": 2}','2025-12-16 04:41:14'),(146,25,'ROULETTE_COIN',-1,0,'ROULETTE_PLAY','복권티켓1장','{\"segment_id\": 50}','2025-12-16 04:41:45'),(147,25,'LOTTERY_TICKET',1,1,'roulette_spin','AUTO_GRANT','{\"reason\": \"roulette_spin\", \"game_xp\": 5, \"segment_id\": 50}','2025-12-16 04:41:45'),(148,25,'LOTTERY_TICKET',-1,0,'LOTTERY_PLAY','다음기회에','{\"prize_id\": 106}','2025-12-16 04:42:34'),(149,25,'DICE_TOKEN',1,1,'LEVEL_REWARD','AUTO_GRANT','{\"amount\": 1, \"reward_type\": \"TICKET_DICE\", \"toast_message\": \"주사위 티켓 지급\"}','2025-12-16 04:45:40'),(150,25,'DICE_TOKEN',-1,0,'DICE_PLAY','XMAS Dice - WIN','{\"result\": \"WIN\"}','2025-12-16 04:45:58'),(151,25,'DICE_TOKEN',1,1,'LEVEL_REWARD','AUTO_GRANT','{\"level\": 2, \"source\": \"SEASON_PASS_AUTO_CLAIM\", \"trigger\": \"BONUS_XP\", \"xp_added\": 20, \"season_id\": 2}','2025-12-16 04:45:58'),(152,25,'DICE_TOKEN',-1,0,'DICE_PLAY','XMAS Dice - WIN','{\"result\": \"WIN\"}','2025-12-16 04:46:15'),(153,41,'ROULETTE_COIN',1,1,'GRANT',NULL,'{}','2025-12-16 04:46:28'),(154,41,'DICE_TOKEN',2,2,'GRANT',NULL,'{}','2025-12-16 04:46:30'),(155,67,'ROULETTE_COIN',1,1,'GRANT',NULL,'{}','2025-12-16 04:49:38'),(156,67,'DICE_TOKEN',2,2,'GRANT',NULL,'{}','2025-12-16 04:49:40'),(157,67,'ROULETTE_COIN',-1,0,'ROULETTE_PLAY','복권티켓1장','{\"segment_id\": 50}','2025-12-16 04:50:15'),(158,67,'LOTTERY_TICKET',1,1,'roulette_spin','AUTO_GRANT','{\"reason\": \"roulette_spin\", \"game_xp\": 5, \"segment_id\": 50}','2025-12-16 04:50:15'),(159,67,'DICE_TOKEN',-1,1,'DICE_PLAY','XMAS Dice - WIN','{\"result\": \"WIN\"}','2025-12-16 04:50:30'),(160,67,'ROULETTE_COIN',1,1,'LEVEL_REWARD','AUTO_GRANT','{\"level\": 1, \"source\": \"SEASON_PASS_AUTO_CLAIM\", \"trigger\": \"BONUS_XP\", \"xp_added\": 20, \"season_id\": 2}','2025-12-16 04:50:30'),(161,67,'DICE_TOKEN',-1,0,'DICE_PLAY','XMAS Dice - DRAW','{\"result\": \"DRAW\"}','2025-12-16 04:50:35'),(162,67,'ROULETTE_COIN',-1,0,'ROULETTE_PLAY','룰렛티켓1장','{\"segment_id\": 48}','2025-12-16 04:50:47'),(163,67,'ROULETTE_COIN',1,1,'roulette_spin','AUTO_GRANT','{\"reason\": \"roulette_spin\", \"game_xp\": 5, \"segment_id\": 48}','2025-12-16 04:50:47'),(164,67,'ROULETTE_COIN',-1,0,'ROULETTE_PLAY','다음기회에','{\"segment_id\": 47}','2025-12-16 04:50:52'),(165,67,'LOTTERY_TICKET',-1,0,'LOTTERY_PLAY','주사위티켓2장','{\"prize_id\": 105}','2025-12-16 04:51:19'),(166,67,'DICE_TOKEN',2,2,'lottery_play','AUTO_GRANT','{\"reason\": \"lottery_play\", \"game_xp\": 5, \"prize_id\": 105}','2025-12-16 04:51:19'),(167,68,'ROULETTE_COIN',1,1,'GRANT',NULL,'{}','2025-12-16 04:54:25'),(168,68,'DICE_TOKEN',2,2,'GRANT',NULL,'{}','2025-12-16 04:54:27'),(169,67,'DICE_TOKEN',-1,1,'DICE_PLAY','XMAS Dice - WIN','{\"result\": \"WIN\"}','2025-12-16 04:55:49'),(170,67,'DICE_TOKEN',1,2,'LEVEL_REWARD','AUTO_GRANT','{\"level\": 2, \"source\": \"SEASON_PASS_AUTO_CLAIM\", \"trigger\": \"BONUS_XP\", \"xp_added\": 20, \"season_id\": 2}','2025-12-16 04:55:49'),(171,67,'DICE_TOKEN',-1,1,'DICE_PLAY','XMAS Dice - LOSE','{\"result\": \"LOSE\"}','2025-12-16 04:55:55'),(172,67,'DICE_TOKEN',-1,0,'DICE_PLAY','XMAS Dice - DRAW','{\"result\": \"DRAW\"}','2025-12-16 04:55:58'),(173,69,'ROULETTE_COIN',1,1,'LEVEL_REWARD','AUTO_GRANT','{\"level\": 1, \"source\": \"SEASON_PASS_AUTO_CLAIM\", \"trigger\": \"BONUS_XP\", \"xp_added\": 40, \"season_id\": 2}','2025-12-16 04:58:39'),(174,69,'ROULETTE_COIN',1,2,'GRANT',NULL,'{}','2025-12-16 05:00:26'),(175,69,'DICE_TOKEN',2,2,'GRANT',NULL,'{}','2025-12-16 05:00:29'),(176,69,'ROULETTE_COIN',-1,1,'ROULETTE_PLAY','복권티켓1장','{\"segment_id\": 50}','2025-12-16 05:01:26'),(177,69,'LOTTERY_TICKET',1,1,'roulette_spin','AUTO_GRANT','{\"reason\": \"roulette_spin\", \"game_xp\": 5, \"segment_id\": 50}','2025-12-16 05:01:26'),(178,69,'ROULETTE_COIN',-1,0,'ROULETTE_PLAY','다음기회에','{\"segment_id\": 47}','2025-12-16 05:01:32'),(179,69,'DICE_TOKEN',-1,1,'DICE_PLAY','XMAS Dice - WIN','{\"result\": \"WIN\"}','2025-12-16 05:02:23'),(180,69,'DICE_TOKEN',1,2,'LEVEL_REWARD','AUTO_GRANT','{\"level\": 2, \"source\": \"SEASON_PASS_AUTO_CLAIM\", \"trigger\": \"BONUS_XP\", \"xp_added\": 20, \"season_id\": 2}','2025-12-16 05:02:23'),(181,69,'DICE_TOKEN',-1,1,'DICE_PLAY','XMAS Dice - LOSE','{\"result\": \"LOSE\"}','2025-12-16 05:02:27'),(182,69,'DICE_TOKEN',-1,0,'DICE_PLAY','XMAS Dice - LOSE','{\"result\": \"LOSE\"}','2025-12-16 05:02:31'),(183,69,'LOTTERY_TICKET',-1,0,'LOTTERY_PLAY','주사위티켓2장','{\"prize_id\": 105}','2025-12-16 05:02:40'),(184,69,'DICE_TOKEN',2,2,'lottery_play','AUTO_GRANT','{\"reason\": \"lottery_play\", \"game_xp\": 5, \"prize_id\": 105}','2025-12-16 05:02:40'),(185,14,'DICE_TOKEN',-1,0,'DICE_PLAY','XMAS Dice - WIN','{\"result\": \"WIN\"}','2025-12-16 05:03:56'),(186,14,'ROULETTE_COIN',1,1,'LEVEL_REWARD','AUTO_GRANT','{\"level\": 1, \"source\": \"SEASON_PASS_AUTO_CLAIM\", \"trigger\": \"BONUS_XP\", \"xp_added\": 20, \"season_id\": 2}','2025-12-16 05:03:56'),(187,14,'ROULETTE_COIN',-1,0,'ROULETTE_PLAY','주사위티켓2장','{\"segment_id\": 49}','2025-12-16 05:05:22'),(188,14,'DICE_TOKEN',2,2,'roulette_spin','AUTO_GRANT','{\"reason\": \"roulette_spin\", \"game_xp\": 5, \"segment_id\": 49}','2025-12-16 05:05:22'),(189,11,'LOTTERY_TICKET',1,1,'LEVEL_REWARD','AUTO_GRANT','{\"level\": 4, \"source\": \"SEASON_PASS_AUTO_CLAIM\", \"trigger\": \"BONUS_XP\", \"xp_added\": 40, \"season_id\": 2}','2025-12-16 05:05:28'),(190,14,'DICE_TOKEN',-1,1,'DICE_PLAY','XMAS Dice - WIN','{\"result\": \"WIN\"}','2025-12-16 05:05:34'),(191,14,'DICE_TOKEN',-1,0,'DICE_PLAY','XMAS Dice - LOSE','{\"result\": \"LOSE\"}','2025-12-16 05:05:37'),(192,9,'LOTTERY_TICKET',1,8,'LEVEL_REWARD','AUTO_GRANT','{\"level\": 4, \"source\": \"SEASON_PASS_AUTO_CLAIM\", \"trigger\": \"BONUS_XP\", \"xp_added\": 20, \"season_id\": 2}','2025-12-16 05:05:40'),(193,15,'DICE_TOKEN',1,1,'LEVEL_REWARD','AUTO_GRANT','{\"amount\": 1, \"reward_type\": \"TICKET_DICE\", \"toast_message\": \"주사위 티켓 지급\"}','2025-12-16 05:06:04'),(194,12,'ROULETTE_COIN',1,1,'LEVEL_REWARD','AUTO_GRANT','{\"level\": 1, \"source\": \"SEASON_PASS_AUTO_CLAIM\", \"trigger\": \"BONUS_XP\", \"xp_added\": 100, \"season_id\": 2}','2025-12-16 05:06:10'),(195,12,'DICE_TOKEN',1,1,'LEVEL_REWARD','AUTO_GRANT','{\"level\": 2, \"source\": \"SEASON_PASS_AUTO_CLAIM\", \"trigger\": \"BONUS_XP\", \"xp_added\": 100, \"season_id\": 2}','2025-12-16 05:06:10'),(196,12,'ROULETTE_COIN',1,2,'LEVEL_REWARD','AUTO_GRANT','{\"level\": 3, \"source\": \"SEASON_PASS_AUTO_CLAIM\", \"trigger\": \"BONUS_XP\", \"xp_added\": 100, \"season_id\": 2}','2025-12-16 05:06:10'),(197,15,'DICE_TOKEN',-1,0,'DICE_PLAY','XMAS Dice - LOSE','{\"result\": \"LOSE\"}','2025-12-16 05:07:00'),(198,70,'DICE_TOKEN',2,2,'GRANT',NULL,'{}','2025-12-16 05:11:27'),(199,58,'LOTTERY_TICKET',1,1,'LEVEL_REWARD','AUTO_GRANT','{\"level\": 4, \"source\": \"SEASON_PASS_AUTO_CLAIM\", \"trigger\": \"BONUS_XP\", \"xp_added\": 60, \"season_id\": 2}','2025-12-16 05:11:36'),(200,52,'ROULETTE_COIN',1,1,'LEVEL_REWARD','AUTO_GRANT','{\"level\": 1, \"source\": \"SEASON_PASS_AUTO_CLAIM\", \"trigger\": \"BONUS_XP\", \"xp_added\": 60, \"season_id\": 2}','2025-12-16 05:12:21'),(201,52,'DICE_TOKEN',1,1,'LEVEL_REWARD','AUTO_GRANT','{\"level\": 2, \"source\": \"SEASON_PASS_AUTO_CLAIM\", \"trigger\": \"BONUS_XP\", \"xp_added\": 60, \"season_id\": 2}','2025-12-16 05:12:21'),(202,71,'DICE_TOKEN',2,2,'GRANT',NULL,'{}','2025-12-16 05:14:32'),(203,70,'DICE_TOKEN',-1,1,'DICE_PLAY','XMAS Dice - LOSE','{\"result\": \"LOSE\"}','2025-12-16 05:17:28'),(204,70,'DICE_TOKEN',-1,0,'DICE_PLAY','XMAS Dice - DRAW','{\"result\": \"DRAW\"}','2025-12-16 05:17:33'),(205,19,'ROULETTE_COIN',1,1,'GRANT',NULL,'{}','2025-12-16 05:22:03'),(206,19,'DICE_TOKEN',2,2,'GRANT',NULL,'{}','2025-12-16 05:22:06'),(207,72,'ROULETTE_COIN',1,1,'GRANT',NULL,'{}','2025-12-16 05:26:57'),(208,72,'DICE_TOKEN',2,2,'GRANT',NULL,'{}','2025-12-16 05:26:59'),(209,36,'DICE_TOKEN',2,2,'GRANT',NULL,'{}','2025-12-16 05:27:45'),(210,16,'DICE_TOKEN',1,1,'LEVEL_REWARD','AUTO_GRANT','{\"amount\": 1, \"reward_type\": \"TICKET_DICE\", \"toast_message\": \"주사위 티켓 지급\"}','2025-12-16 05:28:59'),(211,73,'DICE_TOKEN',2,2,'GRANT',NULL,'{}','2025-12-16 05:30:00'),(212,12,'LOTTERY_TICKET',1,1,'LEVEL_REWARD','AUTO_GRANT','{\"level\": 4, \"source\": \"SEASON_PASS_AUTO_CLAIM\", \"trigger\": \"BONUS_XP\", \"xp_added\": 100, \"season_id\": 2}','2025-12-16 05:30:24'),(213,11,'LOTTERY_TICKET',-1,0,'LOTTERY_PLAY','주사위티켓2장','{\"prize_id\": 105}','2025-12-16 05:31:52'),(214,11,'DICE_TOKEN',2,2,'lottery_play','AUTO_GRANT','{\"reason\": \"lottery_play\", \"game_xp\": 5, \"prize_id\": 105}','2025-12-16 05:31:52'),(215,11,'DICE_TOKEN',-1,1,'DICE_PLAY','XMAS Dice - LOSE','{\"result\": \"LOSE\"}','2025-12-16 05:32:13'),(216,11,'DICE_TOKEN',-1,0,'DICE_PLAY','XMAS Dice - DRAW','{\"result\": \"DRAW\"}','2025-12-16 05:32:15'),(217,68,'ROULETTE_COIN',-1,0,'ROULETTE_PLAY','다음기회에','{\"segment_id\": 47}','2025-12-16 05:34:17'),(218,68,'DICE_TOKEN',-1,1,'DICE_PLAY','XMAS Dice - LOSE','{\"result\": \"LOSE\"}','2025-12-16 05:34:27'),(219,68,'DICE_TOKEN',-1,0,'DICE_PLAY','XMAS Dice - WIN','{\"result\": \"WIN\"}','2025-12-16 05:34:31'),(220,68,'ROULETTE_COIN',1,1,'LEVEL_REWARD','AUTO_GRANT','{\"level\": 1, \"source\": \"SEASON_PASS_AUTO_CLAIM\", \"trigger\": \"BONUS_XP\", \"xp_added\": 20, \"season_id\": 2}','2025-12-16 05:34:31'),(221,74,'ROULETTE_COIN',1,1,'GRANT',NULL,'{}','2025-12-16 05:34:57'),(222,74,'DICE_TOKEN',2,2,'GRANT',NULL,'{}','2025-12-16 05:35:00'),(223,74,'LOTTERY_TICKET',1,1,'GRANT',NULL,'{}','2025-12-16 05:35:03'),(224,75,'DICE_TOKEN',2,2,'GRANT',NULL,'{}','2025-12-16 05:36:59'),(225,77,'ROULETTE_COIN',1,1,'GRANT',NULL,'{}','2025-12-16 05:47:19'),(226,77,'DICE_TOKEN',2,2,'GRANT',NULL,'{}','2025-12-16 05:47:22'),(227,15,'ROULETTE_COIN',1,1,'LEVEL_REWARD','AUTO_GRANT','{\"level\": 1, \"source\": \"SEASON_PASS_AUTO_CLAIM\", \"trigger\": \"BONUS_XP\", \"xp_added\": 40, \"season_id\": 2}','2025-12-16 06:09:44'),(228,15,'ROULETTE_COIN',-1,0,'ROULETTE_PLAY','다음기회에','{\"segment_id\": 47}','2025-12-16 06:10:38'),(229,15,'DICE_TOKEN',1,1,'LEVEL_REWARD','AUTO_GRANT','{\"level\": 2, \"source\": \"SEASON_PASS_AUTO_CLAIM\", \"trigger\": \"BONUS_XP\", \"xp_added\": 5, \"season_id\": 2}','2025-12-16 06:10:38'),(230,15,'DICE_TOKEN',-1,0,'DICE_PLAY','XMAS Dice - WIN','{\"result\": \"WIN\"}','2025-12-16 06:10:53'),(231,18,'ROULETTE_COIN',-1,0,'ROULETTE_PLAY','주사위티켓2장','{\"segment_id\": 49}','2025-12-16 06:21:28'),(232,18,'DICE_TOKEN',2,2,'roulette_spin','AUTO_GRANT','{\"reason\": \"roulette_spin\", \"game_xp\": 5, \"segment_id\": 49}','2025-12-16 06:21:28'),(233,18,'DICE_TOKEN',-1,1,'DICE_PLAY','XMAS Dice - LOSE','{\"result\": \"LOSE\"}','2025-12-16 06:21:44'),(234,18,'DICE_TOKEN',-1,0,'DICE_PLAY','XMAS Dice - LOSE','{\"result\": \"LOSE\"}','2025-12-16 06:21:47'),(235,18,'DICE_TOKEN',1,1,'LEVEL_REWARD','AUTO_GRANT','{\"level\": 2, \"source\": \"SEASON_PASS_AUTO_CLAIM\", \"trigger\": \"BONUS_XP\", \"xp_added\": 5, \"season_id\": 2}','2025-12-16 06:21:47'),(236,18,'DICE_TOKEN',-1,0,'DICE_PLAY','XMAS Dice - WIN','{\"result\": \"WIN\"}','2025-12-16 06:21:53'),(237,70,'DICE_TOKEN',1,1,'LEVEL_REWARD','AUTO_GRANT','{\"amount\": 1, \"reward_type\": \"TICKET_DICE\", \"toast_message\": \"주사위 티켓 지급\"}','2025-12-16 06:27:15'),(238,80,'DICE_TOKEN',2,2,'GRANT',NULL,'{}','2025-12-16 06:27:19'),(239,70,'DICE_TOKEN',-1,0,'DICE_PLAY','XMAS Dice - WIN','{\"result\": \"WIN\"}','2025-12-16 06:27:40'),(240,70,'ROULETTE_COIN',1,1,'LEVEL_REWARD','AUTO_GRANT','{\"level\": 1, \"source\": \"SEASON_PASS_AUTO_CLAIM\", \"trigger\": \"BONUS_XP\", \"xp_added\": 20, \"season_id\": 2}','2025-12-16 06:27:40'),(241,70,'ROULETTE_COIN',-1,0,'ROULETTE_PLAY','주사위티켓2장','{\"segment_id\": 49}','2025-12-16 06:28:56'),(242,70,'DICE_TOKEN',2,2,'roulette_spin','AUTO_GRANT','{\"reason\": \"roulette_spin\", \"game_xp\": 5, \"segment_id\": 49}','2025-12-16 06:28:56'),(243,70,'DICE_TOKEN',-1,1,'DICE_PLAY','XMAS Dice - WIN','{\"result\": \"WIN\"}','2025-12-16 06:29:38'),(244,70,'DICE_TOKEN',1,2,'LEVEL_REWARD','AUTO_GRANT','{\"level\": 2, \"source\": \"SEASON_PASS_AUTO_CLAIM\", \"trigger\": \"BONUS_XP\", \"xp_added\": 20, \"season_id\": 2}','2025-12-16 06:29:38'),(245,70,'DICE_TOKEN',-1,1,'DICE_PLAY','XMAS Dice - WIN','{\"result\": \"WIN\"}','2025-12-16 06:29:43'),(246,70,'DICE_TOKEN',-1,0,'DICE_PLAY','XMAS Dice - DRAW','{\"result\": \"DRAW\"}','2025-12-16 06:30:22'),(247,23,'DICE_TOKEN',1,1,'LEVEL_REWARD','AUTO_GRANT','{\"level\": 2, \"source\": \"SEASON_PASS_AUTO_CLAIM\", \"trigger\": \"BONUS_XP\", \"xp_added\": 60, \"season_id\": 2}','2025-12-16 06:48:45'),(248,23,'ROULETTE_COIN',1,2,'LEVEL_REWARD','AUTO_GRANT','{\"level\": 3, \"source\": \"SEASON_PASS_AUTO_CLAIM\", \"trigger\": \"BONUS_XP\", \"xp_added\": 60, \"season_id\": 2}','2025-12-16 06:48:45'),(249,75,'ROULETTE_COIN',1,1,'GRANT',NULL,'{}','2025-12-16 06:56:58'),(250,75,'DICE_TOKEN',2,4,'GRANT',NULL,'{}','2025-12-16 06:57:01'),(251,82,'DICE_TOKEN',2,2,'GRANT',NULL,'{}','2025-12-16 07:01:09'),(252,82,'DICE_TOKEN',-1,1,'DICE_PLAY','XMAS Dice - WIN','{\"result\": \"WIN\"}','2025-12-16 07:01:53'),(253,82,'ROULETTE_COIN',1,1,'LEVEL_REWARD','AUTO_GRANT','{\"level\": 1, \"source\": \"SEASON_PASS_AUTO_CLAIM\", \"trigger\": \"BONUS_XP\", \"xp_added\": 20, \"season_id\": 2}','2025-12-16 07:01:53'),(254,82,'DICE_TOKEN',-1,0,'DICE_PLAY','XMAS Dice - WIN','{\"result\": \"WIN\"}','2025-12-16 07:02:01'),(255,82,'DICE_TOKEN',1,1,'LEVEL_REWARD','AUTO_GRANT','{\"amount\": 1, \"reward_type\": \"TICKET_DICE\", \"toast_message\": \"주사위 티켓 지급\"}','2025-12-16 07:03:07'),(256,30,'DICE_TOKEN',-1,1,'DICE_PLAY','XMAS Dice - WIN','{\"result\": \"WIN\"}','2025-12-16 07:06:12'),(257,30,'ROULETTE_COIN',1,2,'LEVEL_REWARD','AUTO_GRANT','{\"level\": 1, \"source\": \"SEASON_PASS_AUTO_CLAIM\", \"trigger\": \"BONUS_XP\", \"xp_added\": 20, \"season_id\": 2}','2025-12-16 07:06:12'),(258,30,'DICE_TOKEN',-1,0,'DICE_PLAY','XMAS Dice - WIN','{\"result\": \"WIN\"}','2025-12-16 07:06:17'),(259,30,'ROULETTE_COIN',-1,1,'ROULETTE_PLAY','다음기회에','{\"segment_id\": 47}','2025-12-16 07:07:05'),(260,30,'ROULETTE_COIN',-1,0,'ROULETTE_PLAY','CC코인1개','{\"segment_id\": 51}','2025-12-16 07:07:10'),(261,30,'DICE_TOKEN',1,1,'LEVEL_REWARD','AUTO_GRANT','{\"level\": 2, \"source\": \"SEASON_PASS_AUTO_CLAIM\", \"trigger\": \"BONUS_XP\", \"xp_added\": 5, \"season_id\": 2}','2025-12-16 07:07:10'),(262,16,'DICE_TOKEN',-1,0,'DICE_PLAY','XMAS Dice - WIN','{\"result\": \"WIN\"}','2025-12-16 07:07:29'),(263,16,'ROULETTE_COIN',1,1,'LEVEL_REWARD','AUTO_GRANT','{\"level\": 1, \"source\": \"SEASON_PASS_AUTO_CLAIM\", \"trigger\": \"BONUS_XP\", \"xp_added\": 20, \"season_id\": 2}','2025-12-16 07:07:29'),(264,75,'ROULETTE_COIN',-1,0,'ROULETTE_PLAY','다음기회에','{\"segment_id\": 47}','2025-12-16 07:08:27'),(265,83,'DICE_TOKEN',2,2,'GRANT',NULL,'{}','2025-12-16 07:08:58'),(266,75,'DICE_TOKEN',-1,3,'DICE_PLAY','XMAS Dice - WIN','{\"result\": \"WIN\"}','2025-12-16 07:09:11'),(267,75,'ROULETTE_COIN',1,1,'LEVEL_REWARD','AUTO_GRANT','{\"level\": 1, \"source\": \"SEASON_PASS_AUTO_CLAIM\", \"trigger\": \"BONUS_XP\", \"xp_added\": 20, \"season_id\": 2}','2025-12-16 07:09:11'),(268,75,'DICE_TOKEN',-1,2,'DICE_PLAY','XMAS Dice - DRAW','{\"result\": \"DRAW\"}','2025-12-16 07:09:16'),(269,75,'DICE_TOKEN',-1,1,'DICE_PLAY','XMAS Dice - LOSE','{\"result\": \"LOSE\"}','2025-12-16 07:09:24'),(270,75,'DICE_TOKEN',-1,0,'DICE_PLAY','XMAS Dice - LOSE','{\"result\": \"LOSE\"}','2025-12-16 07:09:28'),(271,84,'DICE_TOKEN',2,2,'GRANT',NULL,'{}','2025-12-16 07:13:25'),(272,85,'DICE_TOKEN',2,2,'GRANT',NULL,'{}','2025-12-16 07:13:31'),(273,85,'DICE_TOKEN',-1,1,'DICE_PLAY','XMAS Dice - DRAW','{\"result\": \"DRAW\"}','2025-12-16 07:13:57'),(274,85,'DICE_TOKEN',-1,0,'DICE_PLAY','XMAS Dice - WIN','{\"result\": \"WIN\"}','2025-12-16 07:14:01'),(275,85,'ROULETTE_COIN',1,1,'LEVEL_REWARD','AUTO_GRANT','{\"level\": 1, \"source\": \"SEASON_PASS_AUTO_CLAIM\", \"trigger\": \"BONUS_XP\", \"xp_added\": 20, \"season_id\": 2}','2025-12-16 07:14:01'),(276,85,'ROULETTE_COIN',-1,0,'ROULETTE_PLAY','룰렛티켓1장','{\"segment_id\": 48}','2025-12-16 07:14:24'),(277,85,'ROULETTE_COIN',1,1,'roulette_spin','AUTO_GRANT','{\"reason\": \"roulette_spin\", \"game_xp\": 5, \"segment_id\": 48}','2025-12-16 07:14:24'),(278,85,'ROULETTE_COIN',-1,0,'ROULETTE_PLAY','복권티켓1장','{\"segment_id\": 50}','2025-12-16 07:14:30'),(279,85,'LOTTERY_TICKET',1,1,'roulette_spin','AUTO_GRANT','{\"reason\": \"roulette_spin\", \"game_xp\": 5, \"segment_id\": 50}','2025-12-16 07:14:30'),(280,85,'LOTTERY_TICKET',-1,0,'LOTTERY_PLAY','다음기회에','{\"prize_id\": 106}','2025-12-16 07:17:25'),(281,83,'ROULETTE_COIN',1,1,'GRANT',NULL,'{}','2025-12-16 07:18:20'),(282,84,'DICE_TOKEN',-1,1,'DICE_PLAY','XMAS Dice - WIN','{\"result\": \"WIN\"}','2025-12-16 07:18:42'),(283,84,'ROULETTE_COIN',1,1,'LEVEL_REWARD','AUTO_GRANT','{\"level\": 1, \"source\": \"SEASON_PASS_AUTO_CLAIM\", \"trigger\": \"BONUS_XP\", \"xp_added\": 20, \"season_id\": 2}','2025-12-16 07:18:42'),(284,84,'DICE_TOKEN',-1,0,'DICE_PLAY','XMAS Dice - WIN','{\"result\": \"WIN\"}','2025-12-16 07:18:49'),(285,16,'ROULETTE_COIN',-1,0,'ROULETTE_PLAY','CC코인1개','{\"segment_id\": 51}','2025-12-16 07:19:09'),(286,84,'DICE_TOKEN',1,1,'LEVEL_REWARD','AUTO_GRANT','{\"amount\": 1, \"reward_type\": \"TICKET_DICE\", \"toast_message\": \"주사위 티켓 지급\"}','2025-12-16 07:19:41'),(287,84,'ROULETTE_COIN',-1,0,'ROULETTE_PLAY','다음기회에','{\"segment_id\": 47}','2025-12-16 07:19:58'),(288,84,'DICE_TOKEN',-1,0,'DICE_PLAY','XMAS Dice - WIN','{\"result\": \"WIN\"}','2025-12-16 07:20:11'),(289,84,'DICE_TOKEN',1,1,'LEVEL_REWARD','AUTO_GRANT','{\"level\": 2, \"source\": \"SEASON_PASS_AUTO_CLAIM\", \"trigger\": \"BONUS_XP\", \"xp_added\": 20, \"season_id\": 2}','2025-12-16 07:20:11'),(290,84,'DICE_TOKEN',-1,0,'DICE_PLAY','XMAS Dice - WIN','{\"result\": \"WIN\"}','2025-12-16 07:20:16'),(291,83,'ROULETTE_COIN',-1,0,'ROULETTE_PLAY','복권티켓1장','{\"segment_id\": 50}','2025-12-16 07:20:38'),(292,83,'LOTTERY_TICKET',1,1,'roulette_spin','AUTO_GRANT','{\"reason\": \"roulette_spin\", \"game_xp\": 5, \"segment_id\": 50}','2025-12-16 07:20:38'),(293,85,'DICE_TOKEN',1,1,'LEVEL_REWARD','AUTO_GRANT','{\"amount\": 1, \"reward_type\": \"TICKET_DICE\", \"toast_message\": \"주사위 티켓 지급\"}','2025-12-16 07:20:46'),(294,16,'DICE_TOKEN',1,1,'LEVEL_REWARD','AUTO_GRANT','{\"level\": 2, \"source\": \"SEASON_PASS_AUTO_CLAIM\", \"trigger\": \"BONUS_XP\", \"xp_added\": 200, \"season_id\": 2}','2025-12-16 07:21:46'),(295,16,'ROULETTE_COIN',1,1,'LEVEL_REWARD','AUTO_GRANT','{\"level\": 3, \"source\": \"SEASON_PASS_AUTO_CLAIM\", \"trigger\": \"BONUS_XP\", \"xp_added\": 200, \"season_id\": 2}','2025-12-16 07:21:46'),(296,16,'LOTTERY_TICKET',1,1,'LEVEL_REWARD','AUTO_GRANT','{\"level\": 4, \"source\": \"SEASON_PASS_AUTO_CLAIM\", \"trigger\": \"BONUS_XP\", \"xp_added\": 200, \"season_id\": 2}','2025-12-16 07:21:46'),(297,85,'ROULETTE_COIN',2,2,'GRANT',NULL,'{}','2025-12-16 07:22:59'),(298,85,'DICE_TOKEN',-1,0,'DICE_PLAY','XMAS Dice - WIN','{\"result\": \"WIN\"}','2025-12-16 07:23:38'),(299,85,'DICE_TOKEN',1,1,'LEVEL_REWARD','AUTO_GRANT','{\"level\": 2, \"source\": \"SEASON_PASS_AUTO_CLAIM\", \"trigger\": \"BONUS_XP\", \"xp_added\": 20, \"season_id\": 2}','2025-12-16 07:23:38'),(300,85,'DICE_TOKEN',-1,0,'DICE_PLAY','XMAS Dice - LOSE','{\"result\": \"LOSE\"}','2025-12-16 07:23:46'),(301,85,'ROULETTE_COIN',-1,1,'ROULETTE_PLAY','다음기회에','{\"segment_id\": 47}','2025-12-16 07:23:54'),(302,85,'ROULETTE_COIN',-1,0,'ROULETTE_PLAY','다음기회에','{\"segment_id\": 47}','2025-12-16 07:23:59'),(303,83,'DICE_TOKEN',-1,1,'DICE_PLAY','XMAS Dice - WIN','{\"result\": \"WIN\"}','2025-12-16 07:25:31'),(304,83,'ROULETTE_COIN',1,1,'LEVEL_REWARD','AUTO_GRANT','{\"level\": 1, \"source\": \"SEASON_PASS_AUTO_CLAIM\", \"trigger\": \"BONUS_XP\", \"xp_added\": 20, \"season_id\": 2}','2025-12-16 07:25:31'),(305,83,'DICE_TOKEN',-1,0,'DICE_PLAY','XMAS Dice - LOSE','{\"result\": \"LOSE\"}','2025-12-16 07:25:43'),(306,83,'LOTTERY_TICKET',-1,0,'LOTTERY_PLAY','다음기회에','{\"prize_id\": 106}','2025-12-16 07:26:25'),(307,83,'DICE_TOKEN',1,1,'LEVEL_REWARD','AUTO_GRANT','{\"amount\": 1, \"reward_type\": \"TICKET_DICE\", \"toast_message\": \"주사위 티켓 지급\"}','2025-12-16 07:27:14'),(308,86,'DICE_TOKEN',2,2,'GRANT',NULL,'{}','2025-12-16 07:34:36'),(309,85,'ROULETTE_COIN',2,2,'GRANT',NULL,'{}','2025-12-16 07:46:27'),(310,85,'LOTTERY_TICKET',1,1,'GRANT',NULL,'{}','2025-12-16 07:46:31'),(311,85,'ROULETTE_COIN',-1,1,'ROULETTE_PLAY','룰렛티켓1장','{\"segment_id\": 54}','2025-12-16 07:47:36'),(312,85,'ROULETTE_COIN',1,2,'roulette_spin','AUTO_GRANT','{\"reason\": \"roulette_spin\", \"game_xp\": 5, \"segment_id\": 54}','2025-12-16 07:47:36'),(313,85,'ROULETTE_COIN',-1,1,'ROULETTE_PLAY','주사위티켓2장','{\"segment_id\": 55}','2025-12-16 07:47:41'),(314,85,'DICE_TOKEN',2,2,'roulette_spin','AUTO_GRANT','{\"reason\": \"roulette_spin\", \"game_xp\": 5, \"segment_id\": 55}','2025-12-16 07:47:41'),(315,85,'ROULETTE_COIN',-1,0,'ROULETTE_PLAY','다음기회에','{\"segment_id\": 53}','2025-12-16 07:47:46'),(316,85,'DICE_TOKEN',-1,1,'DICE_PLAY','XMAS Dice - LOSE','{\"result\": \"LOSE\"}','2025-12-16 07:48:09'),(317,85,'DICE_TOKEN',-1,0,'DICE_PLAY','XMAS Dice - WIN','{\"result\": \"WIN\"}','2025-12-16 07:48:12'),(318,12,'DICE_TOKEN',2,3,'LEVEL_REWARD','AUTO_GRANT','{\"level\": 6, \"source\": \"SEASON_PASS_AUTO_CLAIM\", \"trigger\": \"BONUS_XP\", \"xp_added\": 200, \"season_id\": 2}','2025-12-16 07:48:43'),(319,45,'ROULETTE_COIN',-1,0,'ROULETTE_PLAY','다음기회에','{\"segment_id\": 53}','2025-12-16 07:57:07'),(320,45,'DICE_TOKEN',1,1,'LEVEL_REWARD','AUTO_GRANT','{\"amount\": 1, \"reward_type\": \"TICKET_DICE\", \"toast_message\": \"주사위 티켓 지급\"}','2025-12-16 07:57:42'),(321,45,'DICE_TOKEN',-1,0,'DICE_PLAY','XMAS Dice - DRAW','{\"result\": \"DRAW\"}','2025-12-16 07:58:02'),(322,41,'ROULETTE_COIN',-1,0,'ROULETTE_PLAY','CC코인1개','{\"segment_id\": 57}','2025-12-16 07:59:59'),(323,41,'DICE_TOKEN',-1,1,'DICE_PLAY','XMAS Dice - LOSE','{\"result\": \"LOSE\"}','2025-12-16 08:00:15'),(324,41,'DICE_TOKEN',-1,0,'DICE_PLAY','XMAS Dice - DRAW','{\"result\": \"DRAW\"}','2025-12-16 08:00:18'),(325,39,'DICE_TOKEN',-1,0,'DICE_PLAY','XMAS Dice - DRAW','{\"result\": \"DRAW\"}','2025-12-16 08:01:09'),(326,39,'ROULETTE_COIN',-1,0,'ROULETTE_PLAY','다음기회에','{\"segment_id\": 53}','2025-12-16 08:01:31'),(327,39,'DICE_TOKEN',1,1,'LEVEL_REWARD','AUTO_GRANT','{\"amount\": 1, \"reward_type\": \"TICKET_DICE\", \"toast_message\": \"주사위 티켓 지급\"}','2025-12-16 08:02:06'),(328,39,'DICE_TOKEN',-1,0,'DICE_PLAY','XMAS Dice - WIN','{\"result\": \"WIN\"}','2025-12-16 08:02:40'),(329,88,'DICE_TOKEN',2,2,'GRANT',NULL,'{}','2025-12-16 08:07:54'),(330,85,'LOTTERY_TICKET',-1,0,'LOTTERY_PLAY','주사위티켓2장','{\"prize_id\": 112}','2025-12-16 08:11:54'),(331,85,'DICE_TOKEN',5,5,'lottery_play','AUTO_GRANT','{\"reason\": \"lottery_play\", \"game_xp\": 5, \"prize_id\": 112}','2025-12-16 08:11:54'),(332,75,'ROULETTE_COIN',5,6,'GRANT',NULL,'{}','2025-12-16 08:12:40'),(333,23,'ROULETTE_COIN',-1,1,'ROULETTE_PLAY','CC코인1개','{\"segment_id\": 57}','2025-12-16 08:19:21'),(334,23,'ROULETTE_COIN',-1,0,'ROULETTE_PLAY','룰렛티켓1장','{\"segment_id\": 54}','2025-12-16 08:19:37'),(335,23,'ROULETTE_COIN',1,1,'roulette_spin','AUTO_GRANT','{\"reason\": \"roulette_spin\", \"game_xp\": 5, \"segment_id\": 54}','2025-12-16 08:19:37'),(336,23,'ROULETTE_COIN',-1,0,'ROULETTE_PLAY','복권티켓1장','{\"segment_id\": 56}','2025-12-16 08:19:45'),(337,23,'LOTTERY_TICKET',1,1,'roulette_spin','AUTO_GRANT','{\"reason\": \"roulette_spin\", \"game_xp\": 5, \"segment_id\": 56}','2025-12-16 08:19:45'),(338,23,'LOTTERY_TICKET',-1,0,'LOTTERY_PLAY','CC코인1개','{\"prize_id\": 107}','2025-12-16 08:20:19'),(339,43,'ROULETTE_COIN',1,1,'LEVEL_REWARD','AUTO_GRANT','{\"level\": 1, \"source\": \"SEASON_PASS_AUTO_CLAIM\", \"trigger\": \"BONUS_XP\", \"xp_added\": 20, \"season_id\": 2}','2025-12-16 08:20:27'),(340,22,'ROULETTE_COIN',1,1,'LEVEL_REWARD','AUTO_GRANT','{\"level\": 3, \"source\": \"SEASON_PASS_AUTO_CLAIM\", \"trigger\": \"BONUS_XP\", \"xp_added\": 40, \"season_id\": 2}','2025-12-16 08:20:53'),(341,23,'DICE_TOKEN',-1,0,'DICE_PLAY','XMAS Dice - WIN','{\"result\": \"WIN\"}','2025-12-16 08:21:06'),(342,22,'ROULETTE_COIN',-1,0,'ROULETTE_PLAY','다음기회에','{\"segment_id\": 53}','2025-12-16 08:21:58'),(343,75,'ROULETTE_COIN',-1,5,'ROULETTE_PLAY','주사위티켓2장','{\"segment_id\": 55}','2025-12-16 08:23:56'),(344,75,'DICE_TOKEN',2,2,'roulette_spin','AUTO_GRANT','{\"reason\": \"roulette_spin\", \"game_xp\": 5, \"segment_id\": 55}','2025-12-16 08:23:56'),(345,75,'ROULETTE_COIN',-1,4,'ROULETTE_PLAY','룰렛티켓1장','{\"segment_id\": 54}','2025-12-16 08:24:03'),(346,75,'ROULETTE_COIN',1,5,'roulette_spin','AUTO_GRANT','{\"reason\": \"roulette_spin\", \"game_xp\": 5, \"segment_id\": 54}','2025-12-16 08:24:03'),(347,75,'ROULETTE_COIN',-1,4,'ROULETTE_PLAY','다음기회에','{\"segment_id\": 53}','2025-12-16 08:24:08'),(348,75,'ROULETTE_COIN',-1,3,'ROULETTE_PLAY','룰렛티켓1장','{\"segment_id\": 54}','2025-12-16 08:24:14'),(349,75,'ROULETTE_COIN',1,4,'roulette_spin','AUTO_GRANT','{\"reason\": \"roulette_spin\", \"game_xp\": 5, \"segment_id\": 54}','2025-12-16 08:24:14'),(350,75,'ROULETTE_COIN',-1,3,'ROULETTE_PLAY','룰렛티켓1장','{\"segment_id\": 54}','2025-12-16 08:24:18'),(351,75,'ROULETTE_COIN',1,4,'roulette_spin','AUTO_GRANT','{\"reason\": \"roulette_spin\", \"game_xp\": 5, \"segment_id\": 54}','2025-12-16 08:24:18'),(352,75,'ROULETTE_COIN',-1,3,'ROULETTE_PLAY','다음기회에','{\"segment_id\": 53}','2025-12-16 08:24:23'),(353,75,'DICE_TOKEN',1,3,'LEVEL_REWARD','AUTO_GRANT','{\"level\": 2, \"source\": \"SEASON_PASS_AUTO_CLAIM\", \"trigger\": \"BONUS_XP\", \"xp_added\": 5, \"season_id\": 2}','2025-12-16 08:24:23'),(354,75,'ROULETTE_COIN',-1,2,'ROULETTE_PLAY','주사위티켓2장','{\"segment_id\": 55}','2025-12-16 08:24:28'),(355,75,'DICE_TOKEN',2,5,'roulette_spin','AUTO_GRANT','{\"reason\": \"roulette_spin\", \"game_xp\": 5, \"segment_id\": 55}','2025-12-16 08:24:28'),(356,75,'ROULETTE_COIN',-1,1,'ROULETTE_PLAY','룰렛티켓1장','{\"segment_id\": 54}','2025-12-16 08:24:33'),(357,75,'ROULETTE_COIN',1,2,'roulette_spin','AUTO_GRANT','{\"reason\": \"roulette_spin\", \"game_xp\": 5, \"segment_id\": 54}','2025-12-16 08:24:33'),(358,75,'ROULETTE_COIN',-1,1,'ROULETTE_PLAY','룰렛티켓1장','{\"segment_id\": 54}','2025-12-16 08:24:38'),(359,75,'ROULETTE_COIN',1,2,'roulette_spin','AUTO_GRANT','{\"reason\": \"roulette_spin\", \"game_xp\": 5, \"segment_id\": 54}','2025-12-16 08:24:38'),(360,75,'ROULETTE_COIN',-1,1,'ROULETTE_PLAY','CC코인1개','{\"segment_id\": 57}','2025-12-16 08:24:52'),(361,75,'ROULETTE_COIN',-1,0,'ROULETTE_PLAY','주사위티켓2장','{\"segment_id\": 55}','2025-12-16 08:25:00'),(362,75,'DICE_TOKEN',2,7,'roulette_spin','AUTO_GRANT','{\"reason\": \"roulette_spin\", \"game_xp\": 5, \"segment_id\": 55}','2025-12-16 08:25:00'),(363,89,'DICE_TOKEN',2,2,'GRANT',NULL,'{}','2025-12-16 08:25:47'),(364,75,'DICE_TOKEN',-1,6,'DICE_PLAY','XMAS Dice - WIN','{\"result\": \"WIN\"}','2025-12-16 08:28:23'),(365,75,'DICE_TOKEN',-1,5,'DICE_PLAY','XMAS Dice - LOSE','{\"result\": \"LOSE\"}','2025-12-16 08:28:27'),(366,75,'DICE_TOKEN',-1,4,'DICE_PLAY','XMAS Dice - WIN','{\"result\": \"WIN\"}','2025-12-16 08:28:30'),(367,75,'ROULETTE_COIN',1,1,'LEVEL_REWARD','AUTO_GRANT','{\"level\": 3, \"source\": \"SEASON_PASS_AUTO_CLAIM\", \"trigger\": \"BONUS_XP\", \"xp_added\": 20, \"season_id\": 2}','2025-12-16 08:28:30'),(368,75,'DICE_TOKEN',-1,3,'DICE_PLAY','XMAS Dice - LOSE','{\"result\": \"LOSE\"}','2025-12-16 08:28:33'),(369,75,'DICE_TOKEN',-1,2,'DICE_PLAY','XMAS Dice - WIN','{\"result\": \"WIN\"}','2025-12-16 08:28:35'),(370,75,'DICE_TOKEN',-1,1,'DICE_PLAY','XMAS Dice - WIN','{\"result\": \"WIN\"}','2025-12-16 08:28:38'),(371,75,'DICE_TOKEN',-1,0,'DICE_PLAY','XMAS Dice - LOSE','{\"result\": \"LOSE\"}','2025-12-16 08:28:40'),(372,75,'ROULETTE_COIN',-1,0,'ROULETTE_PLAY','복권티켓1장','{\"segment_id\": 56}','2025-12-16 08:28:47'),(373,75,'LOTTERY_TICKET',1,1,'roulette_spin','AUTO_GRANT','{\"reason\": \"roulette_spin\", \"game_xp\": 5, \"segment_id\": 56}','2025-12-16 08:28:47'),(374,75,'LOTTERY_TICKET',-1,0,'LOTTERY_PLAY','CC코인1개','{\"prize_id\": 107}','2025-12-16 08:29:21'),(375,90,'DICE_TOKEN',2,2,'GRANT',NULL,'{}','2025-12-16 08:30:06'),(376,90,'DICE_TOKEN',-1,1,'DICE_PLAY','XMAS Dice - LOSE','{\"result\": \"LOSE\"}','2025-12-16 08:31:21'),(377,90,'DICE_TOKEN',-1,0,'DICE_PLAY','XMAS Dice - LOSE','{\"result\": \"LOSE\"}','2025-12-16 08:31:28'),(378,89,'DICE_TOKEN',-1,1,'DICE_PLAY','XMAS Dice - DRAW','{\"result\": \"DRAW\"}','2025-12-16 08:33:02'),(379,89,'DICE_TOKEN',-1,0,'DICE_PLAY','XMAS Dice - LOSE','{\"result\": \"LOSE\"}','2025-12-16 08:33:10'),(380,15,'LOTTERY_TICKET',1,1,'LEVEL_REWARD','AUTO_GRANT','{\"level\": 4, \"source\": \"SEASON_PASS_AUTO_CLAIM\", \"trigger\": \"BONUS_XP\", \"xp_added\": 60, \"season_id\": 2}','2025-12-16 08:38:09'),(381,15,'LOTTERY_TICKET',-1,0,'LOTTERY_PLAY','주사위티켓2장','{\"prize_id\": 112}','2025-12-16 08:42:13'),(382,15,'DICE_TOKEN',5,5,'lottery_play','AUTO_GRANT','{\"reason\": \"lottery_play\", \"game_xp\": 5, \"prize_id\": 112}','2025-12-16 08:42:13'),(383,15,'DICE_TOKEN',-1,4,'DICE_PLAY','XMAS Dice - DRAW','{\"result\": \"DRAW\"}','2025-12-16 08:42:43'),(384,15,'DICE_TOKEN',-1,3,'DICE_PLAY','XMAS Dice - LOSE','{\"result\": \"LOSE\"}','2025-12-16 08:42:47'),(385,15,'DICE_TOKEN',-1,2,'DICE_PLAY','XMAS Dice - WIN','{\"result\": \"WIN\"}','2025-12-16 08:42:50'),(386,15,'DICE_TOKEN',-1,1,'DICE_PLAY','XMAS Dice - WIN','{\"result\": \"WIN\"}','2025-12-16 08:42:53'),(387,15,'DICE_TOKEN',-1,0,'DICE_PLAY','XMAS Dice - DRAW','{\"result\": \"DRAW\"}','2025-12-16 08:42:56'),(388,40,'DICE_TOKEN',1,1,'LEVEL_REWARD','AUTO_GRANT','{\"amount\": 1, \"reward_type\": \"TICKET_DICE\", \"toast_message\": \"주사위 티켓 지급\"}','2025-12-16 08:43:38'),(389,40,'ROULETTE_COIN',1,1,'LEVEL_REWARD','AUTO_GRANT','{\"level\": 1, \"source\": \"SEASON_PASS_AUTO_CLAIM\", \"trigger\": \"BONUS_XP\", \"xp_added\": 200, \"season_id\": 2}','2025-12-16 08:48:40'),(390,40,'DICE_TOKEN',1,2,'LEVEL_REWARD','AUTO_GRANT','{\"level\": 2, \"source\": \"SEASON_PASS_AUTO_CLAIM\", \"trigger\": \"BONUS_XP\", \"xp_added\": 200, \"season_id\": 2}','2025-12-16 08:48:40'),(391,40,'ROULETTE_COIN',1,2,'LEVEL_REWARD','AUTO_GRANT','{\"level\": 3, \"source\": \"SEASON_PASS_AUTO_CLAIM\", \"trigger\": \"BONUS_XP\", \"xp_added\": 200, \"season_id\": 2}','2025-12-16 08:48:40'),(392,40,'LOTTERY_TICKET',1,1,'LEVEL_REWARD','AUTO_GRANT','{\"level\": 4, \"source\": \"SEASON_PASS_AUTO_CLAIM\", \"trigger\": \"BONUS_XP\", \"xp_added\": 200, \"season_id\": 2}','2025-12-16 08:48:40'),(393,92,'DICE_TOKEN',2,2,'GRANT',NULL,'{}','2025-12-16 08:54:04'),(394,40,'ROULETTE_COIN',-1,1,'ROULETTE_PLAY','주사위티켓2장','{\"segment_id\": 55}','2025-12-16 08:54:58'),(395,40,'DICE_TOKEN',2,4,'roulette_spin','AUTO_GRANT','{\"reason\": \"roulette_spin\", \"game_xp\": 5, \"segment_id\": 55}','2025-12-16 08:54:58'),(396,40,'ROULETTE_COIN',-1,0,'ROULETTE_PLAY','주사위티켓2장','{\"segment_id\": 55}','2025-12-16 08:55:03'),(397,40,'DICE_TOKEN',2,6,'roulette_spin','AUTO_GRANT','{\"reason\": \"roulette_spin\", \"game_xp\": 5, \"segment_id\": 55}','2025-12-16 08:55:03'),(398,40,'DICE_TOKEN',-1,5,'DICE_PLAY','XMAS Dice - LOSE','{\"result\": \"LOSE\"}','2025-12-16 08:55:13'),(399,40,'DICE_TOKEN',-1,4,'DICE_PLAY','XMAS Dice - WIN','{\"result\": \"WIN\"}','2025-12-16 08:55:16'),(400,40,'DICE_TOKEN',-1,3,'DICE_PLAY','XMAS Dice - WIN','{\"result\": \"WIN\"}','2025-12-16 08:55:21'),(401,40,'DICE_TOKEN',-1,2,'DICE_PLAY','XMAS Dice - DRAW','{\"result\": \"DRAW\"}','2025-12-16 08:55:24'),(402,40,'DICE_TOKEN',-1,1,'DICE_PLAY','XMAS Dice - LOSE','{\"result\": \"LOSE\"}','2025-12-16 08:55:27'),(403,40,'DICE_TOKEN',-1,0,'DICE_PLAY','XMAS Dice - DRAW','{\"result\": \"DRAW\"}','2025-12-16 08:55:30'),(404,40,'LOTTERY_TICKET',-1,0,'LOTTERY_PLAY','CC코인1개','{\"prize_id\": 107}','2025-12-16 08:55:38'),(405,39,'ROULETTE_COIN',1,1,'LEVEL_REWARD','AUTO_GRANT','{\"level\": 3, \"source\": \"SEASON_PASS_AUTO_CLAIM\", \"trigger\": \"BONUS_XP\", \"xp_added\": 40, \"season_id\": 2}','2025-12-16 08:58:27'),(406,92,'ROULETTE_COIN',1,1,'GRANT',NULL,'{}','2025-12-16 08:58:41'),(407,92,'LOTTERY_TICKET',1,1,'GRANT',NULL,'{}','2025-12-16 08:58:44'),(408,39,'ROULETTE_COIN',-1,0,'ROULETTE_PLAY','주사위티켓2장','{\"segment_id\": 55}','2025-12-16 08:58:48'),(409,39,'DICE_TOKEN',2,2,'roulette_spin','AUTO_GRANT','{\"reason\": \"roulette_spin\", \"game_xp\": 5, \"segment_id\": 55}','2025-12-16 08:58:48'),(410,39,'DICE_TOKEN',-1,1,'DICE_PLAY','XMAS Dice - DRAW','{\"result\": \"DRAW\"}','2025-12-16 08:59:33'),(411,39,'DICE_TOKEN',-1,0,'DICE_PLAY','XMAS Dice - LOSE','{\"result\": \"LOSE\"}','2025-12-16 08:59:40'),(412,41,'ROULETTE_COIN',1,1,'LEVEL_REWARD','AUTO_GRANT','{\"level\": 1, \"source\": \"SEASON_PASS_AUTO_CLAIM\", \"trigger\": \"BONUS_XP\", \"xp_added\": 80, \"season_id\": 2}','2025-12-16 09:03:37'),(413,41,'DICE_TOKEN',1,1,'LEVEL_REWARD','AUTO_GRANT','{\"level\": 2, \"source\": \"SEASON_PASS_AUTO_CLAIM\", \"trigger\": \"BONUS_XP\", \"xp_added\": 80, \"season_id\": 2}','2025-12-16 09:03:37'),(414,92,'ROULETTE_COIN',-1,0,'ROULETTE_PLAY','복권티켓1장','{\"segment_id\": 56}','2025-12-16 09:08:18'),(415,92,'LOTTERY_TICKET',1,2,'roulette_spin','AUTO_GRANT','{\"reason\": \"roulette_spin\", \"game_xp\": 5, \"segment_id\": 56}','2025-12-16 09:08:18'),(416,92,'DICE_TOKEN',-1,1,'DICE_PLAY','XMAS Dice - WIN','{\"result\": \"WIN\"}','2025-12-16 09:08:35'),(417,92,'ROULETTE_COIN',1,1,'LEVEL_REWARD','AUTO_GRANT','{\"level\": 1, \"source\": \"SEASON_PASS_AUTO_CLAIM\", \"trigger\": \"BONUS_XP\", \"xp_added\": 20, \"season_id\": 2}','2025-12-16 09:08:35'),(418,92,'DICE_TOKEN',-1,0,'DICE_PLAY','XMAS Dice - LOSE','{\"result\": \"LOSE\"}','2025-12-16 09:08:41'),(419,92,'LOTTERY_TICKET',-1,1,'LOTTERY_PLAY','주사위티켓2장','{\"prize_id\": 112}','2025-12-16 09:09:15'),(420,92,'DICE_TOKEN',5,5,'lottery_play','AUTO_GRANT','{\"reason\": \"lottery_play\", \"game_xp\": 5, \"prize_id\": 112}','2025-12-16 09:09:15'),(421,10,'DICE_TOKEN',2,3,'LEVEL_REWARD','AUTO_GRANT','{\"level\": 6, \"source\": \"SEASON_PASS_AUTO_CLAIM\", \"trigger\": \"BONUS_XP\", \"xp_added\": 80, \"season_id\": 2}','2025-12-16 09:10:37'),(422,92,'ROULETTE_COIN',-1,0,'ROULETTE_PLAY','CC코인1개','{\"segment_id\": 57}','2025-12-16 09:12:40'),(423,92,'DICE_TOKEN',-1,4,'DICE_PLAY','XMAS Dice - LOSE','{\"result\": \"LOSE\"}','2025-12-16 09:14:28'),(424,92,'DICE_TOKEN',-1,3,'DICE_PLAY','XMAS Dice - LOSE','{\"result\": \"LOSE\"}','2025-12-16 09:14:30'),(425,92,'DICE_TOKEN',-1,2,'DICE_PLAY','XMAS Dice - WIN','{\"result\": \"WIN\"}','2025-12-16 09:14:33'),(426,92,'DICE_TOKEN',1,3,'LEVEL_REWARD','AUTO_GRANT','{\"level\": 2, \"source\": \"SEASON_PASS_AUTO_CLAIM\", \"trigger\": \"BONUS_XP\", \"xp_added\": 20, \"season_id\": 2}','2025-12-16 09:14:33'),(427,92,'DICE_TOKEN',-1,2,'DICE_PLAY','XMAS Dice - LOSE','{\"result\": \"LOSE\"}','2025-12-16 09:14:36'),(428,92,'DICE_TOKEN',-1,1,'DICE_PLAY','XMAS Dice - WIN','{\"result\": \"WIN\"}','2025-12-16 09:14:39'),(429,92,'DICE_TOKEN',-1,0,'DICE_PLAY','XMAS Dice - WIN','{\"result\": \"WIN\"}','2025-12-16 09:14:42'),(430,92,'ROULETTE_COIN',1,1,'LEVEL_REWARD','AUTO_GRANT','{\"level\": 3, \"source\": \"SEASON_PASS_AUTO_CLAIM\", \"trigger\": \"BONUS_XP\", \"xp_added\": 20, \"season_id\": 2}','2025-12-16 09:14:42'),(431,92,'ROULETTE_COIN',-1,0,'ROULETTE_PLAY','복권티켓1장','{\"segment_id\": 56}','2025-12-16 09:14:54'),(432,92,'LOTTERY_TICKET',1,2,'roulette_spin','AUTO_GRANT','{\"reason\": \"roulette_spin\", \"game_xp\": 5, \"segment_id\": 56}','2025-12-16 09:14:54'),(433,92,'LOTTERY_TICKET',-1,1,'LOTTERY_PLAY','룰렛티켓1장','{\"prize_id\": 110}','2025-12-16 09:19:35'),(434,92,'ROULETTE_COIN',5,5,'lottery_play','AUTO_GRANT','{\"reason\": \"lottery_play\", \"game_xp\": 5, \"prize_id\": 110}','2025-12-16 09:19:35'),(435,92,'ROULETTE_COIN',-1,4,'ROULETTE_PLAY','룰렛티켓1장','{\"segment_id\": 54}','2025-12-16 09:20:17'),(436,92,'ROULETTE_COIN',1,5,'roulette_spin','AUTO_GRANT','{\"reason\": \"roulette_spin\", \"game_xp\": 5, \"segment_id\": 54}','2025-12-16 09:20:17'),(437,92,'ROULETTE_COIN',-1,4,'ROULETTE_PLAY','룰렛티켓1장','{\"segment_id\": 54}','2025-12-16 09:20:29'),(438,92,'ROULETTE_COIN',1,5,'roulette_spin','AUTO_GRANT','{\"reason\": \"roulette_spin\", \"game_xp\": 5, \"segment_id\": 54}','2025-12-16 09:20:29'),(439,92,'ROULETTE_COIN',-1,4,'ROULETTE_PLAY','룰렛티켓1장','{\"segment_id\": 54}','2025-12-16 09:20:35'),(440,92,'ROULETTE_COIN',1,5,'roulette_spin','AUTO_GRANT','{\"reason\": \"roulette_spin\", \"game_xp\": 5, \"segment_id\": 54}','2025-12-16 09:20:35'),(441,92,'ROULETTE_COIN',-1,4,'ROULETTE_PLAY','주사위티켓2장','{\"segment_id\": 55}','2025-12-16 09:20:42'),(442,92,'DICE_TOKEN',2,2,'roulette_spin','AUTO_GRANT','{\"reason\": \"roulette_spin\", \"game_xp\": 5, \"segment_id\": 55}','2025-12-16 09:20:42'),(443,92,'ROULETTE_COIN',-1,3,'ROULETTE_PLAY','룰렛티켓1장','{\"segment_id\": 54}','2025-12-16 09:20:47'),(444,92,'ROULETTE_COIN',1,4,'roulette_spin','AUTO_GRANT','{\"reason\": \"roulette_spin\", \"game_xp\": 5, \"segment_id\": 54}','2025-12-16 09:20:47'),(445,92,'ROULETTE_COIN',-1,3,'ROULETTE_PLAY','다음기회에','{\"segment_id\": 53}','2025-12-16 09:20:52'),(446,92,'ROULETTE_COIN',-1,2,'ROULETTE_PLAY','다음기회에','{\"segment_id\": 53}','2025-12-16 09:20:58'),(447,92,'ROULETTE_COIN',-1,1,'ROULETTE_PLAY','다음기회에','{\"segment_id\": 53}','2025-12-16 09:21:03'),(448,92,'ROULETTE_COIN',-1,0,'ROULETTE_PLAY','룰렛티켓1장','{\"segment_id\": 54}','2025-12-16 09:21:22'),(449,92,'ROULETTE_COIN',1,1,'roulette_spin','AUTO_GRANT','{\"reason\": \"roulette_spin\", \"game_xp\": 5, \"segment_id\": 54}','2025-12-16 09:21:22'),(450,92,'ROULETTE_COIN',-1,0,'ROULETTE_PLAY','다음기회에','{\"segment_id\": 53}','2025-12-16 09:21:27'),(451,92,'DICE_TOKEN',-1,1,'DICE_PLAY','XMAS Dice - LOSE','{\"result\": \"LOSE\"}','2025-12-16 09:21:42'),(452,92,'DICE_TOKEN',-1,0,'DICE_PLAY','XMAS Dice - LOSE','{\"result\": \"LOSE\"}','2025-12-16 09:21:46'),(453,92,'LOTTERY_TICKET',-1,0,'LOTTERY_PLAY','CC코인1개','{\"prize_id\": 107}','2025-12-16 09:22:38'),(454,43,'ROULETTE_COIN',-1,0,'ROULETTE_PLAY','주사위티켓2장','{\"segment_id\": 55}','2025-12-16 09:26:56'),(455,43,'DICE_TOKEN',2,2,'roulette_spin','AUTO_GRANT','{\"reason\": \"roulette_spin\", \"game_xp\": 5, \"segment_id\": 55}','2025-12-16 09:26:56'),(456,43,'DICE_TOKEN',-1,1,'DICE_PLAY','XMAS Dice - WIN','{\"result\": \"WIN\"}','2025-12-16 09:27:22'),(457,43,'DICE_TOKEN',-1,0,'DICE_PLAY','XMAS Dice - WIN','{\"result\": \"WIN\"}','2025-12-16 09:27:27'),(458,43,'DICE_TOKEN',1,1,'LEVEL_REWARD','AUTO_GRANT','{\"level\": 2, \"source\": \"SEASON_PASS_AUTO_CLAIM\", \"trigger\": \"BONUS_XP\", \"xp_added\": 20, \"season_id\": 2}','2025-12-16 09:27:27'),(459,43,'DICE_TOKEN',-1,0,'DICE_PLAY','XMAS Dice - LOSE','{\"result\": \"LOSE\"}','2025-12-16 09:27:48'),(460,41,'ROULETTE_COIN',-1,0,'ROULETTE_PLAY','룰렛티켓1장','{\"segment_id\": 54}','2025-12-16 09:49:19'),(461,41,'ROULETTE_COIN',1,1,'roulette_spin','AUTO_GRANT','{\"reason\": \"roulette_spin\", \"game_xp\": 5, \"segment_id\": 54}','2025-12-16 09:49:19'),(462,41,'ROULETTE_COIN',-1,0,'ROULETTE_PLAY','다음기회에','{\"segment_id\": 53}','2025-12-16 09:49:24'),(463,41,'ROULETTE_COIN',1,1,'LEVEL_REWARD','AUTO_GRANT','{\"level\": 3, \"source\": \"SEASON_PASS_AUTO_CLAIM\", \"trigger\": \"BONUS_XP\", \"xp_added\": 5, \"season_id\": 2}','2025-12-16 09:49:24'),(464,41,'ROULETTE_COIN',-1,0,'ROULETTE_PLAY','룰렛티켓1장','{\"segment_id\": 54}','2025-12-16 09:49:28'),(465,41,'ROULETTE_COIN',1,1,'roulette_spin','AUTO_GRANT','{\"reason\": \"roulette_spin\", \"game_xp\": 5, \"segment_id\": 54}','2025-12-16 09:49:28'),(466,41,'ROULETTE_COIN',-1,0,'ROULETTE_PLAY','복권티켓1장','{\"segment_id\": 56}','2025-12-16 09:49:34'),(467,41,'LOTTERY_TICKET',1,1,'roulette_spin','AUTO_GRANT','{\"reason\": \"roulette_spin\", \"game_xp\": 5, \"segment_id\": 56}','2025-12-16 09:49:34'),(468,41,'LOTTERY_TICKET',-1,0,'LOTTERY_PLAY','주사위티켓2장','{\"prize_id\": 112}','2025-12-16 09:50:08'),(469,41,'DICE_TOKEN',5,6,'lottery_play','AUTO_GRANT','{\"reason\": \"lottery_play\", \"game_xp\": 5, \"prize_id\": 112}','2025-12-16 09:50:08'),(470,41,'DICE_TOKEN',-1,5,'DICE_PLAY','XMAS Dice - LOSE','{\"result\": \"LOSE\"}','2025-12-16 09:50:23'),(471,41,'DICE_TOKEN',-1,4,'DICE_PLAY','XMAS Dice - WIN','{\"result\": \"WIN\"}','2025-12-16 09:50:32'),(472,41,'DICE_TOKEN',-1,3,'DICE_PLAY','XMAS Dice - WIN','{\"result\": \"WIN\"}','2025-12-16 09:50:36'),(473,41,'DICE_TOKEN',-1,2,'DICE_PLAY','XMAS Dice - WIN','{\"result\": \"WIN\"}','2025-12-16 09:50:39'),(474,41,'DICE_TOKEN',-1,1,'DICE_PLAY','XMAS Dice - WIN','{\"result\": \"WIN\"}','2025-12-16 09:50:41'),(475,41,'LOTTERY_TICKET',1,1,'LEVEL_REWARD','AUTO_GRANT','{\"level\": 4, \"source\": \"SEASON_PASS_AUTO_CLAIM\", \"trigger\": \"BONUS_XP\", \"xp_added\": 20, \"season_id\": 2}','2025-12-16 09:50:41'),(476,41,'DICE_TOKEN',-1,0,'DICE_PLAY','XMAS Dice - LOSE','{\"result\": \"LOSE\"}','2025-12-16 09:50:43'),(477,41,'LOTTERY_TICKET',-1,0,'LOTTERY_PLAY','다음기회에','{\"prize_id\": 109}','2025-12-16 09:50:50'),(478,41,'DICE_TOKEN',1,1,'LEVEL_REWARD','AUTO_GRANT','{\"amount\": 1, \"reward_type\": \"TICKET_DICE\", \"toast_message\": \"주사위 티켓 지급\"}','2025-12-16 09:51:11'),(479,41,'DICE_TOKEN',-1,0,'DICE_PLAY','XMAS Dice - LOSE','{\"result\": \"LOSE\"}','2025-12-16 09:51:32'),(480,9,'LOTTERY_TICKET',-1,7,'LOTTERY_PLAY','다음기회에','{\"prize_id\": 109}','2025-12-16 10:03:02'),(481,9,'LOTTERY_TICKET',-1,6,'LOTTERY_PLAY','다음기회에','{\"prize_id\": 109}','2025-12-16 10:03:13'),(482,9,'LOTTERY_TICKET',-1,5,'LOTTERY_PLAY','19실장영상','{\"prize_id\": 113}','2025-12-16 10:03:18'),(483,14,'DICE_TOKEN',1,1,'LEVEL_REWARD','AUTO_GRANT','{\"level\": 2, \"source\": \"SEASON_PASS_AUTO_CLAIM\", \"trigger\": \"BONUS_XP\", \"xp_added\": 20, \"season_id\": 2}','2025-12-16 10:13:26'),(484,14,'DICE_TOKEN',2,3,'GRANT',NULL,'{}','2025-12-16 10:15:54'),(485,18,'DICE_TOKEN',2,2,'GRANT',NULL,'{}','2025-12-16 10:15:59'),(486,95,'ROULETTE_COIN',10,10,'GRANT',NULL,'{}','2025-12-16 10:22:46'),(487,95,'ROULETTE_COIN',-8,2,'REVOKE',NULL,'{}','2025-12-16 10:22:56'),(488,95,'DICE_TOKEN',2,2,'GRANT',NULL,'{}','2025-12-16 10:23:46'),(489,95,'ROULETTE_COIN',-1,1,'ROULETTE_PLAY','룰렛티켓1장','{\"segment_id\": 54}','2025-12-16 10:25:35'),(490,95,'ROULETTE_COIN',1,2,'roulette_spin','AUTO_GRANT','{\"reason\": \"roulette_spin\", \"game_xp\": 5, \"segment_id\": 54}','2025-12-16 10:25:35'),(491,95,'ROULETTE_COIN',-1,1,'ROULETTE_PLAY','다음기회에','{\"segment_id\": 53}','2025-12-16 10:25:42'),(492,95,'ROULETTE_COIN',-1,0,'ROULETTE_PLAY','다음기회에','{\"segment_id\": 53}','2025-12-16 10:25:47'),(493,95,'DICE_TOKEN',-1,1,'DICE_PLAY','XMAS Dice - WIN','{\"result\": \"WIN\"}','2025-12-16 10:25:57'),(494,95,'ROULETTE_COIN',1,1,'LEVEL_REWARD','AUTO_GRANT','{\"level\": 1, \"source\": \"SEASON_PASS_AUTO_CLAIM\", \"trigger\": \"BONUS_XP\", \"xp_added\": 20, \"season_id\": 2}','2025-12-16 10:25:57'),(495,95,'DICE_TOKEN',-1,0,'DICE_PLAY','XMAS Dice - LOSE','{\"result\": \"LOSE\"}','2025-12-16 10:26:02'),(496,95,'DICE_TOKEN',1,1,'LEVEL_REWARD','AUTO_GRANT','{\"amount\": 1, \"reward_type\": \"TICKET_DICE\", \"toast_message\": \"주사위 티켓 지급\"}','2025-12-16 10:26:18'),(497,95,'ROULETTE_COIN',-1,0,'ROULETTE_PLAY','복권티켓1장','{\"segment_id\": 56}','2025-12-16 10:26:29'),(498,95,'LOTTERY_TICKET',1,1,'roulette_spin','AUTO_GRANT','{\"reason\": \"roulette_spin\", \"game_xp\": 5, \"segment_id\": 56}','2025-12-16 10:26:29'),(499,95,'DICE_TOKEN',-1,0,'DICE_PLAY','XMAS Dice - WIN','{\"result\": \"WIN\"}','2025-12-16 10:26:56'),(500,95,'DICE_TOKEN',1,1,'LEVEL_REWARD','AUTO_GRANT','{\"level\": 2, \"source\": \"SEASON_PASS_AUTO_CLAIM\", \"trigger\": \"BONUS_XP\", \"xp_added\": 20, \"season_id\": 2}','2025-12-16 10:26:56'),(501,95,'DICE_TOKEN',-1,0,'DICE_PLAY','XMAS Dice - LOSE','{\"result\": \"LOSE\"}','2025-12-16 10:27:01'),(502,95,'LOTTERY_TICKET',-1,0,'LOTTERY_PLAY','다음기회에','{\"prize_id\": 109}','2025-12-16 10:27:24'),(504,14,'DICE_TOKEN',-1,2,'DICE_PLAY','XMAS Dice - WIN','{\"result\": \"WIN\"}','2025-12-16 11:33:47'),(505,14,'DICE_TOKEN',-1,1,'DICE_PLAY','XMAS Dice - WIN','{\"result\": \"WIN\"}','2025-12-16 11:33:50'),(506,14,'ROULETTE_COIN',1,1,'LEVEL_REWARD','AUTO_GRANT','{\"level\": 3, \"source\": \"SEASON_PASS_AUTO_CLAIM\", \"trigger\": \"BONUS_XP\", \"xp_added\": 20, \"season_id\": 2}','2025-12-16 11:33:50'),(507,14,'DICE_TOKEN',-1,0,'DICE_PLAY','XMAS Dice - DRAW','{\"result\": \"DRAW\"}','2025-12-16 11:33:53'),(508,14,'ROULETTE_COIN',-1,0,'ROULETTE_PLAY','룰렛티켓1장','{\"segment_id\": 54}','2025-12-16 11:34:02'),(509,14,'ROULETTE_COIN',1,1,'roulette_spin','AUTO_GRANT','{\"reason\": \"roulette_spin\", \"game_xp\": 5, \"segment_id\": 54}','2025-12-16 11:34:02'),(510,14,'ROULETTE_COIN',-1,0,'ROULETTE_PLAY','다음기회에','{\"segment_id\": 53}','2025-12-16 11:34:07'),(511,21,'DICE_TOKEN',1,1,'LEVEL_REWARD','AUTO_GRANT','{\"amount\": 1, \"reward_type\": \"TICKET_DICE\", \"toast_message\": \"주사위 티켓 지급\"}','2025-12-16 11:47:15'),(512,58,'DICE_TOKEN',2,2,'LEVEL_REWARD','AUTO_GRANT','{\"level\": 6, \"source\": \"SEASON_PASS_AUTO_CLAIM\", \"trigger\": \"BONUS_XP\", \"xp_added\": 140, \"season_id\": 2}','2025-12-16 13:14:50'),(513,21,'ROULETTE_COIN',1,1,'LEVEL_REWARD','AUTO_GRANT','{\"level\": 1, \"source\": \"SEASON_PASS_AUTO_CLAIM\", \"trigger\": \"BONUS_XP\", \"xp_added\": 20, \"season_id\": 2}','2025-12-16 13:15:43'),(514,14,'LOTTERY_TICKET',1,1,'LEVEL_REWARD','AUTO_GRANT','{\"level\": 4, \"source\": \"SEASON_PASS_AUTO_CLAIM\", \"feature\": \"EXTERNAL_RANKING_TOP10\", \"trigger\": \"STAMP\", \"xp_added\": 20, \"season_id\": 2, \"stamp_count\": 1}','2025-12-16 13:17:17'),(515,12,'ROULETTE_COIN',-1,1,'ROULETTE_PLAY','룰렛티켓1장','{\"segment_id\": 54}','2025-12-16 13:21:26'),(516,12,'ROULETTE_COIN',1,2,'roulette_spin','AUTO_GRANT','{\"reason\": \"roulette_spin\", \"game_xp\": 5, \"segment_id\": 54}','2025-12-16 13:21:26'),(517,12,'ROULETTE_COIN',-1,1,'ROULETTE_PLAY','CC코인1개','{\"segment_id\": 57}','2025-12-16 13:21:31'),(518,12,'ROULETTE_COIN',-1,0,'ROULETTE_PLAY','주사위티켓2장','{\"segment_id\": 55}','2025-12-16 13:21:36'),(519,12,'DICE_TOKEN',2,5,'roulette_spin','AUTO_GRANT','{\"reason\": \"roulette_spin\", \"game_xp\": 5, \"segment_id\": 55}','2025-12-16 13:21:36'),(520,12,'DICE_TOKEN',-1,4,'DICE_PLAY','XMAS Dice - LOSE','{\"result\": \"LOSE\"}','2025-12-16 13:21:43'),(521,12,'DICE_TOKEN',-1,3,'DICE_PLAY','XMAS Dice - LOSE','{\"result\": \"LOSE\"}','2025-12-16 13:22:14'),(522,12,'DICE_TOKEN',-1,2,'DICE_PLAY','XMAS Dice - DRAW','{\"result\": \"DRAW\"}','2025-12-16 13:22:16'),(523,12,'DICE_TOKEN',-1,1,'DICE_PLAY','XMAS Dice - WIN','{\"result\": \"WIN\"}','2025-12-16 13:22:19'),(524,12,'DICE_TOKEN',-1,0,'DICE_PLAY','XMAS Dice - WIN','{\"result\": \"WIN\"}','2025-12-16 13:22:21'),(525,7,'ROULETTE_COIN',-1,9,'ROULETTE_PLAY','룰렛티켓1장','{\"segment_id\": 54}','2025-12-16 13:28:02'),(526,7,'ROULETTE_COIN',1,10,'roulette_spin','AUTO_GRANT','{\"reason\": \"roulette_spin\", \"game_xp\": 5, \"segment_id\": 54}','2025-12-16 13:28:02'),(527,7,'ROULETTE_COIN',-1,9,'ROULETTE_PLAY','룰렛티켓1장','{\"segment_id\": 54}','2025-12-16 13:28:06'),(528,7,'ROULETTE_COIN',1,10,'roulette_spin','AUTO_GRANT','{\"reason\": \"roulette_spin\", \"game_xp\": 5, \"segment_id\": 54}','2025-12-16 13:28:06'),(529,7,'ROULETTE_COIN',-1,9,'ROULETTE_PLAY','다음기회에','{\"segment_id\": 53}','2025-12-16 13:28:11'),(530,7,'ROULETTE_COIN',-1,8,'ROULETTE_PLAY','주사위티켓2장','{\"segment_id\": 55}','2025-12-16 13:28:16'),(531,7,'DICE_TOKEN',2,10,'roulette_spin','AUTO_GRANT','{\"reason\": \"roulette_spin\", \"game_xp\": 5, \"segment_id\": 55}','2025-12-16 13:28:16'),(532,7,'DICE_TOKEN',-1,9,'DICE_PLAY','XMAS Dice - LOSE','{\"result\": \"LOSE\"}','2025-12-16 13:28:20'),(533,7,'DICE_TOKEN',-1,8,'DICE_PLAY','XMAS Dice - WIN','{\"result\": \"WIN\"}','2025-12-16 13:28:22'),(534,7,'DICE_TOKEN',1,9,'LEVEL_REWARD','AUTO_GRANT','{\"level\": 2, \"source\": \"SEASON_PASS_AUTO_CLAIM\", \"trigger\": \"BONUS_XP\", \"xp_added\": 20, \"season_id\": 2}','2025-12-16 13:28:22'),(535,7,'DICE_TOKEN',-1,8,'DICE_PLAY','XMAS Dice - LOSE','{\"result\": \"LOSE\"}','2025-12-16 13:28:24'),(536,7,'DICE_TOKEN',-1,7,'DICE_PLAY','XMAS Dice - LOSE','{\"result\": \"LOSE\"}','2025-12-16 13:28:26'),(537,7,'DICE_TOKEN',-1,6,'DICE_PLAY','XMAS Dice - LOSE','{\"result\": \"LOSE\"}','2025-12-16 13:28:28'),(538,7,'DICE_TOKEN',-1,5,'DICE_PLAY','XMAS Dice - LOSE','{\"result\": \"LOSE\"}','2025-12-16 13:28:31'),(539,7,'DICE_TOKEN',-1,4,'DICE_PLAY','XMAS Dice - WIN','{\"result\": \"WIN\"}','2025-12-16 13:28:33'),(540,7,'ROULETTE_COIN',1,9,'LEVEL_REWARD','AUTO_GRANT','{\"level\": 3, \"source\": \"SEASON_PASS_AUTO_CLAIM\", \"trigger\": \"BONUS_XP\", \"xp_added\": 20, \"season_id\": 2}','2025-12-16 13:28:33'),(541,7,'DICE_TOKEN',-1,3,'DICE_PLAY','XMAS Dice - DRAW','{\"result\": \"DRAW\"}','2025-12-16 13:28:35'),(542,7,'LOTTERY_TICKET',-1,6,'LOTTERY_PLAY','주사위티켓2장','{\"prize_id\": 112}','2025-12-16 13:29:01'),(543,7,'DICE_TOKEN',5,8,'lottery_play','AUTO_GRANT','{\"reason\": \"lottery_play\", \"game_xp\": 5, \"prize_id\": 112}','2025-12-16 13:29:01'),(544,85,'DICE_TOKEN',-1,4,'DICE_PLAY','XMAS Dice - LOSE','{\"result\": \"LOSE\"}','2025-12-16 13:48:09'),(545,85,'ROULETTE_COIN',1,1,'LEVEL_REWARD','AUTO_GRANT','{\"level\": 3, \"source\": \"SEASON_PASS_AUTO_CLAIM\", \"trigger\": \"BONUS_XP\", \"xp_added\": 5, \"season_id\": 2}','2025-12-16 13:48:09'),(546,85,'DICE_TOKEN',-1,3,'DICE_PLAY','XMAS Dice - LOSE','{\"result\": \"LOSE\"}','2025-12-16 13:48:12'),(547,85,'DICE_TOKEN',-1,2,'DICE_PLAY','XMAS Dice - WIN','{\"result\": \"WIN\"}','2025-12-16 13:48:15'),(548,85,'DICE_TOKEN',-1,1,'DICE_PLAY','XMAS Dice - WIN','{\"result\": \"WIN\"}','2025-12-16 13:48:18'),(549,85,'DICE_TOKEN',-1,0,'DICE_PLAY','XMAS Dice - WIN','{\"result\": \"WIN\"}','2025-12-16 13:48:20'),(550,7,'ROULETTE_COIN',-1,8,'ROULETTE_PLAY','주사위티켓2장','{\"segment_id\": 60}','2025-12-16 13:59:55'),(551,7,'DICE_TOKEN',2,10,'roulette_spin','AUTO_GRANT','{\"reason\": \"roulette_spin\", \"game_xp\": 5, \"segment_id\": 60}','2025-12-16 13:59:55'),(552,7,'ROULETTE_COIN',-1,7,'ROULETTE_PLAY','맥날불고기세트','{\"segment_id\": 62}','2025-12-16 14:00:06'),(553,7,'DICE_TOKEN',-1,9,'DICE_PLAY','XMAS Dice - WIN','{\"result\": \"WIN\"}','2025-12-16 14:00:13'),(554,7,'LOTTERY_TICKET',-1,5,'LOTTERY_PLAY','주사위티켓 2장','{\"prize_id\": 114}','2025-12-16 14:00:26'),(555,7,'DICE_TOKEN',2,11,'lottery_play','AUTO_GRANT','{\"reason\": \"lottery_play\", \"game_xp\": 5, \"prize_id\": 114}','2025-12-16 14:00:26'),(556,92,'DICE_TOKEN',1,1,'LEVEL_REWARD','AUTO_GRANT','{\"amount\": 1, \"reward_type\": \"TICKET_DICE\", \"toast_message\": \"주사위 티켓 지급\"}','2025-12-16 14:24:13'),(557,92,'DICE_TOKEN',-1,0,'DICE_PLAY','XMAS Dice - WIN','{\"result\": \"WIN\"}','2025-12-16 14:24:37'),(558,14,'LOTTERY_TICKET',-1,0,'LOTTERY_PLAY','컴포즈아','{\"prize_id\": 115}','2025-12-16 17:38:37'),(559,26,'DICE_TOKEN',1,1,'LEVEL_REWARD','AUTO_GRANT','{\"amount\": 1, \"reward_type\": \"TICKET_DICE\", \"toast_message\": \"주사위 티켓 지급\"}','2025-12-16 17:59:30'),(560,26,'DICE_TOKEN',-1,0,'DICE_PLAY','XMAS Dice - WIN','{\"result\": \"WIN\"}','2025-12-16 17:59:52'),(561,30,'DICE_TOKEN',-1,0,'DICE_PLAY','XMAS Dice - WIN','{\"result\": \"WIN\"}','2025-12-16 22:38:42'),(562,85,'ROULETTE_COIN',-1,0,'ROULETTE_PLAY','주사위티켓2장','{\"segment_id\": 60}','2025-12-17 00:42:49'),(563,85,'DICE_TOKEN',2,2,'roulette_spin','AUTO_GRANT','{\"reason\": \"roulette_spin\", \"game_xp\": 5, \"segment_id\": 60}','2025-12-17 00:42:49'),(564,85,'DICE_TOKEN',-1,1,'DICE_PLAY','XMAS Dice - WIN','{\"result\": \"WIN\"}','2025-12-17 00:43:02'),(565,85,'LOTTERY_TICKET',1,1,'LEVEL_REWARD','AUTO_GRANT','{\"level\": 4, \"source\": \"SEASON_PASS_AUTO_CLAIM\", \"trigger\": \"BONUS_XP\", \"xp_added\": 20, \"season_id\": 2}','2025-12-17 00:43:02'),(566,85,'DICE_TOKEN',-1,0,'DICE_PLAY','XMAS Dice - WIN','{\"result\": \"WIN\"}','2025-12-17 00:43:05'),(567,85,'LOTTERY_TICKET',-1,0,'LOTTERY_PLAY','컴포즈아','{\"prize_id\": 115}','2025-12-17 00:43:16'),(568,21,'ROULETTE_COIN',-1,0,'ROULETTE_PLAY','주사위티켓2장','{\"segment_id\": 60}','2025-12-17 01:32:48'),(569,21,'DICE_TOKEN',2,3,'roulette_spin','AUTO_GRANT','{\"reason\": \"roulette_spin\", \"game_xp\": 5, \"segment_id\": 60}','2025-12-17 01:32:48'),(570,21,'DICE_TOKEN',-1,2,'DICE_PLAY','XMAS Dice - WIN','{\"result\": \"WIN\"}','2025-12-17 01:33:01'),(571,21,'DICE_TOKEN',-1,1,'DICE_PLAY','XMAS Dice - LOSE','{\"result\": \"LOSE\"}','2025-12-17 01:33:07'),(572,21,'DICE_TOKEN',-1,0,'DICE_PLAY','XMAS Dice - LOSE','{\"result\": \"LOSE\"}','2025-12-17 01:33:12'),(573,21,'DICE_TOKEN',1,1,'LEVEL_REWARD','AUTO_GRANT','{\"level\": 2, \"source\": \"SEASON_PASS_AUTO_CLAIM\", \"trigger\": \"BONUS_XP\", \"xp_added\": 5, \"season_id\": 2}','2025-12-17 01:33:12'),(574,21,'DICE_TOKEN',-1,0,'DICE_PLAY','XMAS Dice - DRAW','{\"result\": \"DRAW\"}','2025-12-17 01:33:20'),(575,12,'LOTTERY_TICKET',-1,0,'LOTTERY_PLAY','주사위티켓 2장','{\"prize_id\": 114}','2025-12-17 02:10:40'),(576,12,'DICE_TOKEN',2,2,'lottery_play','AUTO_GRANT','{\"reason\": \"lottery_play\", \"game_xp\": 5, \"prize_id\": 114}','2025-12-17 02:10:40'),(577,12,'DICE_TOKEN',-1,1,'DICE_PLAY','XMAS Dice - WIN','{\"result\": \"WIN\"}','2025-12-17 02:10:47'),(578,12,'DICE_TOKEN',-1,0,'DICE_PLAY','XMAS Dice - DRAW','{\"result\": \"DRAW\"}','2025-12-17 02:10:49'),(579,43,'ROULETTE_COIN',1,1,'LEVEL_REWARD','AUTO_GRANT','{\"level\": 3, \"source\": \"SEASON_PASS_AUTO_CLAIM\", \"trigger\": \"BONUS_XP\", \"xp_added\": 40, \"season_id\": 2}','2025-12-17 02:11:39'),(580,18,'ROULETTE_COIN',1,1,'LEVEL_REWARD','AUTO_GRANT','{\"level\": 3, \"source\": \"SEASON_PASS_AUTO_CLAIM\", \"trigger\": \"BONUS_XP\", \"xp_added\": 20, \"season_id\": 2}','2025-12-17 02:11:50'),(581,11,'DICE_TOKEN',2,2,'LEVEL_REWARD','AUTO_GRANT','{\"level\": 6, \"source\": \"SEASON_PASS_AUTO_CLAIM\", \"trigger\": \"BONUS_XP\", \"xp_added\": 80, \"season_id\": 2}','2025-12-17 02:12:10'),(582,26,'DICE_TOKEN',1,1,'LEVEL_REWARD','AUTO_GRANT','{\"level\": 2, \"source\": \"SEASON_PASS_AUTO_CLAIM\", \"trigger\": \"BONUS_XP\", \"xp_added\": 20, \"season_id\": 2}','2025-12-17 02:13:38'),(583,29,'LOTTERY_TICKET',1,1,'LEVEL_REWARD','AUTO_GRANT','{\"level\": 4, \"source\": \"SEASON_PASS_AUTO_CLAIM\", \"trigger\": \"BONUS_XP\", \"xp_added\": 80, \"season_id\": 2}','2025-12-17 02:14:14'),(584,48,'LOTTERY_TICKET',1,1,'LEVEL_REWARD','AUTO_GRANT','{\"level\": 4, \"source\": \"SEASON_PASS_AUTO_CLAIM\", \"trigger\": \"BONUS_XP\", \"xp_added\": 40, \"season_id\": 2}','2025-12-17 02:14:33'),(585,51,'DICE_TOKEN',1,1,'LEVEL_REWARD','AUTO_GRANT','{\"amount\": 1, \"reward_type\": \"TICKET_DICE\", \"toast_message\": \"주사위 티켓 지급\"}','2025-12-17 02:26:47'),(586,51,'DICE_TOKEN',-1,0,'DICE_PLAY','XMAS Dice - LOSE','{\"result\": \"LOSE\"}','2025-12-17 02:26:52'),(587,51,'DICE_TOKEN',2,2,'GRANT',NULL,'{}','2025-12-17 02:27:36'),(588,51,'DICE_TOKEN',-1,1,'DICE_PLAY','XMAS Dice - DRAW','{\"result\": \"DRAW\"}','2025-12-17 02:28:05'),(589,51,'DICE_TOKEN',-1,0,'DICE_PLAY','XMAS Dice - LOSE','{\"result\": \"LOSE\"}','2025-12-17 02:28:10'),(590,51,'ROULETTE_COIN',1,1,'GRANT',NULL,'{}','2025-12-17 02:28:48'),(591,51,'DICE_TOKEN',2,2,'GRANT',NULL,'{}','2025-12-17 02:28:51'),(592,51,'ROULETTE_COIN',-1,0,'ROULETTE_PLAY','다음기회에','{\"segment_id\": 59}','2025-12-17 02:28:58'),(593,51,'ROULETTE_COIN',1,1,'LEVEL_REWARD','AUTO_GRANT','{\"level\": 1, \"source\": \"SEASON_PASS_AUTO_CLAIM\", \"trigger\": \"BONUS_XP\", \"xp_added\": 5, \"season_id\": 2}','2025-12-17 02:28:58'),(594,51,'DICE_TOKEN',-1,1,'DICE_PLAY','XMAS Dice - LOSE','{\"result\": \"LOSE\"}','2025-12-17 02:29:05'),(595,51,'DICE_TOKEN',-1,0,'DICE_PLAY','XMAS Dice - LOSE','{\"result\": \"LOSE\"}','2025-12-17 02:29:08'),(596,51,'ROULETTE_COIN',-1,0,'ROULETTE_PLAY','주사위티켓2장','{\"segment_id\": 60}','2025-12-17 02:29:13'),(597,51,'DICE_TOKEN',2,2,'roulette_spin','AUTO_GRANT','{\"reason\": \"roulette_spin\", \"game_xp\": 5, \"segment_id\": 60}','2025-12-17 02:29:13'),(598,51,'DICE_TOKEN',-1,1,'DICE_PLAY','XMAS Dice - WIN','{\"result\": \"WIN\"}','2025-12-17 02:29:32'),(599,51,'DICE_TOKEN',1,2,'LEVEL_REWARD','AUTO_GRANT','{\"level\": 2, \"source\": \"SEASON_PASS_AUTO_CLAIM\", \"trigger\": \"BONUS_XP\", \"xp_added\": 20, \"season_id\": 2}','2025-12-17 02:29:32'),(600,51,'DICE_TOKEN',-1,1,'DICE_PLAY','XMAS Dice - LOSE','{\"result\": \"LOSE\"}','2025-12-17 02:29:35'),(601,51,'DICE_TOKEN',-1,0,'DICE_PLAY','XMAS Dice - LOSE','{\"result\": \"LOSE\"}','2025-12-17 02:29:40'),(602,26,'ROULETTE_COIN',1,1,'GRANT',NULL,'{}','2025-12-17 02:31:03'),(603,26,'DICE_TOKEN',2,3,'GRANT',NULL,'{}','2025-12-17 02:31:05'),(604,63,'LOTTERY_TICKET',1,1,'LEVEL_REWARD','AUTO_GRANT','{\"level\": 4, \"source\": \"SEASON_PASS_AUTO_CLAIM\", \"trigger\": \"BONUS_XP\", \"xp_added\": 40, \"season_id\": 2}','2025-12-17 02:42:48'),(605,16,'ROULETTE_COIN',-1,0,'ROULETTE_PLAY','주사위티켓2장','{\"segment_id\": 60}','2025-12-17 03:03:34'),(606,16,'DICE_TOKEN',2,3,'roulette_spin','AUTO_GRANT','{\"reason\": \"roulette_spin\", \"game_xp\": 5, \"segment_id\": 60}','2025-12-17 03:03:34'),(607,16,'LOTTERY_TICKET',-1,0,'LOTTERY_PLAY','주사위티켓 2장','{\"prize_id\": 114}','2025-12-17 03:03:44'),(608,16,'DICE_TOKEN',2,5,'lottery_play','AUTO_GRANT','{\"reason\": \"lottery_play\", \"game_xp\": 5, \"prize_id\": 114}','2025-12-17 03:03:44'),(609,16,'DICE_TOKEN',-1,4,'DICE_PLAY','XMAS Dice - WIN','{\"result\": \"WIN\"}','2025-12-17 03:04:13'),(610,16,'DICE_TOKEN',-1,3,'DICE_PLAY','XMAS Dice - WIN','{\"result\": \"WIN\"}','2025-12-17 03:04:16'),(611,16,'DICE_TOKEN',-1,2,'DICE_PLAY','XMAS Dice - WIN','{\"result\": \"WIN\"}','2025-12-17 03:04:18'),(612,16,'DICE_TOKEN',-1,1,'DICE_PLAY','XMAS Dice - LOSE','{\"result\": \"LOSE\"}','2025-12-17 03:04:21'),(613,16,'DICE_TOKEN',-1,0,'DICE_PLAY','XMAS Dice - WIN','{\"result\": \"WIN\"}','2025-12-17 03:04:25'),(614,26,'DICE_TOKEN',-1,2,'DICE_PLAY','XMAS Dice - WIN','{\"result\": \"WIN\"}','2025-12-17 03:14:42'),(615,26,'DICE_TOKEN',-1,1,'DICE_PLAY','XMAS Dice - WIN','{\"result\": \"WIN\"}','2025-12-17 03:14:50'),(616,26,'ROULETTE_COIN',1,2,'LEVEL_REWARD','AUTO_GRANT','{\"level\": 3, \"source\": \"SEASON_PASS_AUTO_CLAIM\", \"trigger\": \"BONUS_XP\", \"xp_added\": 20, \"season_id\": 2}','2025-12-17 03:14:50'),(617,26,'DICE_TOKEN',-1,0,'DICE_PLAY','XMAS Dice - LOSE','{\"result\": \"LOSE\"}','2025-12-17 03:14:54'),(618,26,'ROULETTE_COIN',-1,1,'ROULETTE_PLAY','다이소5천원','{\"segment_id\": 63}','2025-12-17 03:15:08'),(619,26,'ROULETTE_COIN',-1,0,'ROULETTE_PLAY','다이소5천원','{\"segment_id\": 63}','2025-12-17 03:15:17'),(620,55,'ROULETTE_COIN',1,1,'LEVEL_REWARD','AUTO_GRANT','{\"level\": 1, \"source\": \"SEASON_PASS_AUTO_CLAIM\", \"trigger\": \"BONUS_XP\", \"xp_added\": 60, \"season_id\": 2}','2025-12-17 03:47:18'),(621,55,'DICE_TOKEN',1,1,'LEVEL_REWARD','AUTO_GRANT','{\"level\": 2, \"source\": \"SEASON_PASS_AUTO_CLAIM\", \"trigger\": \"BONUS_XP\", \"xp_added\": 60, \"season_id\": 2}','2025-12-17 03:47:18'),(622,105,'ROULETTE_COIN',1,1,'LEVEL_REWARD','AUTO_GRANT','{\"level\": 1, \"source\": \"SEASON_PASS_AUTO_CLAIM\", \"trigger\": \"BONUS_XP\", \"xp_added\": 20, \"season_id\": 2}','2025-12-17 03:47:38'),(623,55,'DICE_TOKEN',1,2,'LEVEL_REWARD','AUTO_GRANT','{\"amount\": 1, \"reward_type\": \"TICKET_DICE\", \"toast_message\": \"주사위 티켓 지급\"}','2025-12-17 03:47:56'),(624,55,'ROULETTE_COIN',-1,0,'ROULETTE_PLAY','맥날불고기세트','{\"segment_id\": 62}','2025-12-17 03:48:03'),(625,55,'DICE_TOKEN',-1,1,'DICE_PLAY','XMAS Dice - LOSE','{\"result\": \"LOSE\"}','2025-12-17 03:48:10'),(626,55,'DICE_TOKEN',-1,0,'DICE_PLAY','XMAS Dice - WIN','{\"result\": \"WIN\"}','2025-12-17 03:48:14'),(627,55,'DICE_TOKEN',2,2,'GRANT',NULL,'{}','2025-12-17 03:49:09'),(628,55,'DICE_TOKEN',-1,1,'DICE_PLAY','XMAS Dice - WIN','{\"result\": \"WIN\"}','2025-12-17 03:49:15'),(629,55,'ROULETTE_COIN',1,1,'LEVEL_REWARD','AUTO_GRANT','{\"level\": 3, \"source\": \"SEASON_PASS_AUTO_CLAIM\", \"trigger\": \"BONUS_XP\", \"xp_added\": 20, \"season_id\": 2}','2025-12-17 03:49:15'),(630,55,'DICE_TOKEN',-1,0,'DICE_PLAY','XMAS Dice - WIN','{\"result\": \"WIN\"}','2025-12-17 03:49:19'),(631,39,'ROULETTE_COIN',1,1,'GRANT',NULL,'{}','2025-12-17 03:55:52'),(632,39,'DICE_TOKEN',2,2,'GRANT',NULL,'{}','2025-12-17 03:55:55'),(633,39,'LOTTERY_TICKET',1,1,'GRANT',NULL,'{}','2025-12-17 03:55:58'),(634,44,'DICE_TOKEN',2,2,'GRANT',NULL,'{}','2025-12-17 03:57:01'),(635,23,'ROULETTE_COIN',1,1,'GRANT',NULL,'{}','2025-12-17 03:57:23'),(636,23,'DICE_TOKEN',1,1,'GRANT',NULL,'{}','2025-12-17 03:57:25'),(637,23,'LOTTERY_TICKET',1,1,'GRANT',NULL,'{}','2025-12-17 03:57:27'),(638,43,'ROULETTE_COIN',-1,0,'ROULETTE_PLAY','주사위티켓2장','{\"segment_id\": 60}','2025-12-17 04:19:59'),(639,43,'DICE_TOKEN',2,2,'roulette_spin','AUTO_GRANT','{\"reason\": \"roulette_spin\", \"game_xp\": 5, \"segment_id\": 60}','2025-12-17 04:19:59'),(640,43,'DICE_TOKEN',-1,1,'DICE_PLAY','XMAS Dice - DRAW','{\"result\": \"DRAW\"}','2025-12-17 04:20:52'),(641,43,'DICE_TOKEN',-1,0,'DICE_PLAY','XMAS Dice - WIN','{\"result\": \"WIN\"}','2025-12-17 04:20:54'),(642,10,'DICE_TOKEN',-1,2,'DICE_PLAY','XMAS Dice - LOSE','{\"result\": \"LOSE\"}','2025-12-17 04:21:54'),(643,10,'DICE_TOKEN',-1,1,'DICE_PLAY','XMAS Dice - WIN','{\"result\": \"WIN\"}','2025-12-17 04:22:01'),(644,10,'DICE_TOKEN',-1,0,'DICE_PLAY','XMAS Dice - WIN','{\"result\": \"WIN\"}','2025-12-17 04:22:04'),(645,44,'ROULETTE_COIN',-1,0,'ROULETTE_PLAY','다음기회에','{\"segment_id\": 59}','2025-12-17 04:50:46'),(646,44,'DICE_TOKEN',-1,1,'DICE_PLAY','XMAS Dice - LOSE','{\"result\": \"LOSE\"}','2025-12-17 04:51:03'),(647,44,'DICE_TOKEN',-1,0,'DICE_PLAY','XMAS Dice - WIN','{\"result\": \"WIN\"}','2025-12-17 04:51:07'),(648,10,'LOTTERY_TICKET',-1,0,'LOTTERY_PLAY','CC코인1개','{\"prize_id\": 116}','2025-12-17 04:55:01'),(649,83,'ROULETTE_COIN',-1,0,'ROULETTE_PLAY','CC코인1','{\"segment_id\": 61}','2025-12-17 06:24:04'),(650,83,'DICE_TOKEN',-1,0,'DICE_PLAY','XMAS Dice - LOSE','{\"result\": \"LOSE\"}','2025-12-17 06:32:03'),(651,111,'ROULETTE_COIN',1,1,'GRANT',NULL,'{}','2025-12-17 06:39:01'),(652,111,'DICE_TOKEN',1,1,'GRANT',NULL,'{}','2025-12-17 06:39:03'),(653,111,'LOTTERY_TICKET',1,1,'GRANT',NULL,'{}','2025-12-17 06:39:04'),(654,39,'ROULETTE_COIN',-1,0,'ROULETTE_PLAY','맥날불고기세트','{\"segment_id\": 62}','2025-12-17 07:28:05'),(655,39,'DICE_TOKEN',-1,1,'DICE_PLAY','XMAS Dice - LOSE','{\"result\": \"LOSE\"}','2025-12-17 07:29:04'),(656,39,'DICE_TOKEN',-1,0,'DICE_PLAY','XMAS Dice - LOSE','{\"result\": \"LOSE\"}','2025-12-17 07:29:09'),(657,39,'LOTTERY_TICKET',-1,0,'LOTTERY_PLAY','배민 5천원','{\"prize_id\": 117}','2025-12-17 07:29:45'),(658,39,'LOTTERY_TICKET',1,1,'LEVEL_REWARD','AUTO_GRANT','{\"level\": 4, \"source\": \"SEASON_PASS_AUTO_CLAIM\", \"trigger\": \"BONUS_XP\", \"xp_added\": 5, \"season_id\": 2}','2025-12-17 07:29:45'),(659,41,'ROULETTE_COIN',1,1,'GRANT',NULL,'{}','2025-12-17 08:03:52'),(660,41,'DICE_TOKEN',2,2,'GRANT',NULL,'{}','2025-12-17 08:03:55'),(661,41,'LOTTERY_TICKET',1,1,'GRANT',NULL,'{}','2025-12-17 08:03:58'),(662,41,'ROULETTE_COIN',-1,0,'ROULETTE_PLAY','주사위티켓2장','{\"segment_id\": 60}','2025-12-17 08:13:04'),(663,41,'DICE_TOKEN',2,4,'roulette_spin','AUTO_GRANT','{\"reason\": \"roulette_spin\", \"game_xp\": 5, \"segment_id\": 60}','2025-12-17 08:13:04'),(664,41,'LOTTERY_TICKET',-1,0,'LOTTERY_PLAY','CC코인1개','{\"prize_id\": 116}','2025-12-17 08:13:15'),(665,41,'DICE_TOKEN',-1,3,'DICE_PLAY','XMAS Dice - DRAW','{\"result\": \"DRAW\"}','2025-12-17 08:13:24'),(666,41,'DICE_TOKEN',-1,2,'DICE_PLAY','XMAS Dice - LOSE','{\"result\": \"LOSE\"}','2025-12-17 08:13:27'),(667,41,'DICE_TOKEN',-1,1,'DICE_PLAY','XMAS Dice - LOSE','{\"result\": \"LOSE\"}','2025-12-17 08:13:30'),(668,41,'DICE_TOKEN',-1,0,'DICE_PLAY','XMAS Dice - LOSE','{\"result\": \"LOSE\"}','2025-12-17 08:13:32'),(669,7,'DICE_TOKEN',-1,10,'DICE_PLAY','XMAS Dice - WIN','{\"result\": \"WIN\"}','2025-12-17 09:13:59'),(670,7,'DICE_TOKEN',-1,9,'DICE_PLAY','XMAS Dice - DRAW','{\"result\": \"DRAW\"}','2025-12-17 09:14:02'),(671,7,'ROULETTE_COIN',-1,6,'ROULETTE_PLAY','다음기회에','{\"segment_id\": 59}','2025-12-17 09:14:10'),(672,7,'LOTTERY_TICKET',-1,4,'LOTTERY_PLAY','컴포즈아','{\"prize_id\": 115}','2025-12-17 09:14:21'),(673,7,'DICE_TOKEN',-1,8,'DICE_PLAY','XMAS Dice - LOSE','{\"result\": \"LOSE\"}','2025-12-17 09:24:32'),(674,7,'DICE_TOKEN',-1,7,'DICE_PLAY','XMAS Dice - WIN','{\"result\": \"WIN\"}','2025-12-17 09:24:35'),(675,7,'LOTTERY_TICKET',1,5,'LEVEL_REWARD','AUTO_GRANT','{\"level\": 4, \"source\": \"SEASON_PASS_AUTO_CLAIM\", \"trigger\": \"BONUS_XP\", \"xp_added\": 20, \"season_id\": 2}','2025-12-17 09:24:35'),(676,14,'DICE_TOKEN',2,2,'LEVEL_REWARD','AUTO_GRANT','{\"level\": 6, \"source\": \"SEASON_PASS_AUTO_CLAIM\", \"trigger\": \"BONUS_XP\", \"xp_added\": 40, \"season_id\": 2}','2025-12-17 10:03:43'),(677,74,'LOTTERY_TICKET',-1,0,'LOTTERY_PLAY','컴포즈아아','{\"prize_id\": 126}','2025-12-17 12:04:07'),(678,14,'DICE_TOKEN',-1,1,'DICE_PLAY','XMAS Dice - LOSE','{\"result\": \"LOSE\"}','2025-12-17 12:13:20'),(679,14,'DICE_TOKEN',-1,0,'DICE_PLAY','XMAS Dice - WIN','{\"result\": \"WIN\"}','2025-12-17 12:13:23'),(680,68,'ROULETTE_COIN',-1,0,'ROULETTE_PLAY','다이소5천원','{\"segment_id\": 63}','2025-12-17 13:36:54'),(681,18,'DICE_TOKEN',-1,1,'DICE_PLAY','XMAS Dice - LOSE','{\"result\": \"LOSE\"}','2025-12-17 13:58:12'),(682,18,'DICE_TOKEN',-1,0,'DICE_PLAY','XMAS Dice - LOSE','{\"result\": \"LOSE\"}','2025-12-17 13:58:14'),(683,18,'ROULETTE_COIN',-1,0,'ROULETTE_PLAY','다음기회에','{\"segment_id\": 59}','2025-12-17 13:58:20');
/*!40000 ALTER TABLE `user_game_wallet_ledger` ENABLE KEYS */;
UNLOCK TABLES;

--
-- Table structure for table `user_level_progress`
--

DROP TABLE IF EXISTS `user_level_progress`;
/*!40101 SET @saved_cs_client     = @@character_set_client */;
/*!50503 SET character_set_client = utf8mb4 */;
CREATE TABLE `user_level_progress` (
  `user_id` int NOT NULL,
  `level` int NOT NULL DEFAULT '1',
  `xp` int NOT NULL DEFAULT '0',
  `updated_at` datetime NOT NULL DEFAULT CURRENT_TIMESTAMP,
  PRIMARY KEY (`user_id`),
  CONSTRAINT `user_level_progress_ibfk_1` FOREIGN KEY (`user_id`) REFERENCES `user` (`id`) ON DELETE CASCADE
) ENGINE=InnoDB DEFAULT CHARSET=utf8mb4 COLLATE=utf8mb4_0900_ai_ci;
/*!40101 SET character_set_client = @saved_cs_client */;

--
-- Dumping data for table `user_level_progress`
--

LOCK TABLES `user_level_progress` WRITE;
/*!40000 ALTER TABLE `user_level_progress` DISABLE KEYS */;
/*!40000 ALTER TABLE `user_level_progress` ENABLE KEYS */;
UNLOCK TABLES;

--
-- Table structure for table `user_level_reward_log`
--

DROP TABLE IF EXISTS `user_level_reward_log`;
/*!40101 SET @saved_cs_client     = @@character_set_client */;
/*!50503 SET character_set_client = utf8mb4 */;
CREATE TABLE `user_level_reward_log` (
  `id` bigint NOT NULL AUTO_INCREMENT,
  `user_id` int NOT NULL,
  `level` int NOT NULL,
  `reward_type` varchar(50) NOT NULL,
  `reward_payload` json DEFAULT NULL,
  `auto_granted` tinyint(1) NOT NULL DEFAULT '0',
  `granted_by` int DEFAULT NULL,
  `created_at` datetime NOT NULL DEFAULT CURRENT_TIMESTAMP,
  PRIMARY KEY (`id`),
  UNIQUE KEY `uq_user_level_reward` (`user_id`,`level`),
  KEY `idx_ulrl_user_created` (`user_id`,`created_at`),
  CONSTRAINT `user_level_reward_log_ibfk_1` FOREIGN KEY (`user_id`) REFERENCES `user` (`id`) ON DELETE CASCADE
) ENGINE=InnoDB DEFAULT CHARSET=utf8mb4 COLLATE=utf8mb4_0900_ai_ci;
/*!40101 SET character_set_client = @saved_cs_client */;

--
-- Dumping data for table `user_level_reward_log`
--

LOCK TABLES `user_level_reward_log` WRITE;
/*!40000 ALTER TABLE `user_level_reward_log` DISABLE KEYS */;
/*!40000 ALTER TABLE `user_level_reward_log` ENABLE KEYS */;
UNLOCK TABLES;

--
-- Table structure for table `user_segment`
--

DROP TABLE IF EXISTS `user_segment`;
/*!40101 SET @saved_cs_client     = @@character_set_client */;
/*!50503 SET character_set_client = utf8mb4 */;
CREATE TABLE `user_segment` (
  `user_id` int NOT NULL,
  `segment` varchar(50) COLLATE utf8mb4_unicode_ci NOT NULL DEFAULT 'NEW',
  `updated_at` datetime NOT NULL DEFAULT CURRENT_TIMESTAMP,
  PRIMARY KEY (`user_id`),
  CONSTRAINT `user_segment_ibfk_1` FOREIGN KEY (`user_id`) REFERENCES `user` (`id`) ON DELETE CASCADE
) ENGINE=InnoDB DEFAULT CHARSET=utf8mb4 COLLATE=utf8mb4_unicode_ci;
/*!40101 SET character_set_client = @saved_cs_client */;

--
-- Dumping data for table `user_segment`
--

LOCK TABLES `user_segment` WRITE;
/*!40000 ALTER TABLE `user_segment` DISABLE KEYS */;
INSERT INTO `user_segment` VALUES (6,'ACTIVE_RECENT','2025-12-16 06:45:59'),(7,'ACTIVE_RECENT','2025-12-16 06:45:59'),(8,'ACTIVE_RECENT','2025-12-16 06:45:59'),(9,'ACTIVE_RECENT','2025-12-16 06:45:59'),(10,'VIP','2025-12-16 06:40:59'),(11,'VIP','2025-12-16 08:21:58'),(12,'VIP','2025-12-16 06:40:59'),(14,'ACTIVE_RECENT','2025-12-16 06:45:59'),(15,'ACTIVE_RECENT','2025-12-16 06:45:59'),(16,'VIP','2025-12-16 08:21:58'),(17,'NEW','2025-12-16 06:40:59'),(18,'ACTIVE_RECENT','2025-12-16 06:45:59'),(19,'NEW','2025-12-16 06:40:59'),(20,'ACTIVE_RECENT','2025-12-16 06:45:59'),(21,'ACTIVE_RECENT','2025-12-16 06:45:59'),(22,'ACTIVE_RECENT','2025-12-16 06:45:59'),(23,'ACTIVE_RECENT','2025-12-16 06:45:59'),(24,'NEW','2025-12-16 06:40:59'),(25,'ACTIVE_RECENT','2025-12-16 06:45:59'),(26,'ACTIVE_RECENT','2025-12-16 06:45:59'),(27,'NEW','2025-12-16 06:40:59'),(29,'ACTIVE_RECENT','2025-12-16 06:45:59'),(30,'ACTIVE_RECENT','2025-12-16 08:21:58'),(31,'NEW','2025-12-16 06:40:59'),(32,'NEW','2025-12-16 06:40:59'),(33,'ACTIVE_RECENT','2025-12-16 06:45:59'),(34,'NEW','2025-12-16 06:40:59'),(35,'ACTIVE_RECENT','2025-12-16 06:45:59'),(36,'NEW','2025-12-16 06:40:59'),(37,'NEW','2025-12-16 06:40:59'),(38,'NEW','2025-12-16 06:40:59'),(39,'ACTIVE_RECENT','2025-12-16 06:45:59'),(40,'NEW','2025-12-16 06:40:59'),(41,'ACTIVE_RECENT','2025-12-16 08:21:58'),(42,'NEW','2025-12-16 06:40:59'),(43,'ACTIVE_RECENT','2025-12-16 06:45:59'),(44,'ACTIVE_RECENT','2025-12-16 06:45:59'),(45,'ACTIVE_RECENT','2025-12-16 06:45:59'),(46,'NEW','2025-12-16 06:40:59'),(47,'NEW','2025-12-16 06:40:59'),(48,'ACTIVE_RECENT','2025-12-16 06:45:59'),(50,'ACTIVE_RECENT','2025-12-16 06:45:59'),(51,'NEW','2025-12-16 06:40:59'),(52,'ACTIVE_RECENT','2025-12-16 06:45:59'),(53,'NEW','2025-12-16 06:40:59'),(54,'NEW','2025-12-16 06:40:59'),(55,'NEW','2025-12-16 06:40:59'),(56,'ACTIVE_RECENT','2025-12-16 06:45:59'),(57,'ACTIVE_RECENT','2025-12-16 06:45:59'),(58,'VIP','2025-12-16 06:40:59'),(59,'NEW','2025-12-16 06:40:59'),(60,'NEW','2025-12-16 06:40:59'),(61,'NEW','2025-12-16 06:40:59'),(62,'NEW','2025-12-16 06:40:59'),(63,'ACTIVE_RECENT','2025-12-16 06:45:59'),(64,'ACTIVE_RECENT','2025-12-16 06:45:59'),(65,'NEW','2025-12-16 06:40:59'),(66,'NEW','2025-12-16 06:40:59'),(67,'ACTIVE_RECENT','2025-12-16 06:45:59'),(68,'ACTIVE_RECENT','2025-12-16 06:45:59'),(69,'ACTIVE_RECENT','2025-12-16 06:45:59'),(70,'ACTIVE_RECENT','2025-12-16 06:45:59'),(71,'NEW','2025-12-16 06:40:59'),(72,'NEW','2025-12-16 06:40:59'),(73,'NEW','2025-12-16 06:40:59'),(74,'NEW','2025-12-16 06:40:59'),(75,'ACTIVE_RECENT','2025-12-16 08:21:58'),(76,'NEW','2025-12-16 06:40:59'),(77,'NEW','2025-12-16 06:40:59'),(80,'NEW','2025-12-16 06:40:59'),(82,'ACTIVE_RECENT','2025-12-16 08:21:58'),(83,'ACTIVE_RECENT','2025-12-16 08:21:58'),(84,'ACTIVE_RECENT','2025-12-16 08:21:58'),(85,'ACTIVE_RECENT','2025-12-16 08:21:58'),(86,'NEW','2025-12-16 08:21:58'),(88,'NEW','2025-12-16 08:21:58'),(89,'NEW','2025-12-16 08:30:55'),(90,'NEW','2025-12-16 08:30:53'),(92,'NEW','2025-12-16 08:58:52'),(95,'NEW','2025-12-16 10:24:22'),(104,'NEW','2025-12-17 06:41:04'),(105,'NEW','2025-12-17 06:41:02'),(106,'NEW','2025-12-17 06:41:02'),(107,'NEW','2025-12-17 06:41:01'),(108,'NEW','2025-12-17 06:41:00'),(109,'NEW','2025-12-17 06:41:00'),(110,'NEW','2025-12-17 06:40:59'),(111,'NEW','2025-12-17 06:40:58');
/*!40000 ALTER TABLE `user_segment` ENABLE KEYS */;
UNLOCK TABLES;

--
-- Table structure for table `user_xp_event_log`
--

DROP TABLE IF EXISTS `user_xp_event_log`;
/*!40101 SET @saved_cs_client     = @@character_set_client */;
/*!50503 SET character_set_client = utf8mb4 */;
CREATE TABLE `user_xp_event_log` (
  `id` bigint NOT NULL AUTO_INCREMENT,
  `user_id` int NOT NULL,
  `source` varchar(100) NOT NULL,
  `delta` int NOT NULL,
  `meta` json DEFAULT NULL,
  `created_at` datetime NOT NULL DEFAULT CURRENT_TIMESTAMP,
  PRIMARY KEY (`id`),
  KEY `idx_uxel_user_created` (`user_id`,`created_at`),
  CONSTRAINT `user_xp_event_log_ibfk_1` FOREIGN KEY (`user_id`) REFERENCES `user` (`id`) ON DELETE CASCADE
) ENGINE=InnoDB DEFAULT CHARSET=utf8mb4 COLLATE=utf8mb4_0900_ai_ci;
/*!40101 SET character_set_client = @saved_cs_client */;

--
-- Dumping data for table `user_xp_event_log`
--

LOCK TABLES `user_xp_event_log` WRITE;
/*!40000 ALTER TABLE `user_xp_event_log` DISABLE KEYS */;
/*!40000 ALTER TABLE `user_xp_event_log` ENABLE KEYS */;
UNLOCK TABLES;
/*!40103 SET TIME_ZONE=@OLD_TIME_ZONE */;

/*!40101 SET SQL_MODE=@OLD_SQL_MODE */;
/*!40014 SET FOREIGN_KEY_CHECKS=@OLD_FOREIGN_KEY_CHECKS */;
/*!40014 SET UNIQUE_CHECKS=@OLD_UNIQUE_CHECKS */;
/*!40101 SET CHARACTER_SET_CLIENT=@OLD_CHARACTER_SET_CLIENT */;
/*!40101 SET CHARACTER_SET_RESULTS=@OLD_CHARACTER_SET_RESULTS */;
/*!40101 SET COLLATION_CONNECTION=@OLD_COLLATION_CONNECTION */;
/*!40111 SET SQL_NOTES=@OLD_SQL_NOTES */;

-- Dump completed on 2025-12-17 23:16:47
