아이디,코드,닉네임,등급,이름,번호,충전,환전,마진,접속날짜,통화내용
eutr6570,jimin01 (B),봄꽃잎,2레벨,조규완,010-8936-2941,"22,060,000","22,790,000","-730,000",2026-01-15,
hjer5429,jimin01 (B),정우성,2레벨,박관종,010-4903-5418,"23,120,000","23,930,000","-810,000",2026-01-15,
msys1211,jimin01 (B),아사카,2레벨,송윤서,010-4186-1060,"18,440,000","19,390,000","-950,000",2026-01-15,
dyddlguddk,jimin01 (B),persipic,4레벨,최재훈,010-5610-2417,"195,320,000","200,740,000","-5,420,000",2026-01-15,
madagas,jimin01 (B),크리스토퍼,2레벨,조봉진,010-7758-1257,"17,560,000","17,880,000","-320,000",2026-01-15,
alstn12,jimin01 (B),민똘이,1레벨,현민수,010-9511-3437,"9,060,000","9,480,000","-420,000",2026-01-15,
wook,jimin01 (B),워터보이,(이벤트) 골드,정동욱,010-2231-6035,"7,000,000","9,730,000","-2,730,000",2026-01-15,
dongccuu3152,jimin01 (B),동추,1레벨,오동수,010-3384-5623,"13,450,000","5,000,000","8,450,000",2026-01-15,
rlckd207,jimin01 (B),매루티,1레벨,최기창,010-6706-8012,"230,000",0,"230,000",2026-01-15,
wnaus0435,jimin01 (B),자르반이큐,2레벨,엄주면,010-9885-2203,"2,200,000","410,000","1,790,000",2026-01-15,
ootd030414,jimin01 (B),오오티뒤,1레벨,장범수,010-9768-5154,"100,000","750,000","-650,000",2026-01-14,
knj1515,jimin01 (B),돈따묵쟈,2레벨,최락천,010-6354-9360,"11,140,000","7,010,000","4,130,000",2026-01-14,
hook88,jimin01 (B),짱맨,3레벨,임준범,010-4884-2122,"11,660,000","11,860,000","-200,000",2026-01-14,
book3124,jimin01 (B),기프트,1레벨,김현규,010-8819-1155,"10,910,000","10,980,000","-70,000",2026-01-14,
rudals8424,jimin01 (B),야구도둑,1레벨,배상열,010-7607-2857,"50,000","110,000","-60,000",2026-01-14,
tjswlgh,jimin01 (B),가버렷,2레벨,선지호,010-4092-4794,"1,610,000","1,000,000","610,000",2026-01-14,
pkdias,jimin01 (B),결국모카,1레벨,정경욱,010-8176-6982,"200,000",0,"200,000",2026-01-14,
hunki95,jimin01 (B),콩이랑,1레벨,이훈기,010-8173-2701,"740,000","720,000","20,000",2026-01-13,
myyou80,jimin01 (B),세상은참,1레벨,이진숙,010-5729-5516,"1,020,000","650,000","370,000",2026-01-13,
solo1231,jimin01 (B),지수공주,1레벨,조영훈,010-5551-1906,"100,000","350,000","-250,000",2026-01-13,
popo115,jimin01 (B),성민이,1레벨,이용운,010-7533-3082,"5,690,000","5,690,000",0,2026-01-12,
koohw819,jimin01 (B),룰렛왕,1레벨,구현우,010-8446-1072,"580,000","550,000","30,000",2026-01-11,
worud12,jimin01 (B),라오스으,1레벨,유재경,010-4358-5204,"2,430,000","2,150,000","280,000",2026-01-11,
whwkfl123,jimin01 (B),자리,4레벨,조정민,010-8920-4180,"2,180,000","910,000","1,270,000",2026-01-11,
ysd010,jimin01 (B),파즐리,1레벨,김태민,010-2665-0668,"50,000",0,"50,000",2026-01-11,
coffees2,jimin01 (B),커피사랑,(코인) 골드,커피사랑,010-2222-2222,"54,148,631","65,490,000","-11,341,369",2026-01-11,
gold29,jimin01 (B),종이형님,1레벨,박주호,010-5912-9305,"60,000","10,000","50,000",2026-01-11,
peace30922,jimin01 (B),피슈웅,1레벨,신평화,010-3936-2084,"100,000","210,000","-110,000",2026-01-10,
gnsdl5480,jimin01 (B),오존스야,1레벨,정경훈,010-4944-5480,"310,000",0,"310,000",2026-01-10,
1031miso,jimin01 (B),미소1031,2레벨,김영진,010-3972-1912,"3,120,000","1,260,000","1,860,000",2026-01-10,
angel1004,jimin01 (B),물렁콩,1레벨,김종준,010-8379-8418,"200,000",0,"200,000",2026-01-10,
kjt1482,jimin01 (B),춘식익,1레벨,김준태,010-2440-6207,"300,000","370,000","-70,000",2026-01-10,
axszscdx,jimin01 (B),누워서젖먹기,1레벨,정윤섭,010-2767-6997,"100,000",0,"100,000",2026-01-10,
knkcoo,jimin01 (B),공칠이,1레벨,최지훈,010-7509-9694,"270,000","370,000","-100,000",2026-01-10,
bts44811,jimin01 (B),지민잼민,1레벨,배태성,010-2673-4481,"1,600,000","500,000","1,100,000",2026-01-10,
rhkdwns1,jimin01 (B),디기디,1레벨,배광준,010-5052-2418,"30,000",0,"30,000",2026-01-10,
kksy123,jimin02 (C),필따,2레벨,박서준,010-8510-8186,"7,140,000","5,720,000","1,420,000",2026-01-08,
rksekel13,jimin01 (B),저우저우,1레벨,신동화,010-8866-7796,"1,000,000","1,570,000","-570,000",2026-01-08,
p21212,jimin01 (B),낯선그림자,2레벨,박재구,010-8475-5037,"800,000",0,"800,000",2026-01-06,
torry77,jimin01 (B),캐슬김신,1레벨,염승민,010-7507-4114,"110,000","10,000","100,000",2026-01-06,
imanuel4,jimin01 (B),박임마누엘,1레벨,박준호,010-3907-6909,"7,660,000","12,920,000","-5,260,000",2026-01-06,
irem1515,jimin01 (B),개근본,1레벨,박경주,010-8443-6671,"8,800,000","5,660,000","3,140,000",2026-01-06,
jhwan123,jimin01 (B),진시황제,1레벨,진승환,010-8242-0484,"240,000","60,000","180,000",2026-01-06,
bh123,jimin01 (B),키미2,1레벨,김보현,010-7561-4938,"130,000",0,"130,000",2026-01-06,
tnqusfh123,jimin01 (B),행쥬,1레벨,이헌주,010-8246-3534,"300,000","470,000","-170,000",2026-01-05,
rlgnsok,jimin01 (B),초보베터,1레벨,김기훈,010-9537-4617,"60,000","70,000","-10,000",2026-01-05,
kqooe899,jimin01 (B),라라뿌,1레벨,최정윤,010-4106-3320,"9,860,000","12,310,000","-2,450,000",2026-01-05,
qkqk0101,jimin01 (B),해조다요,1레벨,김윤한,010-3478-4401,"10,000",0,"10,000",2026-01-05,
zzzxc123,jimin01 (B),내놔라잭팟,1레벨,윤지수,010-8570-4090,"880,000","500,000","380,000",2026-01-05,
sono123,jimin01 (B),접시접시,1레벨,류상우,010-5649-3262,"410,000","840,000","-430,000",2026-01-05,
wjd7611,jimin01 (B),레몬향,1레벨,정한성,010-7380-6061,"1,000,000",0,"1,000,000",2026-01-05,
kmins22,jimin01 (B),일등당첨,1레벨,김민석,010-9093-9381,"10,860,000","11,120,000","-260,000",2026-01-05,
dodoba1,jimin01 (B),도베르만,1레벨,정재권,010-9455-9573,"9,960,000","11,590,000","-1,630,000",2026-01-05,
okok11,jimin01 (B),다따보자,1레벨,김형길,010-5906-2909,"670,000",0,"670,000",2026-01-05,
qkq59,jimin01 (B),돈머니돈,1레벨,변대성,010-4876-3931,"390,000","200,000","190,000",2026-01-04,
kcc0303,jimin01 (B),제마,1레벨,원지성,010-5084-7237,"100,000",0,"100,000",2026-01-02,
hyun7899,jimin01 (B),왕지형,1레벨,윤창현,010-8226-6481,"13,730,000","14,510,000","-780,000",2026-01-01,
gg1039,jimin01 (B),윤도현,1레벨,윤도현,010-8306-1039,"50,000","170,000","-120,000",2026-01-01,
ryan0218,jimin02 (C),ryan0218,1레벨,은종화,010-7585-0371,"150,000",0,"150,000",2026-01-01,
did4274,jimin01 (B),아유모,1레벨,양윤모,010-4160-2880,"10,000",0,"10,000",2026-01-01,
bs0418,jimin01 (B),김민저이,1레벨,김병선,010-7715-0360,"680,000","1,640,000","-960,000",2026-01-01,
galaxy1,jimin01 (B),우주를줄께,1레벨,정우재,010-3918-7591,"450,000","240,000","210,000",2026-01-01,
jj7776,jimin01 (B),리스카이,1레벨,이선숙,010-8969-5837,"2,130,000","570,000","1,560,000",2026-01-01,
rlawjd639,jimin01 (B),유유이,1레벨,김정복,010-7903-1729,"160,000","10,000","150,000",2025-12-31,
dlwlsgur,jimin01 (B),지녁이,1레벨,이진혁,010-5674-1540,"50,000",0,"50,000",2025-12-31,
jae001245,jimin01 (B),마왕피씨방,1레벨,서재윤,010-6447-6650,"3,800,000","1,360,000","2,440,000",2025-12-31,
koma77,jimin01 (B),허거덩,1레벨,김윤성,010-8697-5537,"3,500,000","7,840,000","-4,340,000",2025-12-31,
dalrura1,jimin01 (B),달려링,1레벨,김시윤,010-6313-8049,"200,000","700,000","-500,000",2025-12-31,
sjj01,jimin01 (B),요리,1레벨,정석주,010-5929-7259,"2,020,000","690,000","1,330,000",2025-12-29,
totowin89,jimin01 (B),이토토,골드,이재호,010-2312-6834,"3,370,000","3,610,000","-240,000",2025-12-29,
jdj2749,jimin01 (B),신선로,1레벨,정성진,010-5615-2749,"50,000","220,000","-170,000",2025-12-27,
chu6568,jimin01 (B),으음야,1레벨,정대승,010-9617-8867,"130,000","270,000","-140,000",2025-12-27,
gojaewoo892,jimin01 (B),배곧재우,1레벨,고재우,010-7341-0844,"150,000","240,000","-90,000",2025-12-26,
ranos2,jimin01 (B),에버리치,3레벨,박성배,010-4735-5882,"1,300,000","1,440,000","-140,000",2025-12-26,
wtoadd15,jimin01 (B),가닥다,1레벨,서혜성,010-7520-8622,"200,000","440,000","-240,000",2025-12-26,
chol77,jimin01 (B),민아가자,1레벨,김현철,010-5719-2488,"30,000",0,"30,000",2025-12-25,
wotj1028,jimin01 (B),타이장인,2레벨,이재서,010-7990-7872,"1,000,000",0,"1,000,000",2025-12-25,
ckj5951,jimin01 (B),갓세정,1레벨,차상준,010-3469-4504,"50,000",0,"50,000",2025-12-25,
yjy003,jimin01 (B),케바케,2레벨,김대환,010-8756-3247,"100,000",0,"100,000",2025-12-24,
slmez97,jimin01 (B),롸롸승,1레벨,이승민,010-8297-4672,"200,000","10,000","190,000",2025-12-24,
sangyeon11,jimin01 (B),상욘이당당,1레벨,문상연,010-8319-3695,"200,000","10,000","190,000",2025-12-24,
leo6935,jimin01 (B),기므또,1레벨,김도형,010-4338-9522,"40,000",0,"40,000",2025-12-22,
krong1112,jimin01 (B),나도사람이다,1레벨,한유일,010-3901-2588,"10,000",0,"10,000",2025-12-22,
toae5115,jimin01 (B),세신소,1레벨,최은석,010-7518-7642,"200,000",0,"200,000",2025-12-21,
vovo555,jimin01 (B),벵에돔낚시,1레벨,이준희,010-9477-0996,"100,000",0,"100,000",2025-12-21,
uuuyaw777,jimin01 (B),나참동,1레벨,김종원,010-4446-4131,"10,410,000","9,800,000","610,000",2025-12-20,
qowlgks1100,jimin01 (B),휴식시간,1레벨,김지한,010-2255-2045,"100,000",0,"100,000",2025-12-19,
dkwl123,jimin01 (B),승아지,1레벨,이승혁,010-3966-6108,"790,000","80,000","710,000",2025-12-19,
hoon1010,jimin01 (B),퉁가리,1레벨,배승희,010-8018-7498,"540,000","900,000","-360,000",2025-12-18,
qoo1098,jimin01 (B),스오도고,1레벨,황진욱,010-7464-5542,"210,000","10,000","200,000",2025-12-17,
junsajfy,jimin01 (B),잉야,2레벨,유준상,010-9151-5775,"830,000",0,"830,000",2025-12-16,
follow11,jimin01 (B),성주니야,1레벨,김성준,010-2823-9532,"500,000","930,000","-430,000",2025-12-16,
dkdlpe3847,jimin01 (B),한쿡남자,1레벨,이민,010-7904-3847,"300,000","300,000",0,2025-12-16,
everlg,jimin01 (B),무주공산,1레벨,이영철,010-7409-7850,"300,000",0,"300,000",2025-12-16,
kos951464,jimin01 (B),고고천사,1레벨,권오석,010-8218-0391,"500,000",0,"500,000",2025-12-15,
dyoy244,jimin01 (B),아우울상,1레벨,조현동,010-6738-3544,"200,000","220,000","-20,000",2025-12-15,
snown70,jimin01 (B),여수끼끼,1레벨,한종수,010-7418-7964,"300,000","10,000","290,000",2025-12-15,
jjh09093,jimin01 (B),ppoodd,1레벨,김민석,010-2807-5145,"8,830,000","3,390,000","5,440,000",2025-12-15,
okpp12,jimin01 (B),여가아,1레벨,이승훈,010-9108-6438,"900,000","2,360,000","-1,460,000",2025-12-14,
alsqh2291,jimin01 (B),민보이,1레벨,김민준,010-9971-2516,"100,000","190,000","-90,000",2025-12-14,
park8013,jimin01 (B),역배무잡이,1레벨,박진영,010-4041-7021,"100,000",0,"100,000",2025-12-13,
bpcp99,jimin01 (B),승부사,(코인) 골드,정지원,010-7241-2420,"399,811",0,"399,811",2025-12-13,
kjk3713,jimin02 (C),걸리면다이,1레벨,김진규,010-2089-4053,"140,000","260,000","-120,000",2025-12-13,
qwer8308,jimin01 (B),키네,1레벨,김진안,010-6657-8308,"540,000","900,000","-360,000",2025-12-12,
hogo123,jimin01 (B),나는딴다,1레벨,이명호,010-9944-4427,"150,000",0,"150,000",2025-12-12,
tlsdnals789,jimin01 (B),으민12,1레벨,신우민,010-4314-8897,"100,000","110,000","-10,000",2025-12-12,
wlstla11,jimin01 (B),진심펀치,1레벨,김성중,010-5871-6347,"100,000",0,"100,000",2025-12-12,
ekqls02,jimin01 (B),짱비,1레벨,이다빈,010-2104-0955,"180,000","730,000","-550,000",2025-12-11,
bmwwm4,jimin01 (B),비엠따블유,1레벨,길지원,010-3599-0987,"2,200,000","1,810,000","390,000",2025-12-11,
hio1250,jimin01 (B),힙합중,1레벨,곽민재,010-3987-4629,"200,000","360,000","-160,000",2025-12-11,
yoya1004,jimin01 (B),마루뉨,1레벨,박동성,010-5514-2474,"5,100,000","600,000","4,500,000",2025-12-11,
reos00,jimin01 (B),만기짜응,1레벨,이형주,010-2094-1283,"100,000","270,000","-170,000",2025-12-10,
ccghkw4154,jimin01 (B),화랑,1레벨,유화중,010-4298-5960,"300,000","20,000","280,000",2025-12-10,
kirm1234,jimin02 (C),대박군,1레벨,박지범,010-2897-6974,"170,000","310,000","-140,000",2025-12-09,
jbjb12jj,jimin01 (B),쩨삐,1레벨,유준범,010-4396-7241,"100,000","320,000","-220,000",2025-12-09,
wtrji9sjoi15,jimin01 (B),오냄새,1레벨,김성진,010-5614-2935,"200,000",0,"200,000",2025-12-07,
ojh1530,jimin01 (B),푸짐이,1레벨,오정현,010-8935-1530,"200,000",0,"200,000",2025-12-06,
spade777,jimin01 (B),사랑해요센세,1레벨,오관택,010-8261-7634,"210,000","380,000","-170,000",2025-12-06,
xoghks785,jimin01 (B),안돼,1레벨,정태준,010-5854-4285,"30,000",0,"30,000",2025-12-03,
azsxdc,jimin01 (B),지수꺼,1레벨,노윤철,010-7585-7778,"840,000","410,000","430,000",2025-12-03,
ccc000,jimin01 (B),바카라신,1레벨,김정윤,010-8387-7260,"230,000","90,000","140,000",2025-12-03,
gjriss2543,jimin01 (B),눈물샤워,1레벨,신자원,010-6608-7294,"100,000","240,000","-140,000",2025-11-29,
sutake0421,jimin01 (B),하러운,1레벨,정수택,010-8322-6538,"10,000",0,"10,000",2025-11-28,
ajfk984,jimin01 (B),마이럽,1레벨,김병현,010-4487-4515,"600,000","2,000,000","-1,400,000",2025-11-28,
soongs4917,jimin01 (B),송무식,1레벨,송평환,010-2296-4917,"700,000","1,440,000","-740,000",2025-11-27,
gkdnld1,jimin01 (B),가능용,1레벨,박지태,010-3708-1496,"1,000,000","2,000,000","-1,000,000",2025-11-27,
qjshhi1145,jimin01 (B),우리사랑,1레벨,박의열,010-9801-1399,"500,000","1,070,000","-570,000",2025-11-27,
kokk1125,jimin01 (B),거누핑,1레벨,김건우,010-7686-4212,"100,000","210,000","-110,000",2025-11-27,
wptmvj72,jimin01 (B),제스퍼,1레벨,박성규,010-9487-0540,"700,000","880,000","-180,000",2025-11-27,
qktgar4,jimin01 (B),크롱이,1레벨,정현석,010-4668-6626,"700,000",0,"700,000",2025-11-27,
crong79,jimin01 (B),크로우저,1레벨,조원재,010-7682-9694,"10,000","20,000","-10,000",2025-11-26,
hj782917,jimin01 (B),제트장인,1레벨,한기현,010-8245-7903,"10,000",0,"10,000",2025-11-26,
ypooq1,jimin01 (B),고구마파이,1레벨,김태민,010-5207-1281,"100,000","230,000","-130,000",2025-11-26,
ybh7583,jimin01 (B),플충이,1레벨,윤병희,010-7583-6175,"100,000","400,000","-300,000",2025-11-24,
jyp15,jimin01 (B),십오야,1레벨,홍창우,010-2798-3064,"200,000",0,"200,000",2025-11-24,
qwe112,jimin01 (B),팡이,1레벨,이민혁,010-8488-8221,"30,000",0,"30,000",2025-11-22,
tksosha1,jimin01 (B),공공이,1레벨,김동현,010-9716-0192,"100,000",0,"100,000",2025-11-21,
sisoller5565,jimin01 (B),백풍도사,(코인) 골드,백성철,010-4054-2762,"101,262",0,"101,262",2025-11-21,
sodkqa4,jimin01 (B),오삼불고기,1레벨,박도윤,010-6254-3286,"100,000","200,000","-100,000",2025-11-21,
wfjow909,jimin01 (B),낙지망,1레벨,양동민,010-6325-8061,"200,000",0,"200,000",2025-11-21,
dlwjddks1004,jimin01 (B),돈죠요,1레벨,이승우,010-8260-8773,"100,000","450,000","-350,000",2025-11-19,
happy00,jimin01 (B),부자가,1레벨,신재성,010-2662-0911,"50,000","240,000","-190,000",2025-11-19,
yhb5488,jimin01 (B),이선호골,1레벨,윤한비,010-3345-5488,"100,000","900,000","-800,000",2025-11-18,
mrlin4844,jimin01 (B),마카오린,1레벨,임성우,010-7776-4844,"50,000","10,000","40,000",2025-11-17,
dohuun02,jimin01 (B),영하19도,1레벨,강동훈,010-3022-9543,"800,000","4,560,000","-3,760,000",2025-11-17,
daldi21,jimin01 (B),비디아이,1레벨,한현석,010-5933-1824,"150,000","480,000","-330,000",2025-11-16,
ouou5050,jimin01 (B),포스티잉,1레벨,지성민,010-3350-5634,"300,000","1,850,000","-1,550,000",2025-11-13,
lcll1121,jimin01 (B),에우이,1레벨,최준,010-3272-3432,"30,000","500,000","-470,000",2025-11-05,
