닉네임,닉네임(사이트),최초충전일,최근충전일,마지막충전후_경과일,총이용일수,리텐션그룹(업데이트),메모,행동유형,핸드폰
김현규,기프트,2025-11-19,2026-01-08,1,41,활성,텔레 12/6,일반_유지,1088191155.0
박관종,정우성,2025-11-15,2026-01-08,1,46,활성,텔레12/06,일반_유지,
박서준,필따,2025-11-28,2026-01-08,1,17,활성,텔레12/06,일반_유지,
송윤서,아사카,2025-11-15,2026-01-08,1,52,활성,텔레12/06,일반_유지,
이용운,성민이,2025-12-12,2026-01-08,1,23,활성,,일반_유지,
임준범,짱맨,2025-11-15,2026-01-08,1,44,활성,일반,일반_유지,
장범수,오오티뒤,2026-01-08,2026-01-08,1,1,활성,,,
정동욱,워터보이,2026-01-08,2026-01-08,1,1,활성,,,
조규완,봄꽃잎,2025-11-15,2026-01-08,1,44,활성,의심,1회성_테스트,
최기창,매루티,2025-11-27,2026-01-08,1,2,활성,텔레12/03,일반_유지,1067068012.0
커피사랑,커피사랑,2025-12-18,2026-01-08,1,7,활성,,일반_유지,
현민수,민똘이,2025-12-16,2026-01-08,1,24,활성,,일반_유지,
오동수,동추,2025-11-28,2026-01-07,2,34,활성,일반,일반_유지,1033845623.0
박경주,,2025-11-20,2026-01-06,3,35,활성,작업,작업/완전꽁머니,1084436671.0
유재경,라오스으,2025-11-19,2026-01-06,3,14,활성,텔레12/01,일반_유지,1043585204.0
이훈기,콩이랑,2025-11-28,2026-01-06,3,9,활성,일반,일반_유지,1081732701.0
김보현,,2026-01-04,2026-01-05,4,2,활성,,,
박준호,,2025-11-21,2026-01-05,4,27,활성,차단,작업/완전꽁머니,1039076909.0
조봉진,크리스토퍼,2025-11-15,2026-01-05,4,52,활성,일반,일반_유지,
최재훈,,2025-11-17,2026-01-05,4,42,활성,일반,일반_유지,1056102417.0
최정윤,,2025-11-20,2026-01-05,4,30,활성,작업,작업/완전꽁머니,1041063320.0
신동화,,2025-12-17,2026-01-04,5,5,활성,,일반_유지,
최락천,돈따묵쟈,2025-11-15,2026-01-03,6,44,이탈위험(단기),일반,일반_유지,
임태석,석이,2025-12-24,2026-01-02,7,7,이탈위험(단기),,,
정재권,도베르만,2025-12-03,2026-01-02,7,31,이탈위험(단기),일반,일반_유지,1094559573.0
김민석,일등당첨,2025-11-19,2026-01-01,8,26,이탈위험(단기),진상,개진상,1090939381.0
윤창현,왕지형,2025-11-25,2026-01-01,8,35,이탈위험(단기),일반,일반_유지,1082266481.0
김병선,,2025-12-11,2025-12-31,9,7,이탈위험(단기),,일반_유지,
엄주면,,2025-11-16,2025-12-31,9,10,이탈위험(단기),텔레12/07,일반_유지,
이선숙,리스카이,2025-12-17,2025-12-31,9,7,이탈위험(단기),,일반_유지,
윤지수,내놔라잭팟,2025-11-17,2025-12-29,11,7,이탈위험(중기),진상,개진상,1085704090.0
이진숙,세상은참,2025-11-23,2025-12-29,11,7,이탈위험(중기),텔레12/02,일반_유지,1057295516.0
조정민,자리,2025-11-17,2025-12-29,11,13,이탈위험(중기),텔레12/01,일반_유지,
서재윤,마왕피씨방,2025-12-20,2025-12-28,12,7,이탈위험(중기),일반,일반_유지,
정석주,요리,2025-12-10,2025-12-28,12,9,이탈위험(중기),,일반_유지,
류상우,접시접시,2025-12-03,2025-12-27,13,4,이탈위험(중기),텔레12/06,일반_유지,1056493262.0
김영진,,2025-11-15,2025-12-25,15,10,이탈위험(중기),텔레12/01,일반_유지,1022114937.0
고재우,,2025-11-27,2025-12-24,16,3,이탈위험(장기),진상,개진상,1073410844.0
김기훈,,2025-12-11,2025-12-24,16,2,이탈위험(장기),,일반_유지,
배광준,,2025-11-27,2025-12-24,16,3,이탈위험(장기),텔레12/01,일반_유지,1050522418.0
이헌주,,2025-11-26,2025-12-24,16,3,이탈위험(장기),텔레12/02,일반_유지,1082463534.0
이재호,,2025-12-22,2025-12-23,17,2,이탈위험(장기),일반,일반_유지,
정대승,,2025-11-19,2025-12-23,17,4,이탈위험(장기),텔레12/04,1회성_테스트,1096178867.0
김도형,,2025-12-22,2025-12-22,18,1,이탈위험(장기),일반,일반_유지,
서혜성,,2025-12-21,2025-12-21,19,1,이탈위험(장기),일반,일반_유지,
최은석,,2025-12-21,2025-12-21,19,1,이탈위험(장기),일반,일반_유지,
김종원,,2025-11-25,2025-12-20,20,25,이탈위험(장기),작업,작업/완전꽁머니,1044464131.0
변대성,,2025-11-29,2025-12-20,20,6,이탈위험(장기),진상,개진상,1048763931.0
김준태,,2025-11-27,2025-12-19,21,5,이탈위험(장기),텔레 12/6,일반_유지,1024406207.0
김지한,,2025-12-19,2025-12-19,21,1,이탈위험(장기),,일반_유지,
김형길,,2025-12-03,2025-12-18,22,3,이탈위험(장기),텔레12/06,일반_유지,1059062909.0
정우재,,2025-11-19,2025-12-17,23,4,이탈위험(장기),텔레12/04,1회성_테스트,1039187591.0
김성준,,2025-11-26,2025-12-16,24,2,이탈위험(장기),텔레12/02,1회성_테스트,1028239532.0
유주상,,2025-11-26,2025-12-16,24,5,이탈위험(장기),일반,일반_유지,1084155371.0
이민,,2025-11-26,2025-12-16,24,2,이탈위험(장기),의심,작업/완전꽁머니,1079043847.0
김태민,,2025-11-26,2025-12-15,25,2,이탈위험(장기),의심,작업/완전꽁머니,1026650668.0
이승혁,,2025-11-26,2025-12-15,25,8,이탈위험(장기),텔레12/03,일반_유지,1039666108.0
한종수,,2025-11-26,2025-12-15,25,2,이탈위험(장기),텔레12/02,1회성_테스트,
은종화,,2025-12-13,2025-12-14,26,2,이탈위험(장기),일반,일반_유지,
김민준,,2025-12-13,2025-12-13,27,1,이탈위험(장기),일반,일반_유지,
김진규,,2025-11-20,2025-12-13,27,3,이탈위험(장기),텔레12/01,일반_유지,
이준희,,2025-12-13,2025-12-13,27,1,이탈위험(장기),일반,일반_유지,
김성중,,2025-12-12,2025-12-12,28,1,이탈위험(장기),,일반_유지,
김현철,,2025-12-12,2025-12-12,28,1,이탈위험(장기),,일반_유지,
신우민,,2025-12-05,2025-12-12,28,2,이탈위험(장기),의심,작업/완전꽁머니,1043148897.0
이충원,,2025-11-26,2025-12-12,28,3,이탈위험(장기),텔레12/02,차단,1074285784.0
곽민재,,2025-12-11,2025-12-11,29,1,이탈위험(장기),,일반_유지,
길지원,,2025-11-27,2025-12-11,29,2,이탈위험(장기),작업,일반_유지,1035990987.0
김윤한,,2025-12-11,2025-12-11,29,1,이탈위험(장기),,일반_유지,
원지성,,2025-12-08,2025-12-10,30,3,이탈위험(장기),,일반_유지,
이형주,,2025-12-10,2025-12-10,30,1,이탈위험(장기),,일반_유지,
김대환,,2025-12-09,2025-12-09,31,1,이탈위험(장기),,일반_유지,
박지범,,2025-12-02,2025-12-09,31,3,이탈위험(장기),텔레12/06,일반_유지,1028976974.0
염승민,,2025-12-05,2025-12-09,31,3,이탈위험(장기),의심,1회성_테스트,1075074114.0
유화중,,2025-11-26,2025-12-09,31,2,이탈위험(장기),텔레12/02,1회성_테스트,104298596.0
이다빈,,2025-11-26,2025-12-09,31,3,이탈위험(장기),의심,1회성_테스트,1021040955.0
최지훈,,2025-11-19,2025-12-08,32,4,이탈위험(장기),작업,작업/완전꽁머니,1075099694.0
김성진,,2025-12-07,2025-12-07,33,1,이탈위험(장기),,일반_유지,
박동성,,2025-11-17,2025-12-07,33,8,이탈위험(장기),소통안됨,일반_유지,1055142474.0
구현우,,2025-11-26,2025-12-06,34,5,이탈위험(장기),텔레12/01,일반_유지,1084461072.0
오정현,,2025-12-06,2025-12-06,34,1,이탈위험(장기),의심,작업/완전꽁머니,1089351530.0
정한성,,2025-12-06,2025-12-06,34,1,이탈위험(장기),의심,작업/완전꽁머니,1073806061.0
한유일,,2025-12-06,2025-12-06,34,1,이탈위험(장기),의심,작업/완전꽁머니,1039012588.0
박성배,,2025-11-21,2025-12-05,35,5,이탈위험(장기),텔레12/01,일반_유지,
정경훈,,2025-12-04,2025-12-05,35,2,이탈위험(장기),의심,1회성_테스트,1049445480.0
김종준,,2025-12-03,2025-12-04,36,2,이탈위험(장기),진상,개진상,1083798418.0
황진욱,,2025-11-28,2025-12-04,36,2,이탈위험(장기),진상,작업/완전꽁머니,
김윤성,,2025-11-21,2025-12-03,37,4,이탈위험(장기),작업,작업/완전꽁머니,1086975537.0
이승훈,,2025-11-21,2025-12-03,37,4,이탈위험(장기),의심,1회성_테스트,1091086438.0
정태준,,2025-12-03,2025-12-03,37,1,이탈위험(장기),의심,작업/완전꽁머니,1058544285.0
이재서,,2025-12-02,2025-12-02,38,1,이탈위험(장기),가뭄,일반_유지,
김진안,,2025-11-16,2025-12-01,39,5,이탈위험(장기),텔레 12/6,일반_유지,
박진영,,2025-12-01,2025-12-01,39,1,이탈위험(장기),텔레12/06,1회성_테스트,
노윤철,,2025-11-16,2025-11-30,40,3,이탈위험(장기),차단,작업/완전꽁머니,
배승희,,2025-11-26,2025-11-30,40,4,이탈위험(장기),텔레12/06,일반_유지,1080187498.0
선지호,,2025-11-22,2025-11-30,40,3,이탈위험(장기),텔레12/05,일반_유지,
유준상,,2025-11-29,2025-11-30,40,2,이탈위험(장기),가뭄,일반_유지,
김정복,,2025-11-21,2025-11-29,41,3,이탈위험(장기),텔레 12/6,일반_유지,1079031729.0
박주호,,2025-11-26,2025-11-29,41,2,이탈위험(장기),텔레12/01,일반_유지,1059129305.0
신자원,,2025-11-29,2025-11-29,41,1,이탈위험(장기),작업,작업/완전꽁머니,1066087294.0
오관택,,2025-11-17,2025-11-29,41,2,이탈위험(장기),작업,작업/완전꽁머니,1082617634.0
유준범,,2025-11-29,2025-11-29,41,1,이탈위험(장기),작업,작업/완전꽁머니,1043967241.0
신평화,,2025-11-28,2025-11-28,42,1,이탈위험(장기),텔레12/01,일반_유지,1039362084.0
양윤모,,2025-11-28,2025-11-28,42,1,이탈위험(장기),텔레12/06,일반_유지,1041602880.0
정수택,,2025-11-28,2025-11-28,42,1,이탈위험(장기),의심,작업/완전꽁머니,1083226538.0
조현동,,2025-11-28,2025-11-28,42,1,이탈위험(장기),일반,일반_유지,1067383544.0
김병현,,2025-11-20,2025-11-27,43,2,이탈위험(장기),작업,작업/완전꽁머니,1044874515.0
박성규,,2025-11-21,2025-11-27,43,4,이탈위험(장기),텔레12/02,일반_유지,1094870540.0
박의열,,2025-11-27,2025-11-27,43,1,이탈위험(장기),작업,작업/완전꽁머니,1098011399.0
박지태,,2025-11-20,2025-11-27,43,3,이탈위험(장기),작업,작업/완전꽁머니,1037081496.0
송평환,,2025-11-20,2025-11-27,43,2,이탈위험(장기),작업,작업/완전꽁머니,1022964917.0
정윤섭,,2025-11-27,2025-11-27,43,1,이탈위험(장기),텔레12/03,일반_유지,1027676997.0
정현석,,2025-11-20,2025-11-27,43,2,이탈위험(장기),작업,작업/완전꽁머니,1046686626.0
김건우,,2025-11-26,2025-11-26,44,1,이탈위험(장기),작업,작업/완전꽁머니,1076864212.0
김정윤,,2025-11-26,2025-11-26,44,1,이탈위험(장기),차단,작업/완전꽁머니,1083877260.0
박시형,,2025-11-26,2025-11-26,44,1,이탈위험(장기),차단,작업/완전꽁머니,1076998772.0
이영철,,2025-11-17,2025-11-26,44,2,이탈위험(장기),작업,작업/완전꽁머니,1074097850.0
조원재,,2025-11-26,2025-11-26,44,1,이탈위험(장기),차단,작업/완전꽁머니,1076829694.0
한기현,,2025-11-26,2025-11-26,44,1,이탈위험(장기),텔레12/02,1회성_테스트,1082457903.0
김시윤,,2025-11-20,2025-11-23,47,2,이탈위험(장기),텔레12/03,일반_유지,1063138049.0
배태성,,2025-11-15,2025-11-23,47,2,이탈위험(장기),텔레12/01,일반_유지,
권오석,,2025-11-22,2025-11-22,48,1,이탈위험(장기),텔레12/01,1회성_테스트,
문상연,,2025-11-22,2025-11-22,48,1,이탈위험(장기),텔레12/01,1회성_테스트,1083193695.0
이승민,,2025-11-21,2025-11-22,48,2,이탈위험(장기),의심,1회성_테스트,1082974672.0
김동현,,2025-11-21,2025-11-21,49,1,이탈위험(장기),작업,작업/완전꽁머니,1097160192.0
박도윤,,2025-11-21,2025-11-21,49,1,이탈위험(장기),차단,작업/완전꽁머니,1062543286.0
양동민,,2025-11-21,2025-11-21,49,1,이탈위험(장기),차단,작업/완전꽁머니,1063258061.0
이민혁,,2025-11-21,2025-11-21,49,1,이탈위험(장기),차단,작업/완전꽁머니,1084888221.0
이재일,,2025-11-15,2025-11-21,49,5,이탈위험(장기),차단,작업/완전꽁머니,
홍창우,,2025-11-20,2025-11-21,49,2,이탈위험(장기),텔레12/03,일반_유지,1034191302.0
문상윤,,2025-11-20,2025-11-20,50,1,이탈위험(장기),,,
백풍도사,,2025-11-20,2025-11-20,50,1,이탈위험(장기),텔레12/01,개진상,1040542762.0
이명호,,2025-11-19,2025-11-20,50,2,이탈위험(장기),차단,작업/완전꽁머니,1099444427.0
차상준,,2025-11-20,2025-11-20,50,1,이탈위험(장기),텔레12/03,1회성_테스트,1034694504.0
신재성,,2025-11-19,2025-11-19,51,1,이탈위험(장기),작업,작업/완전꽁머니,1026620911.0
윤병희,,2025-11-19,2025-11-19,51,1,이탈위험(장기),작업,작업/완전꽁머니,1075836175.0
이승우,,2025-11-19,2025-11-19,51,1,이탈위험(장기),텔레12/04,1회성_테스트,1082608773.0
바카라신,,2025-11-15,2025-11-17,53,2,이탈위험(장기),차단,작업/완전꽁머니,
박재구,,2025-11-17,2025-11-17,53,1,이탈위험(장기),전화,1회성_테스트,
이선호골,,2025-11-17,2025-11-17,53,1,이탈위험(장기),차단,1회성_테스트,1033455488.0
피슈웅,,2025-11-17,2025-11-17,53,1,이탈위험(장기),차단,1회성_테스트,1039362084.0
승부사,,2025-11-16,2025-11-16,54,1,이탈위험(장기),차단,작업/완전꽁머니,1072412420.0
신선로,,2025-11-16,2025-11-16,54,1,이탈위험(장기),차단,작업/완전꽁머니,1056152749.0
한현석,,2025-11-16,2025-11-16,54,1,이탈위험(장기),텔레12/06,1회성_테스트,
이진혁,,2025-11-15,2025-11-15,55,1,이탈위험(장기),차단,1회성_테스트,1056741540.0
