번호,소속 (추천인),이름 (아이디),닉네임,누적 충전 횟수,누적 충전 금액,입금자명,신청 날짜,누적 환전 횟수,누적 환전 금액,총 운영 마진,최근 충전일,최근 환전일,미접속 경과일,상태
37,지민전용01 (미추천),강동훈 (doh**),영하19도,2,"800,000",강동훈,25/11/13 06:49,0,0,"800,000",2025-11-13,-,81,충전완료
2746,지민전용01 (미추천),강원훈 (qwe**),내가왔다,3,"180,000",강원훈,26/01/29 08:56,2,"120,000","60,000",2026-01-29,2026-01-25,4,충전완료
748,지민전용01 (미추천),고재우 (goj**),배곧재우,4,"150,000",고재우,25/12/24 19:43,2,"240,000","-90,000",2025-12-24,2025-11-27,40,충전완료
1217,지민전용01 (미추천),곽민재 (hio**),힙합중,1,"200,000",곽민재,25/12/11 12:49,1,"360,000","-160,000",2025-12-11,2025-12-11,53,충전완료
973,지민전용01 (미추천),구현우 (koo**),룰렛왕,9,"580,000",구현우,25/12/06 03:38,5,"550,000","30,000",2025-12-06,2025-12-06,58,충전완료
389,지민전용01 (미추천),권오석 (kos**),고고천사,1,"500,000",권오석,25/11/22 21:23,0,0,"500,000",2025-11-22,-,72,충전완료
606,지민전용01 (미추천),길지원 (bmw**),비엠따블유,3,"2,200,000",길지원,25/12/11 01:46,1,"1,810,000","390,000",2025-12-11,2025-12-11,53,충전완료
552,지민전용01 (미추천),김건우 (kok**),거누핑,1,"100,000",김건우,25/11/26 16:08,2,"210,000","-110,000",2025-11-26,2025-11-27,67,충전완료
2592,지민전용01 (미추천),김규형 (blu**),아그네스,2,"60,000",김규형,26/01/22 17:08,1,"280,000","-220,000",2026-01-22,2026-01-21,11,충전완료
1801,지민전용01 (미추천),김기훈 (rlg**),초보베터,2,"60,000",김기훈,25/12/24 18:28,1,"70,000","-10,000",2025-12-24,2025-12-11,40,충전완료
1161,지민전용01 (미추천),김대환 (yjy**),케바케,1,"100,000",김대환,25/12/09 18:00,0,0,"100,000",2025-12-09,-,55,충전완료
1702,지민전용01 (미추천),김도형 (leo**),기므또,1,"40,000",김도형,25/12/22 17:08,0,0,"40,000",2025-12-22,-,42,충전완료
326,지민전용01 (미추천),김동현 (tks**),공공이,1,"100,000",김동현,25/11/21 18:21,0,0,"100,000",2025-11-21,-,73,충전완료
999,지민전용01 (미추천),김민석 (jjh**),ppoodd,13,"8,830,000",김민석,25/12/12 02:02,5,"3,390,000","5,440,000",2025-12-12,2025-12-14,50,충전완료
995,지민전용01 (미추천),김민석 (kmi**),일등당첨,49,"15,860,000",김민석,26/01/25 19:22,32,"16,340,000","-480,000",2026-01-25,2026-01-19,8,충전완료
1314,지민전용01 (미추천),김민준 (als**),민보이,1,"100,000",김민준,25/12/13 11:54,2,"190,000","-90,000",2025-12-13,2025-12-14,50,충전완료
61,지민전용01 (미추천),김병선 (bs0**),김민저이,10,"680,000",김병선,25/12/31 20:32,1,"1,300,000","-620,000",2025-12-31,2025-12-17,33,충전완료
617,지민전용01 (미추천),김병현 (ajf**),마이럽,2,"600,000",김병현,25/11/27 16:38,2,"2,000,000","-1,400,000",2025-11-27,2025-11-27,67,충전완료
2197,지민전용01 (미추천),김보현 (bh1**),키미2,4,"130,000",김보현,26/01/05 22:16,0,0,"130,000",2026-01-05,-,28,충전완료
555,지민전용01 (미추천),김성준 (fol**),성주니야,3,"500,000",김성준,25/12/16 16:18,3,"930,000","-430,000",2025-12-16,2025-12-16,48,충전완료
1259,지민전용01 (미추천),김성중 (wls**),진심펀치,1,"100,000",김성중,25/12/12 12:02,0,0,"100,000",2025-12-12,-,52,충전완료
1085,지민전용01 (미추천),김성진 (wtr**),오냄새,2,"200,000",김성진,25/12/07 17:39,0,0,"200,000",2025-12-07,-,57,충전완료
2626,지민전용01 (미추천),김성찬 (cks**),찬스올인,1,"100,000",김성찬,26/01/23 18:27,1,"150,000","-50,000",2026-01-23,2026-01-23,10,충전완료
423,지민전용01 (미추천),김시윤 (dal**),달려링,2,"200,000",김시윤,25/11/23 18:51,1,"700,000","-500,000",2025-11-23,2025-11-20,71,충전완료
92,지민전용01 (미추천),김영진 (103**),미소1031,25,"3,120,000",김영진,25/12/25 15:47,2,"280,000","2,840,000",2025-12-25,2025-12-20,39,충전완료
2593,지민전용01 (미추천),김우민 (wnp**),알레리노,2,"200,000",김우민,26/01/22 17:19,0,0,"200,000",2026-01-22,-,11,충전완료
919,지민전용01 (미추천),김윤성 (kom**),허거덩,7,"3,500,000",김윤성,25/12/03 17:58,4,"7,840,000","-4,340,000",2025-12-03,2025-12-03,61,충전완료
1232,지민전용01 (미추천),김윤한 (qkq**),해조다요,1,"10,000",김윤한,25/12/11 19:26,0,0,"10,000",2025-12-11,-,53,충전완료
2671,지민전용01 (미추천),김윤환 (ghk**),도라희,2,"800,000",김윤환,26/01/26 00:53,1,"1,300,000","-500,000",2026-01-26,2026-01-27,6,충전완료
743,지민전용01 (미추천),김정복 (rla**),유유이,4,"160,000",김정복,25/11/29 23:37,1,"10,000","150,000",2025-11-29,2025-11-22,65,충전완료
76,지민전용01 (미추천),김정윤 (ccc**),바카라신,15,"230,000",김정윤,25/11/26 21:38,1,"30,000","200,000",2025-11-26,2025-11-26,68,충전완료
991,지민전용01 (미추천),김종원 (uuu**),나참동,29,"10,410,000",김종원,25/12/20 18:20,7,"9,800,000","610,000",2025-12-20,2025-12-20,44,충전완료
970,지민전용01 (미추천),김종준 (ang**),물렁콩,2,"200,000",김종준,25/12/04 18:42,0,0,"200,000",2025-12-04,-,60,충전완료
639,지민전용01 (미추천),김준태 (kjt**),춘식익,8,"300,000",김준태,25/12/19 07:10,4,"370,000","-70,000",2025-12-19,2025-12-18,45,충전완료
1579,지민전용01 (미추천),김지한 (qow**),휴식시간,1,"100,000",김지한,25/12/19 18:18,0,0,"100,000",2025-12-19,-,45,충전완료
833,지민전용02 (미추천),김진규 (kjk**),걸리면다이,3,"140,000",김진규,25/12/13 03:56,3,"260,000","-120,000",2025-12-13,2025-12-13,51,충전완료
98,지민전용01 (미추천),김진안 (qwe**),키네,9,"540,000",김진안,25/12/01 03:07,3,"370,000","170,000",2025-12-01,2025-11-27,63,충전완료
2842,지민전용01 (미추천),김찬서 (cha**),참새참새,2,"150,000",김찬서,26/02/01 20:48,0,0,"150,000",2026-02-01,-,1,충전완료
567,지민전용01 (미추천),김태민 (ypo**),고구마파이,1,"100,000",김태민,25/11/26 19:01,1,"230,000","-130,000",2025-11-26,2025-11-26,68,충전완료
1390,지민전용01 (미추천),김태민 (ysd**),파즐리,1,"50,000",김태민,25/12/15 19:51,0,0,"50,000",2025-12-15,-,49,충전완료
2596,지민전용01 (미추천),김태호 (kim**),킴대리임,2,"200,000",김태호,26/01/22 18:23,0,0,"200,000",2026-01-22,-,11,충전완료
989,지민전용01 (미추천),김현규 (boo**),기프트,73,"14,610,000",김현규,26/02/01 17:01,32,"14,560,000","50,000",2026-02-01,2026-01-30,1,충전완료
2590,지민전용01 (미추천),김현우 (uup**),후두암,1,"100,000",김현우,26/01/22 16:18,1,"400,000","-300,000",2026-01-22,2026-01-22,11,충전완료
1286,지민전용01 (미추천),김현철 (cho**),민아가자,1,"30,000",김현철,25/12/12 19:43,0,0,"30,000",2025-12-12,-,52,충전완료
921,지민전용01 (미추천),김형길 (oko**),다따보자,12,"670,000",김형길,25/12/18 08:48,0,0,"670,000",2025-12-18,-,46,충전완료
,,남상헌 (tkd**),,0,0,,,1,"60,000","-60,000",-,2026-01-04,29,
764,지민전용01 (미추천),노윤철 (azs**),지수꺼,6,"840,000",노윤철,25/11/30 11:39,1,"50,000","790,000",2025-11-30,2025-11-30,64,충전완료
2557,지민전용01 (미추천),류동현 (top**),빡빡이,2,"200,000",류동현,26/01/21 16:58,0,0,"200,000",2026-01-21,-,12,충전완료
918,지민전용01 (미추천),류상우 (son**),접시접시,4,"410,000",류상우,25/12/27 05:30,1,"840,000","-430,000",2025-12-27,2025-12-18,37,충전완료
390,지민전용01 (미추천),문상연 (san**),상욘이당당,2,"200,000",문상연,25/11/22 21:39,1,"10,000","190,000",2025-11-22,2025-11-21,72,충전완료
2569,지민전용01 (미추천),문창현 (aac**),고문관,2,"200,000",문창현,26/01/21 21:13,1,"900,000","-700,000",2026-01-21,2026-01-21,12,충전완료
986,지민전용01 (미추천),박경주 (ire**),개근본,37,"8,800,000",박경주,26/01/06 11:10,12,"5,660,000","3,140,000",2026-01-06,2026-01-06,27,충전완료
99,지민전용01 (미추천),박관종 (hje**),정우성,124,"27,920,000",박관종,26/02/01 09:26,89,"26,740,000","1,180,000",2026-02-01,2026-02-01,1,충전완료
299,지민전용01 (미추천),박도윤 (sod**),오삼불고기,1,"100,000",박도윤,25/11/21 11:57,1,"200,000","-100,000",2025-11-21,2025-11-21,73,충전완료
742,지민전용01 (미추천),박동성 (yoy**),마루뉨,25,"5,100,000",박동성,25/12/07 23:08,1,"600,000","4,500,000",2025-12-07,2025-11-28,57,충전완료
981,지민전용02 (미추천),박서준 (kks**),필따,31,"7,200,000",박서준,26/01/19 04:30,6,"5,720,000","1,480,000",2026-01-19,2025-12-17,14,충전완료
603,지민전용01 (ranos2),박성규 (wpt**),제스퍼,6,"700,000",박성규,25/11/27 13:14,5,"880,000","-180,000",2025-11-27,2025-11-27,67,충전완료
2453,지민전용01 (미추천),박성근 (dlr**),신이다요,3,"80,000",박성근,26/01/17 15:53,1,"10,000","70,000",2026-01-17,2026-01-18,15,충전완료
987,지민전용01 (미추천),박성배 (ran**),에버리치,11,"1,800,000",박성배,26/01/28 17:02,7,"2,280,000","-480,000",2026-01-28,2026-01-25,5,충전완료
586,지민전용01 (미추천),박시형 (pkr**),질풍,1,"50,000",박시형,25/11/26 23:26,3,"70,000","-20,000",2025-11-26,2025-11-28,66,충전완료
619,지민전용01 (미추천),박의열 (qjs**),우리사랑,1,"500,000",박의열,25/11/27 16:51,1,"1,070,000","-570,000",2025-11-27,2025-11-27,67,충전완료
162,지민전용01 (미추천),박재구 (p21**),낯선그림자,6,"800,000",박재구,25/11/17 21:37,0,0,"800,000",2025-11-17,-,77,충전완료
738,지민전용01 (미추천),박주호 (gol**),종이형님,2,"60,000",박주호,25/11/29 19:22,1,"10,000","50,000",2025-11-29,2025-12-01,63,충전완료
2587,지민전용01 (미추천),박준호 (buz**),소노피,1,"100,000",박준호,26/01/22 14:48,2,"240,000","-140,000",2026-01-22,2026-01-26,7,충전완료
990,지민전용01 (미추천),박준호 (ima**),박임마누엘,29,"7,660,000",박준호,26/01/05 12:30,17,"12,920,000","-5,260,000",2026-01-05,2026-01-05,28,충전완료
922,지민전용02 (미추천),박지범 (kir**),대박군,3,"170,000",박지범,25/12/09 16:09,2,"310,000","-140,000",2025-12-09,2025-12-09,55,충전완료
613,지민전용01 (미추천),박지태 (gkd**),가능용,4,"1,000,000",박지태,25/11/27 16:14,2,"2,000,000","-1,000,000",2025-11-27,2025-11-27,67,충전완료
824,지민전용01 (미추천),박진영 (par**),역배무잡이,1,"100,000",박진영,25/12/01 18:14,0,0,"100,000",2025-12-01,-,63,충전완료
692,지민전용01 (미추천),배광준 (rhk**),디기디,3,"30,000",배광준,25/12/24 16:37,0,0,"30,000",2025-12-24,-,40,충전완료
22,지민전용01 (미추천),배상열 (rud**),야구도둑,1,"50,000",배상열,25/11/12 13:37,0,0,"50,000",2025-11-12,-,82,충전완료
2413,지민전용01 (미추천),배성윤 (vip**),효시리,1,"100,000",배성윤,26/01/16 15:27,1,"380,000","-280,000",2026-01-16,2026-01-16,17,충전완료
778,지민전용01 (미추천),배승희 (hoo**),퉁가리,4,"540,000",배승희,25/11/30 17:43,1,"900,000","-360,000",2025-11-30,2025-11-30,64,충전완료
95,지민전용01 (미추천),배태성 (bts**),지민잼민,6,"1,600,000",배태성,25/11/23 01:26,0,0,"1,600,000",2025-11-23,-,71,충전완료
275,지민전용01 (미추천),백성철 (sis**),백풍도사,1,"101,262",백풍도사,25/11/20 18:42,0,0,"101,262",2025-11-20,-,74,충전완료
879,지민전용01 (미추천),변대성 (qkq**),돈머니돈,8,"400,000",변대성,26/01/17 13:12,3,"220,000","180,000",2026-01-17,2026-01-17,16,충전완료
2620,지민전용01 (미추천),서재아 (wod**),높이더멀리,1,"100,000",서재아,26/01/23 15:31,0,0,"100,000",2026-01-23,-,10,충전완료
1942,지민전용01 (미추천),서재윤 (jae**),마왕피씨방,7,"3,800,000",서재윤,25/12/28 17:26,2,"1,360,000","2,440,000",2025-12-28,2025-12-29,35,충전완료
1669,지민전용01 (미추천),서혜성 (wto**),가닥다,2,"200,000",서혜성,25/12/21 16:17,2,"440,000","-240,000",2025-12-21,2025-12-22,42,충전완료
766,지민전용01 (미추천),선지호 (tjs**),가버렷,18,"1,610,000",선지호,26/01/14 02:07,3,"1,000,000","610,000",2026-01-14,2026-01-14,19,충전완료
983,지민전용01 (미추천),송윤서 (msy**),아사카,213,"21,540,000",송윤서,26/01/31 10:48,40,"18,540,000","3,000,000",2026-01-31,2026-01-15,2,충전완료
623,지민전용01 (미추천),송평환 (soo**),송무식,2,"700,000",송평환,25/11/27 17:38,2,"1,440,000","-740,000",2025-11-27,2025-11-27,67,충전완료
2158,지민전용01 (미추천),신동화 (rks**),저우저우,5,"1,000,000",신동화,26/01/04 13:48,1,"1,570,000","-570,000",2026-01-04,2025-12-20,29,충전완료
984,지민전용01 (미추천),신우민 (tls**),으민12,2,"100,000",신우민,25/12/12 14:54,1,"110,000","-10,000",2025-12-12,2025-12-05,52,충전완료
716,지민전용01 (미추천),신자원 (gjr**),눈물샤워,1,"100,000",신자원,25/11/29 15:21,1,"240,000","-140,000",2025-11-29,2025-11-29,65,충전완료
226,지민전용01 (미추천),신재성 (hap**),부자가,1,"50,000",신재성,25/11/19 17:22,2,"240,000","-190,000",2025-11-19,2025-11-19,75,충전완료
688,지민전용01 (미추천),신평화 (pea**),피슈웅,2,"100,000",신평화,25/11/28 20:10,0,0,"100,000",2025-11-28,-,66,충전완료
298,지민전용01 (미추천),양동민 (wfj**),낙지망,2,"200,000",양동민,25/11/21 11:39,0,0,"200,000",2025-11-21,-,73,충전완료
689,지민전용01 (미추천),양윤모 (did**),아유모,1,"10,000",양윤모,25/11/28 20:33,0,0,"10,000",2025-11-28,-,66,충전완료
96,지민전용01 (미추천),엄주면 (wna**),자르반이큐,15,"2,400,000",엄주면,26/01/26 00:36,1,"410,000","1,990,000",2026-01-26,2025-11-21,7,충전완료
1140,지민전용01 (미추천),염승민 (tor**),캐슬김신,3,"110,000",염승민,25/12/09 12:05,1,"10,000","100,000",2025-12-09,2025-12-06,55,충전완료
739,지민전용01 (미추천),오관택 (spa**),사랑해요센세,5,"210,000",오관택,25/11/29 20:06,1,"20,000","190,000",2025-11-29,2025-11-29,65,충전완료
936,지민전용01 (미추천),오동수 (don**),동추,163,"16,790,000",오동수,26/02/01 17:57,4,"5,000,000","11,790,000",2026-02-01,2025-12-25,1,충전완료
1012,지민전용01 (미추천),오정현 (ojh**),푸짐이,2,"200,000",오정현,25/12/06 02:58,0,0,"200,000",2025-12-06,-,58,충전완료
1170,지민전용01 (미추천),원지성 (kcc**),제마,3,"100,000",원지성,25/12/10 01:10,1,"30,000","70,000",2025-12-10,2026-01-15,18,충전완료
790,지민전용01 (미추천),유재경 (wor**),라오스으,35,"2,430,000",유재경,26/01/10 21:23,13,"2,150,000","280,000",2026-01-10,2025-12-26,23,충전완료
963,지민전용01 (미추천),유주상 (djs**),유유유,6,"270,000",유주상,25/12/16 15:54,2,"30,000","240,000",2025-12-16,2025-12-04,48,충전완료
722,지민전용01 (미추천),유준범 (jbj**),쩨삐,1,"100,000",유준범,25/11/29 16:10,1,"320,000","-220,000",2025-11-29,2025-11-29,65,충전완료
785,지민전용01 (미추천),유준상 (jun**),잉야,7,"830,000",유준상,25/11/30 21:44,0,0,"830,000",2025-11-30,-,64,충전완료
565,지민전용01 (미추천),유화중 (ccg**),화랑,3,"300,000",유화중,25/12/09 15:05,2,"20,000","280,000",2025-12-09,2025-12-10,54,충전완료
23,지민전용01 (미추천),윤도현 (gg1**),윤도현,1,"50,000",윤도현,25/11/12 14:17,0,0,"50,000",2025-11-12,-,82,충전완료
222,지민전용01 (미추천),윤병희 (ybh**),플충이,1,"100,000",윤병희,25/11/19 16:38,1,"400,000","-300,000",2025-11-19,2025-11-19,75,충전완료
902,지민전용01 (미추천),윤지수 (zzz**),내놔라잭팟,12,"880,000",윤지수,25/12/29 07:17,3,"500,000","380,000",2025-12-29,2025-11-22,35,충전완료
992,지민전용01 (미추천),윤창현 (hyu**),왕지형,37,"13,730,000",윤창현,26/01/01 22:02,19,"14,510,000","-780,000",2026-01-01,2025-12-31,32,충전완료
143,지민전용01 (미추천),윤한비 (yhb**),이선호골,1,"100,000",윤한비,25/11/17 15:44,0,0,"100,000",2025-11-17,-,77,충전완료
1371,지민전용02 (CCbefore),은종화 (rya**),ryan0218,2,"150,000",은종화,25/12/14 22:56,0,0,"150,000",2025-12-14,-,50,충전완료
974,지민전용01 (미추천),이다빈 (ekq**),짱비,3,"180,000",이다빈,25/12/09 15:43,3,"730,000","-550,000",2025-12-09,2025-12-09,55,충전완료
2601,지민전용01 (미추천),이다혁 (wid**),오로라방구,2,"200,000",이다혁,26/01/22 19:48,0,0,"200,000",2026-01-22,-,11,충전완료
2419,지민전용01 (미추천),이대연 (aaa**),아기상어요,1,"10,000",이대연,26/01/16 17:15,2,"60,000","-50,000",2026-01-16,2026-01-18,15,충전완료
265,지민전용01 (미추천),이명호 (hog**),나는딴다,2,"150,000",이명호,25/11/20 16:50,0,0,"150,000",2025-11-20,-,74,충전완료
561,지민전용01 (미추천),이민 (dkd**),한쿡남자,2,"300,000",이민,25/12/16 13:56,1,"300,000",0,2025-12-16,2025-11-26,48,충전완료
343,지민전용01 (미추천),이민혁 (qwe**),팡이,1,"30,000",이민혁,25/11/21 22:00,0,0,"30,000",2025-11-21,-,73,충전완료
2034,지민전용01 (미추천),이선숙 (jj7**),리스카이,15,"2,130,000",이선숙,25/12/31 13:04,3,"570,000","1,560,000",2025-12-31,2026-01-01,32,충전완료
366,지민전용01 (미추천),이승민 (slm**),롸롸승,2,"200,000",이승민,25/11/22 14:26,1,"10,000","190,000",2025-11-22,2025-11-22,72,충전완료
231,지민전용01 (미추천),이승우 (dlw**),돈죠요,1,"100,000",이승우,25/11/19 18:57,1,"450,000","-350,000",2025-11-19,2025-11-19,75,충전완료
924,지민전용01 (미추천),이승혁 (dkw**),승아지,10,"790,000",이승혁,25/12/15 14:54,3,"80,000","710,000",2025-12-15,2025-12-14,49,충전완료
2564,지민전용01 (미추천),이승현 (suy**),스포츠먹,1,"100,000",이승현,26/01/21 20:09,0,0,"100,000",2026-01-21,-,12,충전완료
2559,지민전용01 (미추천),이승훈 (aos**),백구식당,1,"90,000",이승훈,26/01/21 17:17,2,"440,000","-350,000",2026-01-21,2026-01-22,11,충전완료
908,지민전용01 (미추천),이승훈 (okp**),여가아,5,"900,000",이승훈,25/12/03 16:36,3,"2,360,000","-1,460,000",2025-12-03,2025-12-03,61,충전완료
585,지민전용01 (미추천),이영철 (eve**),무주공산,3,"300,000",이영철,25/11/26 23:24,0,0,"300,000",2025-11-26,-,68,충전완료
2292,지민전용01 (미추천),이용운 (pop**),성민이,29,"5,690,000",이용운,26/01/10 14:45,25,"5,690,000",0,2026-01-10,2026-01-12,21,충전완료
874,지민전용01 (미추천),이재서 (wot**),타이장인,1,"1,000,000",이재서,25/12/02 19:41,0,0,"1,000,000",2025-12-02,-,62,충전완료
25,지민전용01 (미추천),이재호 (tot**),이토토,4,"3,370,000",이재호,25/12/23 16:44,1,"1,220,000","2,150,000",2025-12-23,2025-12-22,41,충전완료
2647,지민전용01 (미추천),이전협 (skq**),와주쟘,3,"256,738",이전협,26/01/25 02:18,0,0,"256,738",2026-01-25,-,8,충전완료
2636,지민전용01 (미추천),이준식 (lll**),고로로,2,"180,000",이준식,26/01/24 13:00,1,"200,000","-20,000",2026-01-24,2026-01-24,9,충전완료
1329,지민전용01 (미추천),이준희 (vov**),벵에돔낚시,1,"100,000",이준희,25/12/13 21:33,0,0,"100,000",2025-12-13,-,51,충전완료
491,지민전용01 (미추천),이진숙 (myy**),세상은참,23,"1,020,000",이진숙,25/12/29 03:38,5,"650,000","370,000",2025-12-29,2025-12-24,35,충전완료
82,지민전용01 (미추천),이진혁 (dlw**),지녁이,1,"50,000",이진혁,25/11/15 12:03,0,0,"50,000",2025-11-15,-,79,충전완료
996,지민전용01 (미추천),이충원 (ap1**),에이피,8,"260,000",이충원,25/12/12 17:42,2,"50,000","210,000",2025-12-12,2025-12-12,52,충전완료
931,지민전용01 (미추천),이헌주 (tnq**),행쥬,3,"300,000",이헌주,25/12/24 16:58,2,"470,000","-170,000",2025-12-24,2025-12-24,40,충전완료
1198,지민전용01 (미추천),이형주 (reo**),만기짜응,1,"100,000",이형주,25/12/10 19:07,1,"270,000","-170,000",2025-12-10,2025-12-10,54,충전완료
923,지민전용01 (미추천),이훈기 (hun**),콩이랑,12,"740,000",이훈기,26/01/11 09:30,9,"720,000","20,000",2026-01-11,2026-01-11,22,충전완료
67,지민전용01 (미추천),임성우 (mrl**),마카오린,1,"50,000",임성우,25/11/14 17:34,0,0,"50,000",2025-11-14,-,80,충전완료
2827,지민전용01 (미추천),임수진 (sj8**),수지니닷,7,"800,000",임수진,26/02/01 05:15,0,0,"800,000",2026-02-01,-,1,충전완료
994,지민전용01 (미추천),임준범 (hoo**),짱맨,75,"15,260,000",임준범,26/02/01 18:02,30,"13,500,000","1,760,000",2026-02-01,2026-02-01,1,충전완료
2111,지민전용01 (미추천),임태석 (ts1**),석이,17,"1,350,000",임태석,26/01/02 19:36,6,"990,000","360,000",2026-01-02,2026-01-03,30,충전완료
2605,지민전용01 (미추천),장범수 (oot**),오오티뒤,2,"300,000",장범수,26/01/23 01:37,2,"1,810,000","-1,510,000",2026-01-23,2026-01-23,10,충전완료
2630,지민전용01 (미추천),전경식 (ood**),외오리바람,1,"100,000",전경식,26/01/23 21:00,0,0,"100,000",2026-01-23,-,10,충전완료
2365,지민전용01 (미추천),정경욱 (pkd**),결국모카,1,"200,000",정경욱,26/01/14 00:16,0,0,"200,000",2026-01-14,-,19,충전완료
998,지민전용01 (미추천),정경훈 (gns**),오존스야,4,"310,000",정경훈,26/01/10 18:55,0,0,"310,000",2026-01-10,-,23,충전완료
229,지민전용01 (미추천),정대승 (chu**),으음야,5,"130,000",정대승,25/12/23 11:40,4,"270,000","-140,000",2025-12-23,2025-12-24,40,충전완료
2821,지민전용01 (totowin89 ),정동욱 (woo**),워터보이,18,"17,130,000",정동욱,26/02/01 01:50,10,"11,390,000","5,740,000",2026-02-01,2026-01-27,1,충전완료
1943,지민전용01 (미추천),정석주 (sjj**),요리,9,"2,020,000",정석주,25/12/28 18:39,3,"690,000","1,330,000",2025-12-28,2025-12-18,36,충전완료
104,지민전용01 (미추천),정성진 (jdj**),신선로,1,"50,000",정성진,25/11/16 10:17,0,0,"50,000",2025-11-16,-,78,충전완료
682,지민전용01 (미추천),정수택 (sut**),하러운,1,"10,000",정수택,25/11/28 18:16,0,0,"10,000",2025-11-28,-,66,충전완료
2643,지민전용01 (미추천),정용균 (dnc**),치실,1,"100,000",정용균,26/01/24 20:56,0,0,"100,000",2026-01-24,-,9,충전완료
212,지민전용01 (미추천),정우재 (gal**),우주를줄께,8,"450,000",정우재,25/12/17 11:51,3,"240,000","210,000",2025-12-17,2025-12-13,47,충전완료
614,지민전용01 (미추천),정윤섭 (axs**),누워서젖먹기,1,"100,000",정윤섭,25/11/27 16:15,0,0,"100,000",2025-11-27,-,67,충전완료
985,지민전용01 (미추천),정재권 (dod**),도베르만,38,"9,960,000",정재권,26/01/02 12:44,21,"11,590,000","-1,630,000",2026-01-02,2026-01-02,31,충전완료
100,지민전용01 (미추천),정지원 (bpc**),승부사,1,"399,811",정지원,25/11/16 08:13,0,0,"399,811",2025-11-16,-,78,충전완료
926,지민전용01 (미추천),정태준 (xog**),안돼,1,"30,000",정태준,25/12/03 21:50,0,0,"30,000",2025-12-03,-,61,충전완료
1015,지민전용01 (미추천),정한성 (wjd**),레몬향,2,"1,000,000",정한성,25/12/06 07:42,0,0,"1,000,000",2025-12-06,-,58,충전완료
610,지민전용01 (미추천),정현석 (qkt**),크롱이,3,"700,000",정현석,25/11/27 15:43,0,0,"700,000",2025-11-27,-,67,충전완료
809,지민전용01 (미추천),조규완 (eut**),봄꽃잎,120,"27,360,000",조규완,26/02/01 11:03,89,"26,120,000","1,240,000",2026-02-01,2026-02-01,1,충전완료
982,지민전용01 (미추천),조봉진 (mad**),크리스토퍼,69,"17,960,000",조봉진,26/02/02 09:26,37,"15,350,000","2,610,000",2026-02-02,2026-02-02,0,충전완료
2323,지민전용01 (미추천),조영훈 (sol**),지수공주,1,"100,000",조영훈,26/01/11 21:04,1,"350,000","-250,000",2026-01-11,2026-01-13,20,충전완료
577,지민전용01 (미추천),조원재 (cro**),크로우저,1,"10,000",조원재,25/11/26 21:53,1,"20,000","-10,000",2025-11-26,2025-11-26,68,충전완료
890,지민전용01 (미추천),조정민 (whw**),자리,36,"2,180,000",조정민,25/12/29 20:58,5,"810,000","1,370,000",2025-12-29,2025-12-25,35,충전완료
670,지민전용01 (미추천),조현동 (dyo**),아우울상,2,"200,000",조현동,25/11/28 14:59,1,"220,000","-20,000",2025-11-28,2025-11-28,66,충전완료
36,지민전용01 (미추천),지성민 (ouo**),포스티잉,1,"300,000",지성민,25/11/13 04:32,0,0,"300,000",2025-11-13,-,81,충전완료
9,지민전용01 (미추천),진승환 (jhw**),진시황제,8,"240,000",진승환,25/11/05 17:36,0,0,"240,000",2025-11-05,-,89,충전완료
248,지민전용01 (미추천),차상준 (ckj**),갓세정,1,"50,000",차상준,25/11/20 07:44,0,0,"50,000",2025-11-20,-,74,충전완료
630,지민전용01 (미추천),최기창 (rlc**),매루티,4,"330,000",최기창,26/01/26 17:52,0,0,"330,000",2026-01-26,-,7,충전완료
997,지민전용01 (미추천),최락천 (knj**),돈따묵쟈,248,"12,280,000",최락천,26/02/01 03:58,35,"6,780,000","5,500,000",2026-02-01,2026-02-01,1,충전완료
1668,지민전용01 (미추천),최은석 (toa**),세신소,2,"200,000",최은석,25/12/21 16:11,0,0,"200,000",2025-12-21,-,43,충전완료
2628,지민전용01 (미추천),최재혁 (zjk**),아이포사고,1,"100,000",최재혁,26/01/23 20:05,0,0,"100,000",2026-01-23,-,10,충전완료
980,지민전용01 (미추천),최재훈 (dyd**),persipic,572,"218,340,000",최재훈,26/02/01 17:04,174,"221,630,000","-3,290,000",2026-02-01,2026-02-02,0,충전완료
993,지민전용01 (미추천),최정윤 (kqo**),라라뿌,34,"9,860,000",최정윤,26/01/05 17:15,13,"12,310,000","-2,450,000",2026-01-05,2026-01-04,28,충전완료
10,지민전용01 (미추천),최준 (lcl**),에우이,1,"30,000",최준,25/11/05 17:57,0,0,"30,000",2025-11-05,-,89,충전완료
690,지민전용01 (미추천),최지훈 (knk**),공칠이,5,"270,000",최지훈,25/12/08 23:35,7,"370,000","-100,000",2025-12-08,2025-12-09,55,충전완료
2715,지민전용01 (미추천),최형우 (mom**),불닭,1,"100,000",최형우,26/01/27 17:48,1,"320,000","-220,000",2026-01-27,2026-01-27,6,충전완료
2771,지민전용01 (미추천),커피사랑 (cof**),커피사랑,30,"67,507,118",커피사랑,26/01/30 13:56,14,"69,490,000","-1,982,882",2026-01-30,2026-01-29,3,충전완료
570,지민전용01 (미추천),한기현 (hj7**),제트장인,1,"10,000",한기현,25/11/26 19:57,0,0,"10,000",2025-11-26,-,68,충전완료
1049,지민전용01 (미추천),한유일 (kro**),나도사람이다,1,"10,000",한유일,25/12/06 22:44,0,0,"10,000",2025-12-06,-,58,충전완료
566,지민전용01 (미추천),한종수 (sno**),여수끼끼,3,"300,000",한종수,25/12/15 19:46,1,"10,000","290,000",2025-12-15,2025-11-27,49,충전완료
70,지민전용01 (미추천),한현석 (dal**),비디아이,2,"150,000",한현석,25/11/16 11:18,0,0,"150,000",2025-11-16,-,78,충전완료
2843,지민전용01 (미추천),현민수 (als**),민똘이,95,"14,460,000",현민수,26/02/02 08:30,29,"14,280,000","180,000",2026-02-02,2026-02-02,0,충전완료
312,지민전용01 (미추천),홍창우 (jyp**),십오야,2,"200,000",홍창우,25/11/21 15:55,0,0,"200,000",2025-11-21,-,73,충전완료
948,지민전용01 (미추천),황진욱 (qoo**),스오도고,3,"210,000",황진욱,25/12/04 12:22,1,"10,000","200,000",2025-12-04,2025-11-28,60,충전완료
