path,domain,doc_type,version,created_at,author,target,status,final_review_at,redirect_target
docs/chat_guidelines.md,unknown,,,,,,,,
docs/plans/2026-01-28-golden-evidence-center.md,unknown,,,,,,,,
docs/plans/2026-01-28-golden-semi-auto-crm.md,unknown,,,,,,,,
docs/v1archive/06_ops/06_ops_runbook_v1.0.md,unknown,,,,,,,,
docs/v1archive/06_ops/06_test_mode_spec_v1.0.md,unknown,,,,,,,,
docs/v1archive/06_ops/202601/exports/20260118_운영일지_DailyFocused.md,unknown,,,,,,,,
docs/v1archive/06_ops/202601/exports/20260119_운영일지_DailyFocused.md,unknown,,,,,,,,
docs/v1archive/06_ops/202601/exterior/rawdata/20260117_casino_logs_raw.md,unknown,,,,,,,,
docs/v1archive/06_ops/202601/exterior/rawdata/20260117_sports_logs_raw.md,unknown,,,,,,,,
docs/v1archive/06_ops/202601/exterior/도파민엑셀/[20260117]_운영일지.md,unknown,,,,,,,,
docs/v1archive/06_ops/202601/exterior/도파민엑셀/[20260117]_운영일지_DailyFocused_Fixed_v4.md,unknown,,,,,,,,
docs/v1archive/06_ops/202601/exterior/도파민엑셀/[20260118]_개발일지.md,unknown,,,,,,,,
docs/v1archive/06_ops/202601/exterior/도파민엑셀/[20260118]_운영_아이디어_제안.md,unknown,,,,,,,,
docs/v1archive/06_ops/202601/exterior/도파민엑셀/[20260118]_운영일지_오전_final.md,unknown,,,,,,,,
docs/v1archive/06_ops/202601/exterior/도파민엑셀/[20260118]_텔레그램_공지_템플릿.md,unknown,,,,,,,,
docs/v1archive/06_ops/202601/exterior/도파민엑셀/데일리_운영일지_템플릿.md,unknown,,,,,,,,
docs/v1archive/06_ops/202601/exterior/도파민엑셀/엑셀 raw데이터 분석.md,unknown,,,,,,,,
docs/v1archive/06_ops/202601/exterior/도파민엑셀/운영일지_템플릿.md,unknown,,,,,,,,
docs/v1archive/06_ops/202601/research/telegram_verification_standards.md,unknown,,,,,,,,
docs/v1archive/06_ops/202601/response_templates/cherry_dialogues.md,unknown,,,,,,,,
docs/v1archive/06_ops/202601/도파민1차/도파민01_신규유저_미션_가이드.md,unknown,,,,,,,,
docs/v1archive/06_ops/202601/도파민1차/도파민02_외부데이터_활용_가이드.md,unknown,,,,,,,,
docs/v1archive/06_ops/202601/도파민1차/도파민03_migration_guide_phase1_2_3.md,unknown,,,,,,,,
docs/v1archive/06_ops/202601/도파민1차/도파민03_roulette_rtp_params.md,unknown,,,,,,,,
docs/v1archive/06_ops/202601/도파민1차/도파민03_게임보상_개편_가이드.md,unknown,,,,,,,,
docs/v1archive/06_ops/202601/도파민1차/도파민03_프론트_UI_요구사항_스펙.md,unknown,,,,,,,,
docs/v1archive/06_ops/202601/도파민1차/도파민03_현황체크_및_갭분석.md,unknown,,,,,,,,
docs/v1archive/06_ops/202601/도파민1차/도파민04_리텐션_장치_가이드.md,unknown,,,,,,,,
docs/v1archive/06_ops/202601/도파민1차/도파민04_백엔드_구현_체크리스트.md,unknown,,,,,,,,
docs/v1archive/06_ops/202601/도파민1차/도파민04_프론트엔드_구현_체크리스트.md,unknown,,,,,,,,
docs/v1archive/06_ops/202601/도파민1차/도파민05_백엔드_구현_계획서.md,unknown,,,2026-01-14,,,,,
docs/v1archive/06_ops/202601/도파민1차/도파민05_백엔드_구현_체크리스트.md,unknown,,,2026-01-14,,,,,
docs/v1archive/06_ops/202601/도파민1차/도파민05_이벤트_장치_가이드.md,unknown,,,,,,,,
docs/v1archive/06_ops/202601/도파민1차/도파민05_프론트엔드_구현_계획서.md,unknown,,,2026-01-14,,,,,
docs/v1archive/06_ops/202601/도파민1차/도파민05_프론트엔드_구현_체크리스트.md,unknown,,,2026-01-14,,,,,
docs/v1archive/06_ops/202601/도파민1차/도파민06_로드맵_및_기타_가이드.md,unknown,,,,,,,,
docs/v1archive/06_ops/202601/도파민1차/도파민06_백엔드_구현_계획서.md,unknown,,,2026-01-14,,,,,
docs/v1archive/06_ops/202601/도파민1차/도파민06_백엔드_구현_체크리스트.md,unknown,,,2026-01-14,,,,,
docs/v1archive/06_ops/202601/도파민1차/도파민06_전략분석.md,unknown,,,,,,,,
docs/v1archive/06_ops/202601/도파민1차/도파민06_프론트엔드_구현_계획서.md,unknown,,,2026-01-14,,,,,
docs/v1archive/06_ops/202601/도파민1차/도파민06_프론트엔드_구현_체크리스트.md,unknown,,,2026-01-14,,,,,
docs/v1archive/06_ops/202601/도파민1차/도파민1차_2026_renewal_1on1_scripts.md,unknown,,,,,,,,
docs/v1archive/06_ops/202601/도파민1차/도파민1차_2026_user_segment_list.md,unknown,,,,,,,,
docs/v1archive/06_ops/202601/도파민1차/도파민1차_dopamine_rebrand_notice.md,unknown,,,,,,,,
docs/v1archive/06_ops/202601/도파민1차/도파민1차_final_dopamine_rebrand_notice.md,unknown,,,,,,,,
docs/v1archive/06_ops/202601/도파민2차/20260106_unified_economy_devlog.md,unknown,,,,,,,,
docs/v1archive/06_ops/202601/도파민2차/20260106_unified_economy_patch_plan_ko.md,unknown,,,,,,,,
docs/v1archive/06_ops/202601/도파민2차/20260106_unified_economy_refactoring_checklist.md,unknown,,,,,,,,
docs/v1archive/06_ops/202601/도파민2차/20260110_retention_master_plan_and_analysis.md,unknown,,,,,,,,
docs/v1archive/06_ops/202601/도파민2차/20260113_ops_crisis_scenarios_spec.md,unknown,,,,,,,,
docs/v1archive/06_ops/202601/도파민2차/UI_MODAL_LIST.md,unknown,,,,,,,,
docs/v1archive/06_ops/202601/도파민2차/[20261월둘째주]01_retention_feature_specs_v1.0.md,unknown,설계,v1.0,2026-01-09,BE팀 (Antigravity),"BE 개발자, FE 개발자",SoT,,
docs/v1archive/06_ops/202601/도파민2차/[20261월첫째주] [2026001#] elderly_user_guide_ko.md,unknown,가이드,v0.1,2026-01-04,운영/개발팀 (초안: Copilot),,,,
docs/v1archive/06_ops/202601/도파민2차/[20261월첫째주] [2026001#] unified_economy_and_progression_ko.md,unknown,,,,,,,,
docs/v1archive/06_ops/202601/도파민2차/[20261월첫째주] [2026001#] 현재앱리텐션요소종합 분석.md,unknown,,,,,,TicketZeroPanel.tsx 비활성화 (return null),,
docs/v1archive/06_ops/202601/도파민2차/[20261월첫째주] [2026001#]daily_mission_system_ko_v5.md,unknown,,,,,,,,
docs/v1archive/06_ops/202601/도파민2차/[20261월첫째주] [2026001#]economy_onboarding_v7.md,unknown,,,,,,,,
docs/v1archive/06_ops/202601/도파민2차/[20261월첫째주] [2026001#]inventory_voucher_system_ko.md,unknown,,,,,,,,
docs/v1archive/06_ops/202601/도파민2차/[20261월첫째주] [2026001#]ops_onboarding_apply_guide_ko.md,unknown,,,,,,,,
docs/v1archive/06_ops/202601/도파민2차/도파민00_Ops_System_Integration_Proposal.md,unknown,,,,,,,,
docs/v1archive/06_ops/202601/도파민2차/도파민00분석_및_대응.md,unknown,,,,,,,,
docs/v1archive/06_ops/202601/도파민2차/도파민00분석_및_대책수립.md,unknown,,,,,,,,
docs/v1archive/06_ops/202601/도파민2차/도파민00분석v2withgpt.md,unknown,,,,,,,,
docs/v1archive/06_ops/202601/도파민2차/도파민2차_marketing_playbook_complete.md,unknown,,,,,,,,
docs/v1archive/06_ops/202601/도파민2차/도파민2차_룰렛구현계획서_Part1_Segmentation_Fragments.md,unknown,,,,,,,,
docs/v1archive/06_ops/202601/도파민2차/도파민2차_복권구현계획서_Part2_Collection.md,unknown,,,,,,,,
docs/v1archive/06_ops/202601/도파민2차/도파민2차_체류시간증대_전략_v1.0.md,unknown,,,,,,,,
docs/v1archive/06_ops/202601/도파민2차/도파민2차디자인개선완료.md,unknown,,,,,,,,
docs/v1archive/06_ops/202601/도파민2차/도파민2차사운드plan완료.md,unknown,,,,,,,,
docs/v1archive/06_ops/202601/도파민2차/도파민AA202601_event_ops_plan_implementation_guide.md,unknown,,,,,,,,
docs/v1archive/06_ops/202601/도파민2차/도파민AA[20261월첫째주]retention_turnaround_plan.md,unknown,,,,,,,,
docs/v1archive/06_ops/202601/도파민2차/도파민AA_Ops_Admin_UX_Flow_Wireframe_Guide.md,unknown,,,2026-01-16,,,,,
docs/v1archive/06_ops/202601/도파민2차/도파민AA_Ops_Admin_UX_Plan.md,unknown,,,,,,,,
docs/v1archive/06_ops/202601/도파민2차/도파민AA_Ops_Evaluation_System.md,unknown,,,,,,,,
docs/v1archive/06_ops/202601/도파민2차/도파민AA_Ops_Frontend_Module_Design.md,unknown,,,,,,,,
docs/v1archive/06_ops/202601/도파민2차/도파민AA_Ops_Implementation_Checklist.md,unknown,,,2026-01-16,,,,,
docs/v1archive/06_ops/202601/도파민2차/도파민AA_Ops_Playbook_Backend_Analysis.md,unknown,,,,,,,,
docs/v1archive/06_ops/202601/도파민2차/도파민PROD_보상세팅_실무가이드.md,unknown,,,,,,,,
docs/v1archive/06_ops/202601/도파민2차/도파민sot.md,unknown,,,,,,,,
docs/v1archive/06_ops/202601/도파민2차/도파민템플릿_가이드.md,unknown,,,,,,,,
docs/v1archive/06_ops/202601/도파민2차/텔레그램_MiniApp_로컬E2E_대책(터널링_vs_스테이징).md,unknown,,,,,,,,
docs/v1archive/06_ops/202601/자료/20251225_detailed_operation_strategy.md,unknown,,,,,,,,
docs/v1archive/06_ops/202601/자료/20251225_operation_plan_bridge_week.md,unknown,,,,,,,,
docs/v1archive/06_ops/202601/자료/20251226_master_operation_plan_retention_cc.md,unknown,,,,,,,,
docs/v1archive/06_ops/202601/자료/202512asset_grand_cycle_plan.md,unknown,,,,,,,,
docs/v1archive/06_ops/202601/자료/202512ops_gap_playbook_2025-12-25.md,unknown,,,,,,,,
docs/v1archive/06_ops/202601/자료/2025season_cycle_efficiency.md,unknown,,,,,,,,
docs/v1archive/06_ops/202601/자료/20260101_cc_retention_gap_runbook_example_ko.md,unknown,,,2026-01-01,,,,,
docs/v1archive/06_ops/202601/자료/20260101_cc_retention_recovery_runbook_12-25_to_01-02_ko.md,unknown,,,2026-01-01,,,,,
docs/v1archive/06_ops/202601/자료/20260101_kpi_parallel_admin_excel_sop_ko.md,unknown,,,2026-01-01,,,,,
docs/v1archive/06_ops/202601/자료/20260101_telegram_user_matching_sop_ko.md,unknown,,,2026-01-01,,,,,
docs/v1archive/06_ops/202601/자료/20260102_launch_promo_user_acquisition_plan_0102_to_0106_ko.md,unknown,운영 계획,v1.1,2026-01-02,GitHub Copilot,,,,
docs/v1archive/06_ops/202601/자료/20260104_db_retention_analysis_ko.md,unknown,,,,,,,,
docs/v1archive/06_ops/202601/자료/20260104_event_plan_evaluation_ko.md,unknown,,,,,,,,
docs/v1archive/06_ops/202601/자료/202601_january_idea_note.md,unknown,,,,,,,,
docs/v1archive/06_ops/202601/자료/202601_operation_guide_cherrypicker_defense.md,unknown,,,,,,,,
docs/v1archive/06_ops/202601/자료/XMAS_합법적_게임기반_유저참여_메시지.md,unknown,,,,,,,,
docs/v1archive/06_ops/202601/자료/[20260110]10일집중리텐션운영가이드_v2.1.md,unknown,,,,,,,,
docs/v1archive/06_ops/202601/자료/admin_ux_improvement_process.md,unknown,,,,,,,,
docs/v1archive/06_ops/202601/자료/daily_retention_report_20260116.md,unknown,,,,,,,,
docs/v1archive/06_ops/202601/자료/excel_retention_group_people_report_20251229_ko.md,unknown,,,,,,,,
docs/v1archive/06_ops/202601/자료/incident_report_20260115_infinite_mining.md,unknown,,,,,,,,
docs/v1archive/06_ops/202601/자료/retention_x_db_signup_external_ranking_report_20251229_ko.md,unknown,,,,,,,,
docs/v1archive/06_ops/202601/자료/survey_system_improvements_v2.md,unknown,,,,,,,,
docs/v1archive/06_ops/202601/자료/스테이징_환경_구축_작업지시서(텔레그램_MiniApp_E2E).md,unknown,,,,,,,,
docs/v1archive/06_ops/202601/자료/이벤트_보상_및_상점_설정_리포트.md,unknown,,,,,,,,
docs/v1archive/06_ops/admin/01_admin_e2e_docker_runbook_v1.0.md,unknown,,,,,,,,
docs/v1archive/06_ops/admin/admin_dice_guide.md,unknown,가이드,v1.1,2025-12-25,시스템 설계팀,,,,
docs/v1archive/06_ops/admin/admin_login_auth_guide.md,unknown,가이드,v1.1,2025-12-25,시스템 설계팀,,,,
docs/v1archive/06_ops/admin/admin_lottery_guide.md,unknown,가이드,v1.1,2025-12-25,시스템 설계팀,,,,
docs/v1archive/06_ops/admin/admin_member_data_page_guide.md,unknown,,,,,,,,
docs/v1archive/06_ops/admin/admin_page_design_guide.md,unknown,,,,,,,,
docs/v1archive/06_ops/admin/admin_ranking_guide.md,unknown,가이드,v1.1,2025-12-25,시스템 설계팀,,,,
docs/v1archive/06_ops/admin/admin_rebuild_checklist.md,unknown,,,,,,,,
docs/v1archive/06_ops/admin/admin_roulette_guide.md,unknown,가이드,v1.1,2025-12-25,시스템 설계팀,,,,
docs/v1archive/06_ops/admin/admin_user_guide.md,unknown,가이드,v1.1,2025-12-25,시스템 설계팀,,,,
docs/v1archive/06_ops/admin/admin_user_identity_backfill_plan_20260103.md,unknown,운영 계획,,2026-01-03,,"운영자, 백엔드 담당",,,
docs/v1archive/06_ops/admin/admin_user_identity_crud_refactor_checklist.md,unknown,,,2026-01-03,,,,,
docs/v1archive/06_ops/admin/admin_user_identity_crud_refactor_spec_20260103.md,unknown,,,2026-01-03,,,,,
docs/v1archive/06_ops/admin/admin_user_identity_monitoring_20260103.md,unknown,운영/모니터링 가이드,,2026-01-03,,,,,
docs/v1archive/06_ops/admin/admin_user_identity_rollout_plan_20260103.md,unknown,릴리즈/운영 계획,,2026-01-03,,,,,
docs/v1archive/06_ops/audit/20260113_ops_crisis_scenarios_spec.md,unknown,,,,,,,,
docs/v1archive/06_ops/audit/202601운영로그설계서.md,unknown,,,,,,,,
docs/v1archive/06_ops/audit/202601운영로그설계체크리스트.md,unknown,,,,,,,,
docs/v1archive/06_ops/audit/[20261월첫째주] [2026001#]admin_audit_plan_ko.md,unknown,,,,,,,,
docs/v1archive/06_ops/audit/admin_ui_improvement_checklist.md,unknown,,,,,,,,
docs/v1archive/06_ops/audit/phase1_user_crm_audit_report.md,unknown,,,,,,,,
docs/v1archive/06_ops/audit/phase2_economy_game_audit_report.md,unknown,,,,,,,,
docs/v1archive/06_ops/audit/phase3_rewards_missions_seasons_audit_report.md,unknown,,,,,,,,
docs/v1archive/06_ops/audit/phase4_games_events_audit_report.md,unknown,,,,,,,,
docs/v1archive/06_ops/audit/phase5_system_others_audit_report.md,unknown,,,,,,,,
docs/v1archive/06_ops/audit/phase6_global_sync_integrity_audit_report.md,unknown,,,,,,,,
docs/v1archive/06_ops/audit/shop_page_redesign_guide.md,unknown,,,,,,,,
docs/v1archive/06_ops/audit/ticket_manager_page_redesign_guide.md,unknown,,,,,,,,
docs/v1archive/06_ops/audit/vault_admin_redesign_spec.md,unknown,,,,,,,,
docs/v1archive/06_ops/deployment/01_vultr_seoul_setup_guide_v1.0.md,unknown,가이드,v1.0,2026-01-09,BE팀 (Antigravity),"BE 개발자, SRE",SoT,,
docs/v1archive/06_ops/deployment/02_vultr_ubuntu_init_script_v1.0.md,unknown,런북,v1.0,2026-01-09,BE팀 (Antigravity),"BE 개발자, SRE",SoT,,
docs/v1archive/06_ops/deployment/03_fast_deployment_guide_v1.0.md,unknown,가이드,v1.0,2026-01-09,BE팀 (Antigravity),"BE 개발자, SRE",SoT,,
docs/v1archive/06_ops/deployment/04_post_deployment_verification_v1.0.md,unknown,,,,,,,,
docs/v1archive/06_ops/deployment/2026-01-13_CI_DEPLOY_RUNBOOK.md,unknown,운영/배포 Runbook + Postmortem(요약),v1.0,2026-01-13,,,,,
docs/v1archive/06_ops/deployment/99_deployment_troubleshooting_v1.0.md,unknown,,,,,,,,
docs/v1archive/06_ops/deployment/DEPLOYMENT.md,unknown,배포 가이드,v1.1,2025-12-25,시스템 설계팀,,,,
docs/v1archive/06_ops/deployment/DEPLOYMENT_EXPECTED_ERRORS.md,unknown,운영/배포 사전 점검,v1.6,2026-01-13,시스템 설계팀,,,,
docs/v1archive/06_ops/deployment/DEPLOYMENT_QUICKSTART.md,unknown,배포 가이드,v1.1,2025-12-25,시스템 설계팀,,,,
docs/v1archive/06_ops/deployment/DEPLOYMENT_STATUS.md,unknown,상태 보고서,v1.1,2025-12-25,시스템 설계팀,,,,
docs/v1archive/06_ops/deployment/DEPLOYMENT_root.md,unknown,배포 가이드,v1.1,2025-12-25,시스템 설계팀,,,,
docs/v1archive/06_ops/deployment/FINAL_DEPLOYMENT_STEPS.md,unknown,,,,,,,,
docs/v1archive/06_ops/deployment/SERVER_UPDATE_RUNBOOK.md,unknown,,,,,,,,
docs/v1archive/06_ops/deployment/vultr_deploy.md,unknown,,,,,,,,
docs/v1archive/06_ops/events/01_retention_strategy_integrated_v1.1.md,unknown,설계,v1.1,2026-01-09,BE팀 (Antigravity),"BE 개발자, PO, 운영팀",SoT,,
docs/v1archive/06_ops/events/20260104_dice_event_build_ko.md,unknown,,v2.0 (실행 가능 구현 수준),2026-01-04,,,,,
docs/v1archive/06_ops/events/20260104_event_plan_evaluation_ko.md,unknown,,,,,,,,
docs/v1archive/06_ops/events/20260104_golden_hour_event_plan_ko.md,unknown,,,,,,,,
docs/v1archive/06_ops/events/20260104_golden_hour_grafana.md,unknown,,,,,,,,
docs/v1archive/06_ops/events/20260104_streak_mission_event_plan_ko.md,unknown,,v2.0 (AAA Game Service Standard),2026-01-04,,,,,
docs/v1archive/06_ops/events/20260104_team_battle_variant_plan_ko.md,unknown,,,,,,,,
docs/v1archive/06_ops/events/20260106_telegram_native_features_plan_ko.md,unknown,,,,,,,,
docs/v1archive/06_ops/events/[20261월둘쨰주]20260104_dice_event_build_ko.md,unknown,,v2.0 (실행 가능 구현 수준),2026-01-04,,,,,
docs/v1archive/06_ops/events/[20261월둘쨰주]20260104_team_battle_variant_plan_ko.md,unknown,,,,,,,,
docs/v1archive/06_ops/events/[20261월첫째주] [2026001#01]final_user_report.md,unknown,,,,,,,,
docs/v1archive/06_ops/events/[20261월첫째주] 첫2주 운영플랜.md,unknown,,,,,,,,
docs/v1archive/06_ops/events/[20261월첫쨰주]72hour_slot_plan.md,unknown,,,,,,,,
docs/v1archive/07_review/audit/admin_audit_report_ko.md,unknown,,,,,,,,
docs/v1archive/07_review/backend_pending_actions.md,unknown,,,,,,,,
docs/v1archive/07_review/backend_progress_checklist.md,unknown,,,,,,,,
docs/v1archive/07_review/backend_validation_checklist_v1.0.md,unknown,,,,,,,,
docs/v1archive/07_review/db_validation_sync_status.md,unknown,,,,,,,,
docs/v1archive/07_review/frontend_christmas_theme_review_v1.0.md,unknown,,,,,,,,
docs/v1archive/07_review/frontend_progress_checklist.md,unknown,,,,,,,,
docs/v1archive/07_review/season_pass_progress_review_v1.0.md,unknown,,,,,,,,
docs/v1archive/07_review/xp_reward_rework.md,unknown,,,,,,,,
docs/v1archive/08_changelog/2024-12-31_link_code.md,unknown,,,,,,,,
docs/v1archive/08_changelog/20251228_deployment_debug_log.md,unknown,,,,,,,,
docs/v1archive/08_changelog/20251230_ssl_telegram_debug_log.md,unknown,,,,,,,,
docs/v1archive/08_changelog/20260101_bugfixes_and_qa.md,unknown,,,,,,,,
docs/v1archive/08_changelog/20260102_user_deletion_fix.md,unknown,,,,,,,,
docs/v1archive/08_changelog/20260102_vault_single_sot_phase3_progress.md,unknown,,,,,,,,
docs/v1archive/08_changelog/20260102_welcome_modal_policy_b.md,unknown,,,,,,,,
docs/v1archive/08_changelog/20260103_dice_config_vault_alignment.md,unknown,,,,,,,,
docs/v1archive/08_changelog/20260103_vault_ticket0_copy_cleanup.md,unknown,,,,,,,,
docs/v1archive/08_changelog/20260104_admin_dashboard_incident.md,unknown,,,,,,,,
docs/v1archive/08_changelog/20260104_admin_segment_recommendation_reason.md,unknown,,,,,,,,
docs/v1archive/08_changelog/20260104_system_cleanup_and_feature_updates.md,unknown,,,,,,,,
docs/v1archive/08_changelog/20260106_frontend_webp_assets_and_modal_updates.md,unknown,,,,,,,,
docs/v1archive/08_changelog/20260106_grinder_rule_dev_log.md,unknown,,,,,,,,
docs/v1archive/08_changelog/20260106_rewards_hub_bottom_nav.md,unknown,,,,,,,,
docs/v1archive/08_changelog/20260106_shop_auto_fulfill_tokens.md,unknown,,,,,,,,
docs/v1archive/08_changelog/20260106_unified_economy_bug_fixes.md,unknown,,,,,,,,
docs/v1archive/08_changelog/20260108_rate_limit_fix.md,unknown,,,,,,,,
docs/v1archive/08_changelog/20260110_server_restore_and_deposit_fix.md,unknown,,,,,,,,
docs/v1archive/08_changelog/20260111_economy_sot_docs_alignment.md,unknown,,,,,,,,
docs/v1archive/08_changelog/20260112_admin_ui_redesign_and_deployment_notes.md,unknown,,,,,,,,
docs/v1archive/08_changelog/20260112_dice_golden_hour_event_fix.md,unknown,,,,,,,,
docs/v1archive/08_changelog/20260112_test_fixes_backend.md,unknown,,,,,,,,
docs/v1archive/08_changelog/20260113_full_event_playbook_implementation.md,unknown,,,,,,,,
docs/v1archive/08_changelog/20260115_admin_inventory_integration.md,unknown,,,,,,,,
docs/v1archive/08_changelog/20260115_admin_shop_vault_product_fix.md,unknown,,,,,,,,
docs/v1archive/08_changelog/20260115_admin_vault_history_balance_display.md,unknown,,,,,,,,
docs/v1archive/08_changelog/20260115_initial_load_retry_fix.md,unknown,,,,,,,,
docs/v1archive/08_changelog/20260115_lottery_admin_reward_sync_fix.md,unknown,,,,,,,,
docs/v1archive/08_changelog/20260115_mission_action_type_fix.md,unknown,,,,,,,,
docs/v1archive/08_changelog/20260115_ops_plan_action_tests.md,unknown,,,,,,,,
docs/v1archive/08_changelog/20260115_ops_playbook_dev_log.md,unknown,,,,,,,,
docs/v1archive/08_changelog/20260115_ui_polish_vault_welcome_inventory.md,unknown,,,,,,,,
docs/v1archive/08_changelog/20260115_vault_withdrawal_logic_update.md,unknown,,,,,,,,
docs/v1archive/08_changelog/20260115_withdrawal_ui_and_ops_fix.md,unknown,,,,,,,,
docs/v1archive/08_changelog/20260116_admin_ticket_manager_inventory.md,unknown,,,,,,,,
docs/v1archive/08_changelog/20260116_dice_battle_mode_and_vault_logic.md,unknown,,,,,,,,
docs/v1archive/08_changelog/20260116_ops_admin_and_roulette_fix.md,unknown,,,,,,,,
docs/v1archive/08_changelog/20260116_welcome_modal_and_vault_daily_spending.md,unknown,,,,,,,,
docs/v1archive/08_changelog/20260117_joyride_and_log_fixes.md,unknown,,,,,,,,
docs/v1archive/08_changelog/20260117_ops_report_fix.md,unknown,,,,,,,,
docs/v1archive/08_changelog/20260117_vault_withdrawal_tier_fix.md,unknown,,,,,,,,
docs/v1archive/08_changelog/20260118_golden_project_dev_log.md,unknown,,,,,,,,
docs/v1archive/08_changelog/20260123_v2_admin_user_creation_and_compat_fixes.md,unknown,변경 로그,v1.3,2026-01-23,GitHub Copilot,,,,
docs/v1archive/08_changelog/99_changelog/2025-12-12.md,unknown,,,,,,,,
docs/v1archive/08_changelog/99_changelog/2025-12-14.md,unknown,,,,,,,,
docs/v1archive/08_changelog/99_changelog/2025-12-18.md,unknown,,,,,,,,
docs/v1archive/08_changelog/99_changelog/2025-12-19.md,unknown,,,,,,,,
docs/v1archive/08_changelog/99_changelog/2025-12-20.md,unknown,,,,,,,,
docs/v1archive/08_changelog/99_changelog/2025-12-21.md,unknown,,,,,,,,
docs/v1archive/08_changelog/99_changelog/2025-12-25.md,unknown,,,,,,,,
docs/v1archive/08_changelog/99_changelog/2025-12-26.md,unknown,,,,,,,,
docs/v1archive/08_changelog/99_changelog/2025-12-27.md,unknown,,,,,,,,
docs/v1archive/08_changelog/99_changelog/2025-12-28.md,unknown,,,,,,,,
docs/v1archive/08_changelog/99_changelog/2025-12-31.md,unknown,,,,,,,,
docs/v1archive/08_changelog/99_changelog/2026-01-13.md,unknown,,,,,,,,
docs/v1archive/08_changelog/99_changelog/2026-01-14.md,unknown,,,,,,,,
docs/v1archive/08_changelog/99_changelog/2026-01-15.md,unknown,,,,,,,,
docs/v1archive/08_changelog/99_changelog/project_changelog.md,unknown,,,,,,,,
docs/v1archive/08_changelog/[20261월둘째주]dev_log_20260113_admin_dashboard_playbook.md,unknown,,,,,,,,
docs/v1archive/08_changelog/[20261월둘째주]dev_log_20260114_dice_reward_config_vault_display_fix.md,unknown,,,,,,,,
docs/v1archive/08_changelog/[20261월둘째주]dev_log_20260114_vip_entry_production.md,unknown,,,,,,,,
docs/v1archive/08_changelog/[20261월첫째주]_dev_log_summary_20251230-20260105.md,unknown,,,,,,,,
docs/v1archive/08_changelog/[20261월첫째주]dev_log_20260105_streak_rewards.md,unknown,,,,,,,,
docs/v1archive/08_changelog/[20261월첫째주]dev_log_20260105_streak_rewards_and_fixes.md,unknown,,,,,,,,
docs/v1archive/08_changelog/[20261월첫째주]오류로그20260104_admin_dashboard_dev_log.md,unknown,,,,,,,,
docs/v1archive/08_changelog/v2_economy_sot_compliance_report.md,unknown,,,,,,,,
docs/v1archive/08_changelog/v2_verification_test_logs_20260124_phase4.md,unknown,,,,,,,,
docs/v1archive/09_marketing/golden/01_strategy/golden_ai_prompt_guidelines_v1.md,unknown,,,,,{유저군/상황},,,
docs/v1archive/09_marketing/golden/01_strategy/golden_d2_retention_tactics.md,unknown,,,,,,,,
docs/v1archive/09_marketing/golden/01_strategy/golden_data_strategy_v1.md,unknown,,,,,,,,
docs/v1archive/09_marketing/golden/01_strategy/golden_diagnosis_v2.md,unknown,,,,,,,,
docs/v1archive/09_marketing/golden/01_strategy/golden_ideas_expansion_v1.md,unknown,,,,,,,,
docs/v1archive/09_marketing/golden/01_strategy/golden_integrated_master_plan.md,unknown,,,,,,,,
docs/v1archive/09_marketing/golden/01_strategy/golden_system_metadata_integration_v1.md,unknown,,{golden|golden_v1},,,,,,
docs/v1archive/09_marketing/golden/01_strategy/golden_vision_summary_v1.md,unknown,,,,,,,,
docs/v1archive/09_marketing/golden/02_tech_spec/golden_ab_test_framework_v1.md,unknown,,,,,,,,
docs/v1archive/09_marketing/golden/02_tech_spec/golden_adaptive_engine_v1.md,unknown,,,,,,,,
docs/v1archive/09_marketing/golden/02_tech_spec/golden_ai_retention_plan.md,unknown,,,,,,,,
docs/v1archive/09_marketing/golden/02_tech_spec/golden_ch25_events_implementation_plan_v1.md,unknown,,,,,,,,
docs/v1archive/09_marketing/golden/02_tech_spec/golden_db_migration_plan_v1.md,unknown,,,,,,,,
docs/v1archive/09_marketing/golden/02_tech_spec/golden_dda_algorithm_v1.md,unknown,,,,,,,,
docs/v1archive/09_marketing/golden/02_tech_spec/golden_event_definition_v1.md,unknown,,,,,,,,
docs/v1archive/09_marketing/golden/02_tech_spec/golden_free_spin_probability_impact_v1.md,unknown,,,,,,,,
docs/v1archive/09_marketing/golden/02_tech_spec/golden_intervention_rules_proposal_v1.md,unknown,,,,,,,,
docs/v1archive/09_marketing/golden/02_tech_spec/golden_log_ingestion_v1.md,unknown,,,,,,,,
docs/v1archive/09_marketing/golden/02_tech_spec/golden_log_pipeline_spec_v1.md,unknown,,,,,,,,
docs/v1archive/09_marketing/golden/02_tech_spec/golden_ltv_roi_automation_v1.md,unknown,,,,,,,,
docs/v1archive/09_marketing/golden/02_tech_spec/golden_realtime_architecture_v1.md,unknown,,,,,,,,
docs/v1archive/09_marketing/golden/02_tech_spec/golden_variable_reward_algorithm_v1.md,unknown,,,,,,,,
docs/v1archive/09_marketing/golden/03_research/golden_evolution_roadmap_v1.md,unknown,,,,,,,,
docs/v1archive/09_marketing/golden/03_research/golden_gap_analysis_v1.md,unknown,,,,,,,,
docs/v1archive/09_marketing/golden/03_research/golden_goldilocks_diagnosis_v1.md,unknown,,,,,,,,
docs/v1archive/09_marketing/golden/03_research/golden_user_persona_analysis_v1.md,unknown,,,,,,,,
docs/v1archive/09_marketing/golden/04_report/golden_casino_sports_rawdata_integration_checklist_v1.md,unknown,,,,,,,,
docs/v1archive/09_marketing/golden/04_report/golden_dashboard_metrics_v1.md,unknown,,,,,,,,
docs/v1archive/09_marketing/golden/04_report/golden_execution_schedule_v1.md,unknown,,,,,,,,
docs/v1archive/09_marketing/golden/04_report/golden_execution_v1.md,unknown,,,,,,,,
docs/v1archive/09_marketing/golden/04_report/golden_impl_guide_and_checklist_v1.md,unknown,,,,,,,,
docs/v1archive/09_marketing/golden/04_report/golden_missing_evidence_implementation_plan_v1.md,unknown,,,,,,,,
docs/v1archive/09_marketing/golden/04_report/golden_monitoring_alert_criteria_v1.md,unknown,,,,,,,,
docs/v1archive/09_marketing/golden/04_report/golden_next_steps_guide_v1.md,unknown,,,,,,,,
docs/v1archive/09_marketing/golden/04_report/golden_progress_report_20260118.md,unknown,,,,,,,,
docs/v1archive/09_marketing/golden/04_report/golden_server_load_analysis_v1.md,unknown,,,,,,,,
docs/v1archive/09_marketing/golden/04_report/golden_system_integration_checklist_v1.md,unknown,,,,,,,,
docs/v1archive/09_marketing/golden/golden_master_map.md,unknown,,,,,,,,
docs/v1archive/09_marketing/golden/이해.md,unknown,,,,,,,,
docs/v1archive/2026_admin_game_config_schema_ko.md,unknown,,,,,,,,
docs/v1archive/2026_core_economy_glossary_ko.md,unknown,용어집(Glossary) / 운영·개발 공통 기준,v1.1,2026-01-16,,운영/기획/개발(Backend/Frontend),SoT(용어) / 동작·정책 SoT는 `unified_economy_and_progression_ko.md`를 우선,,
docs/v1archive/2026_game_action_schema_ko.md,unknown,,,,,,,,
docs/v1archive/2026_notification_feed_schema_ko.md,unknown,,,,,,,,
docs/v1archive/2026_ops_plan_execution_result_schema.md,unknown,,,,,,,,
docs/v1archive/2026_progression_schema_ko.md,unknown,,,,,,,,
docs/v1archive/2026_strict_vault_policy.md,unknown,,,,,,,,
docs/v1archive/AI_FAST_TRACK_GUIDE.md,unknown,,,,,,,,
docs/v1archive/ARCHIVE_POLICY.md,unknown,,,,,,,,
docs/v1archive/DOCUMENTATION_RULES.md,unknown,,,,,,,,
docs/v1archive/EXTERNAL_AI_BRIEF_v1.0.md,unknown,가이드,v1.0,2025-12-25,시스템 설계팀,,,,
docs/v1archive/INDEX.md,unknown,,,,,,,,
docs/v1archive/INDEX_BY_TIME.md,unknown,,,,,,,,
docs/v1archive/TEMPLATE_DOC.md,unknown,,,,,,(SoT/참고/아카이브),,
docs/v1archive/ai/00_v2_specs/01_v2_admin_dev_test_guide_ko_v1.0.md,unknown,,,,,운영/관리자가 로컬에서 V2 어드민 접속 확인을 빠르게 수행하기 위한 1페이지 런북,,,
docs/v1archive/ai/00_v2_specs/v2_2026_admin_game_config_schema_ko.md,unknown,,,,,,,,
docs/v1archive/ai/00_v2_specs/v2_2026_core_economy_glossary_ko.md,unknown,용어집(Glossary) / 운영·개발 공통 기준,v1.1,2026-01-16,,운영/기획/개발(Backend/Frontend),SoT(용어) / 동작·정책 SoT는 `unified_economy_and_progression_ko.md`를 우선,,
docs/v1archive/ai/00_v2_specs/v2_2026_game_action_schema_ko.md,unknown,,,,,,,,
docs/v1archive/ai/00_v2_specs/v2_2026_notification_feed_schema_ko.md,unknown,,,,,,,,
docs/v1archive/ai/00_v2_specs/v2_2026_ops_plan_execution_result_schema.md,unknown,,,,,,,,
docs/v1archive/ai/00_v2_specs/v2_2026_progression_schema_ko.md,unknown,,,,,,,,
docs/v1archive/ai/00_v2_specs/v2_2026_strict_vault_policy.md,unknown,,,,,,,,
docs/v1archive/ai/00_v2_specs/v2_ARCHIVE_POLICY.md,unknown,,,,,,,,
docs/v1archive/ai/00_v2_specs/v2_DOCUMENTATION_RULES.md,unknown,,,,,,,,
docs/v1archive/ai/00_v2_specs/v2_INDEX.md,unknown,,,,,,,,
docs/v1archive/ai/00_v2_specs/v2_INDEX_BY_TIME.md,unknown,,,,,,,,
docs/v1archive/ai/00_v2_specs/v2_TEMPLATE_DOC.md,unknown,,,,,,(SoT/참고/아카이브),,
docs/v1archive/ai/00_v2_specs/v2_golden_project_rules.md,unknown,,,,,,,,
docs/v1archive/ai/00_v2_specs/v2_v2_migration_plan.md,unknown,,,,,,,,
docs/v1archive/ai/01_overview/01_overview_system_v1.0.md,unknown,총괄,v1.4,2025-12-25,시스템 설계팀,,,,
docs/v1archive/ai/02_architecture/02_architecture_backend_v1.0.md,unknown,아키텍처,v1.4,2025-12-25,시스템 설계팀,,,,
docs/v1archive/ai/02_architecture/frontend/01_frontend_overview.md,unknown,,,,,,,,
docs/v1archive/ai/02_architecture/frontend/02_frontend_stack_spec.md,unknown,,,,,,,,
docs/v1archive/ai/02_architecture/frontend/03_frontend_architecture.md,unknown,,,,,,,,
docs/v1archive/ai/02_architecture/frontend/04_frontend_routes_and_navigation.md,unknown,,,,,,,,
docs/v1archive/ai/02_architecture/frontend/05_frontend_state_and_api_layer.md,unknown,,,,,,,,
docs/v1archive/ai/02_architecture/frontend/06_frontend_ui_ux_guidelines.md,unknown,,,,,,,,
docs/v1archive/ai/02_architecture/frontend/07_frontend_user_app_spec.md,unknown,,,,,,,,
docs/v1archive/ai/02_architecture/frontend/08_frontend_admin_app_spec.md,unknown,,,,,,,,
docs/v1archive/ai/02_architecture/frontend/09_frontend_components_and_style_system.md,unknown,,,,,,,,
docs/v1archive/ai/02_architecture/frontend/10_frontend_auth_and_security.md,unknown,,,,,,,,
docs/v1archive/ai/02_architecture/frontend/11_frontend_error_loading_patterns.md,unknown,,,,,,,,
docs/v1archive/ai/02_architecture/frontend/12_frontend_build_and_env.md,unknown,,,,,,,,
docs/v1archive/ai/02_architecture/frontend/13_frontend_testing_and_qc.md,unknown,,,,,,,,
docs/v1archive/ai/02_architecture/frontend/14_frontend_validation_checklist.md,unknown,,,,,,,,
docs/v1archive/ai/02_architecture/frontend/frontend_api_contract_freeze.md,unknown,,,,,,,,
docs/v1archive/ai/02_architecture/telegram/tma_technical_implementation_plan.md,unknown,,,,,,,,
docs/v1archive/ai/02_architecture/telegram/tma_utilization_report.md,unknown,,,,,,,,
docs/v1archive/ai/02_architecture/telegram_account_linking_v1_ko.md,unknown,,,,,,,,
docs/v1archive/ai/03_api/03_api_overview_v1.0.md,unknown,,,,,,,,
docs/v1archive/ai/03_api/03_api_season_pass_v1.0.md,unknown,,,,,,,,
docs/v1archive/ai/03_api/team_battle.md,unknown,,,,,,,,
docs/v1archive/ai/04_db/04_db_core_tables_v1.0.md,unknown,,,,,,,,
docs/v1archive/ai/04_db/04_db_season_pass_tables_v1.0.md,unknown,,,,,,,,
docs/v1archive/ai/05_modules/05_module_backend_services_v1.0.md,unknown,,,,,,,,
docs/v1archive/ai/05_modules/05_module_dice_service_v1.0.md,unknown,,,,,,,,
docs/v1archive/ai/05_modules/05_module_game_common_v1.0.md,unknown,,,,,,,,
docs/v1archive/ai/05_modules/05_module_lottery_service_v1.0.md,unknown,,,,,,,,
docs/v1archive/ai/05_modules/05_module_new_member_dice_v1.0.md,unknown,,,,,,,,
docs/v1archive/ai/05_modules/05_module_ranking_service_v1.0.md,unknown,,,,,,,,
docs/v1archive/ai/05_modules/05_module_roulette_service_v1.0.md,unknown,,,,,,,,
docs/v1archive/ai/05_modules/05_module_season_pass_service_v1.0.md,unknown,,,,,,,,
docs/v1archive/ai/05_modules/05_module_survey_retention_feature_v1.0.md,unknown,,,,,,,,
docs/v1archive/ai/05_modules/05_module_vault_master_final_trial_ticket_v2.2.md,unknown,,,,,,,,
docs/v1archive/ai/05_modules/05_module_vault_master_implementation_checklist_v1.0.md,unknown,,,,,,,,
docs/v1archive/ai/05_modules/05_module_vault_new_user_strategy_v2.0.md,unknown,,,,,,,,
docs/v1archive/ai/05_modules/05_module_vault_phase1_backend_checklist.md,unknown,,,,,,,,
docs/v1archive/ai/05_modules/design/[2026001#]daily_mission_system_ko_v5.md,unknown,,,,,,,,
docs/v1archive/ai/05_modules/design/[20261월첫째주] [2026001#] unified_economy_and_progression_ko.md,unknown,,,,,,,,
docs/v1archive/ai/05_modules/design/[20261월첫째주] [2026001#]daily_mission_system_ko_v6.md,unknown,,,,,,,,
docs/v1archive/ai/05_modules/design/[20261월첫째주] [2026001#]economy_onboarding_v7.md,unknown,,,,,,,,
docs/v1archive/ai/05_modules/design/[20261월첫째주] [2026001#]inventory_voucher_system_ko.md,unknown,,,,,,,,
docs/v1archive/ai/05_modules/design/new_user_challenge_ui.md,unknown,,,,,,,,
docs/v1archive/ai/05_modules/product/[20261월첫째주] [2026001#] vault_single_sot_unification_plan_v1.0.md,unknown,설계 / 가이드 / 체크리스트,v1.4,2026-01-02,"BE팀(초안, Copilot)",,,,
docs/v1archive/ai/05_modules/product/coin_system_stabilization.md,unknown,,,,,,,,
docs/v1archive/ai/05_modules/product/external_dev_handoff.md,unknown,,,,,,,,
docs/v1archive/ai/05_modules/product/external_ranking_design.md,unknown,,,,,,,,
docs/v1archive/ai/05_modules/product/level_xp_core_rewards.md,unknown,,,,,,,,
docs/v1archive/ai/05_modules/product/public_chat_design.md,unknown,,,,,,,,
docs/v1archive/ai/05_modules/product/ranking_seasonpass_simple_guide.md,unknown,,,,,,,,
docs/v1archive/ai/05_modules/product/team_battle_design.md,unknown,,,,,,,,
docs/v1archive/ai/05_modules/product/team_battle_feedback_alerts_design.md,unknown,,,,,,,,
docs/v1archive/ai/05_modules/product/team_battle_rules_2025-12-13.md,unknown,,,,,,,,
docs/v1archive/ai/05_modules/product/ui_ux_retention_analysis.md,unknown,,,,,,,,
docs/v1archive/ai/05_modules/team_battle_ui_ux.md,unknown,,,,,,,,
docs/v1archive/ai/05_modules/🔧 Project Structure Overview.md,unknown,,,,,,,,
docs/v1archive/archive/202601/design/archive/2026!!daily_mission_system_ko.md,unknown,,,,,,,,
docs/v1archive/archive/202601/design/archive/2026!!daily_mission_system_ko_v6.md,unknown,,,,,,,,
docs/v1archive/archive/202601/design/archive/2026!!daily_mission_system_v2_ko.md,unknown,,,,,,,,
docs/v1archive/archive/202601/design/archive/2026!!daily_mission_system_v3_telegram_only_ko.md,unknown,,,,,,,,
docs/v1archive/archive/202601/design/archive/daily_mission_system.md,unknown,,,,,,,,
docs/v1archive/archive/202601/design/archive/ticket_zero_rescue_rps_bot_ko.md,unknown,,,,,,,,
docs/v1archive/archive/202601/design/archive/unified_economy_and_progression.md,unknown,,,,,,,,
docs/v1archive/archive/202601/research/research_archive/EXTERNAL_AI_SYSTEM_OVERVIEW.md,unknown,,,,,,,,
docs/v1archive/archive/202601/research/research_archive/_archive/05_modules/05_module_vault_existing_user_strategy_v2.0.md,unknown,,,,,,,,
docs/v1archive/archive/202601/research/research_archive/_archive/05_modules/05_module_vault_master_reset_phase1.md,unknown,,,,,,,,
docs/v1archive/archive/202601/research/research_archive/_archive/05_modules/05_module_vault_unlock_feature_v1.0.md,unknown,,,,,,,,
docs/v1archive/archive/202601/research/research_archive/한국추가.md,unknown,,,,,,,,
docs/v1archive/archive/202601/research/research_archive/한국추가2.md,unknown,,,,,,,,
docs/v1archive/archive/archive/new_member_vault_funnel_implementation_checklist_v1.0.md,unknown,,,,,,,,
docs/v1archive/archive/archive/new_member_vault_funnel_plan_v1.0.md,unknown,,,,,,,,
docs/v1archive/archive/archive/ops/LOCAL_DEVELOPMENT.md,unknown,,,,,,,,
docs/v1archive/archive/archive/ops/LOCAL_TESTING_GUIDE.md,unknown,,,,,,,,
docs/v1archive/archive/archive/ops/ONBOARDING.md,unknown,,,,,,,,
docs/v1archive/archive/archive/ops/SECURITY_GUIDE.md,unknown,,,,,,,,
docs/v1archive/archive/archive/ops/[20261월둘째주] 20260114_ci_wip_safety_guide.md,unknown,,,,,,,,
docs/v1archive/archive/archive/ops/[20261월첫째주] [2026001#]SERVER_ENV_ONBOARDING.md,unknown,,,,,,,,
docs/v1archive/archive/archive/personalization_feature_checklist.md,unknown,,,,,,,,
docs/v1archive/archive/archive/personalization_runbook.md,unknown,,,,,,,,
docs/v1archive/archive/archive/season_pass_spec_v1.0.md,unknown,,,,,,,,
docs/v1archive/archive/archive/season_pass_spec_v2.0.md,unknown,,,,,,,,
docs/v1archive/archive/archive/vault_contingency_plan.md,unknown,,,,,,,,
docs/v1archive/archive/archive/vault_ops_queries.md,unknown,,,,,,,,
docs/v1archive/archive/archive/vault_trial_ticket_integration_global_checklist_v1.0.md,unknown,,,,,,,,
docs/v1archive/archive/엑셀자료/리텐션_마케팅_가이드.md,unknown,,,,,,,,
docs/v1archive/backup/flow_feature_mapping_v1_v2_20260123.md,unknown,,,,,,,,
docs/v1archive/backup/flow_feature_mapping_v1_v2_20260123_full.md,unknown,,,,,,,,
docs/v1archive/changelog/20260116_live_feed_implementation.md,unknown,,,,,,,,
docs/v1archive/changelog/20260116_lottery_polish_and_cleanup.md,unknown,,,,,,,,
docs/v1archive/changelog/20260116_onboarding_hotfixes.md,unknown,,,,,,,,
docs/v1archive/changelog/20260116_vault_withdrawal_rules.md,unknown,,,,,,,,
docs/v1archive/changelog/20260117_ui_polish_and_build_fixes.md,unknown,,,,,,,,
docs/v1archive/design/admin_dashboard_layout_design.md,unknown,,,,,,,,
docs/v1archive/design/field_input_layout_design.md,unknown,,,,,,,,
docs/v1archive/design/game_management_layout_design.md,unknown,,,,,,,,
docs/v1archive/design/operations_management_layout_design.md,unknown,,,,,,,,
docs/v1archive/golden_project_rules.md,unknown,,,,,,,,
docs/v1archive/weekly/[20261월첫째주]_핵심문서_인덱스.md,unknown,,,,,,,,
docs/v1archive/weekly/docs/06_ops/events/20260104_team_battle_variant_plan_ko.md,unknown,,,,,,,,
docs/v2_specs/00_sot_meta/00_A_sot_code_ops_chk/1차_2026_Production DB 시드 데이터 필요 테이블 - 최종 통합본.md,meta,,,2026-01-30,,,,,
docs/v2_specs/00_sot_meta/00_A_sot_code_ops_chk/20260204_segment_mapping_audit.md,meta,,,,,,,,
docs/v2_specs/00_sot_meta/00_A_sot_code_ops_chk/learned_/00_con.md,00_con.md,,,,,,,,
docs/v2_specs/00_sot_meta/00_A_sot_code_ops_chk/learned_/admin/01.admin.md,admin,,,,,,,2026-02-06,
docs/v2_specs/00_sot_meta/00_A_sot_code_ops_chk/learned_/admin/01.adminguide.md,admin,가이드,v1.2,2026-02-06,GitHub Copilot,V2 Admin (Backend/Frontend/Ops),SoT,,
docs/v2_specs/00_sot_meta/00_A_sot_code_ops_chk/learned_/admin/20260129_v2_admin_features_update.md,admin,,,,,,,,
docs/v2_specs/00_sot_meta/00_A_sot_code_ops_chk/learned_/admin/20260206_admin_audit_and_routing_rules.md,admin,Learned SoT,v1.0,2026-02-06,GitHub Copilot,V2 Admin (Backend/Frontend/Ops),SoT,,
docs/v2_specs/00_sot_meta/00_A_sot_code_ops_chk/learned_/admin/learned_context_summary_admin.md,admin,,,,,,,,
docs/v2_specs/00_sot_meta/00_A_sot_code_ops_chk/learned_/auth/20260129_auth_mission_integration_test_update.md,auth,learned_ 패치 노트,v1.0,2026-01-29,GitHub Copilot,BE/QA,적용 완료 ✅,,
docs/v2_specs/00_sot_meta/00_A_sot_code_ops_chk/learned_/auth/20260129_v2_auth_reliability_update.md,auth,learned_ 패치 노트,v1.1,2026-01-29,GitHub Copilot,BE/FE/QA,적용 완료 ✅ (문서 정합 갱신),,
docs/v2_specs/00_sot_meta/00_A_sot_code_ops_chk/learned_/auth/auth.md,auth,learned_ 정합성 체크,v1.1,2026-01-26,GitHub Copilot,BE/FE/운영,운영 점검 필요 🟡,2026-02-06,
docs/v2_specs/00_sot_meta/00_A_sot_code_ops_chk/learned_/auth/learned_context_summary_auth.md,auth,,,,,,,,
docs/v2_specs/00_sot_meta/00_A_sot_code_ops_chk/learned_/auth/v2_auth_technical_guide_ko.md,auth,기술 가이드,v1.1,2026-01-28,GitHub Copilot,BE 개발자,구현 완료 ✅,,
docs/v2_specs/00_sot_meta/00_A_sot_code_ops_chk/learned_/auth/v2_auth_trouble_mapping_ko.md,auth,트러블슈팅 가이드,v1.2,2026-01-28,GitHub Copilot,BE/FE/운영,구현 완료 ✅ (트러블 예상율 0%),,
docs/v2_specs/00_sot_meta/00_A_sot_code_ops_chk/learned_/auth/v2_telegram_auth_sot_ko.md,auth,SoT,v1.1,2026-01-28,GitHub Copilot,BE/FE/기획/운영,구현 완료 ✅,2026-01-29,
docs/v2_specs/00_sot_meta/00_A_sot_code_ops_chk/learned_/game/01_strict_vault_policy.md,game,,,,,,,,
docs/v2_specs/00_sot_meta/00_A_sot_code_ops_chk/learned_/game/02_empty_shop_risk.md,game,,,,,,,,
docs/v2_specs/00_sot_meta/00_A_sot_code_ops_chk/learned_/game/03.game.md,game,,,,,,,2026-01-26,
docs/v2_specs/00_sot_meta/00_A_sot_code_ops_chk/learned_/game/03_enum_naming_consistency.md,game,,,,,,,,
docs/v2_specs/00_sot_meta/00_A_sot_code_ops_chk/learned_/game/04_ops_checklist.md,game,,,,,,,,
docs/v2_specs/00_sot_meta/00_A_sot_code_ops_chk/learned_/game/20260127_dice_modal_vault_earn_display_fix.md,game,,,,,,,,
docs/v2_specs/00_sot_meta/00_A_sot_code_ops_chk/learned_/game/20260127_lottery_prize_partial_update_fix.md,game,,,,,,,,
docs/v2_specs/00_sot_meta/00_A_sot_code_ops_chk/learned_/game/20260127_lottery_ui_backend_tier_sync.md,game,,,,,,,,
docs/v2_specs/00_sot_meta/00_A_sot_code_ops_chk/learned_/game/20260128_게임_티켓_레저_분리_테스트_실패_원인_및_핵심_수정_내역.md,game,,,,,,,,
docs/v2_specs/00_sot_meta/00_A_sot_code_ops_chk/learned_/game/20260131_puzzle_collection_gold_key_craft.md,game,,,,,,,,
docs/v2_specs/00_sot_meta/00_A_sot_code_ops_chk/learned_/game/learned_context_summary_game.md,game,,,,,,,,
docs/v2_specs/00_sot_meta/00_A_sot_code_ops_chk/learned_/golden/00_v2_golden_comprehensive_summary.md,golden,,,,,,,,
docs/v2_specs/00_sot_meta/00_A_sot_code_ops_chk/learned_/golden/11.roi_analysis.md,golden,,,,,,,,
docs/v2_specs/00_sot_meta/00_A_sot_code_ops_chk/learned_/golden/12.hq_margin_csv_import_comprehensive.md,golden,,,,,,,,
docs/v2_specs/00_sot_meta/00_A_sot_code_ops_chk/learned_/golden/13.game_log_csv_import_spec.md,golden,,,,,,,,
docs/v2_specs/00_sot_meta/00_A_sot_code_ops_chk/learned_/golden/14.csv_data_integration_expansion_spec.md,golden,,,,,,,,
docs/v2_specs/00_sot_meta/00_A_sot_code_ops_chk/learned_/golden/15.latency_survival_spec.md,golden,,,,,,,,
docs/v2_specs/00_sot_meta/00_A_sot_code_ops_chk/learned_/golden/20260131_hq_margin_csv_import_design.md,golden,,,,,,,,
docs/v2_specs/00_sot_meta/00_A_sot_code_ops_chk/learned_/golden/20260131_hq_margin_csv_import_implementation.md,golden,,,,,,,,
docs/v2_specs/00_sot_meta/00_A_sot_code_ops_chk/learned_/golden/20260131_hq_margin_csv_import_phase2_4_detailed_design.md,golden,,,,,,,,
docs/v2_specs/00_sot_meta/00_A_sot_code_ops_chk/learned_/golden/20260131_hq_margin_csv_import_phase2_4_detailed_implementation.md,golden,,,,,,,,
docs/v2_specs/00_sot_meta/00_A_sot_code_ops_chk/learned_/golden/20260131_hq_margin_csv_import_phase2_ops_dashboard.md,golden,,,,,,,,
docs/v2_specs/00_sot_meta/00_A_sot_code_ops_chk/learned_/golden/20260131_hq_margin_csv_import_phase3_prospective_users.md,golden,,,,,,,,
docs/v2_specs/00_sot_meta/00_A_sot_code_ops_chk/learned_/golden/20260131_hq_margin_csv_import_phase4_golden_alignment.md,golden,,,,,,,,
docs/v2_specs/00_sot_meta/00_A_sot_code_ops_chk/learned_/golden/20260131_hq_margin_dashboard_phase2_design.md,golden,,,,,,,,
docs/v2_specs/00_sot_meta/00_A_sot_code_ops_chk/learned_/golden/20260202_csv_data_integration_expansion_implementation.md,golden,,,,,,,,
docs/v2_specs/00_sot_meta/00_A_sot_code_ops_chk/learned_/golden/20260204_cherry_picker_segment_design.md,golden,,,,,,,,
docs/v2_specs/00_sot_meta/00_A_sot_code_ops_chk/learned_/golden/20260205_spending_ledger_withdrawal_import_impl.md,golden,,,,,,,,
docs/v2_specs/00_sot_meta/00_A_sot_code_ops_chk/learned_/inventory/05.inventory.md,inventory,,,,,,,2026-01-26,
docs/v2_specs/00_sot_meta/00_A_sot_code_ops_chk/learned_/inventory/05.inventory_patch_guide.md,inventory,,,,,,,,
docs/v2_specs/00_sot_meta/00_A_sot_code_ops_chk/learned_/inventory/20260204_admin_revoke_log_alignment.md,inventory,패치,v1.0,2026-02-04,GitHub Copilot,V2 운영/개발 담당자,적용 완료,,
docs/v2_specs/00_sot_meta/00_A_sot_code_ops_chk/learned_/inventory/learned_context_summary_inventory.md,inventory,,,,,,,,
docs/v2_specs/00_sot_meta/00_A_sot_code_ops_chk/learned_/inventory/v2_reward_mapping_sot_ko.md,inventory,SoT,v1.0,2026-01-18,GitHub Copilot,BE/FE/기획,SoT,,
docs/v2_specs/00_sot_meta/00_A_sot_code_ops_chk/learned_/inventory/v2_reward_type_standard_sot_ko.md,inventory,SoT,v1.1,2026-01-21,GitHub Copilot,BE/FE/기획,SoT,,
docs/v2_specs/00_sot_meta/00_A_sot_code_ops_chk/learned_/inventory/v2_ticket_conversion_sot_ko.md,inventory,SoT,v1.0,2026-01-18,GitHub Copilot,BE/FE/기획,SoT,,
docs/v2_specs/00_sot_meta/00_A_sot_code_ops_chk/learned_/inventory/v2_ticket_enum_code_alignment_sot_ko.md,inventory,SoT,v1.0,2026-01-19,GitHub Copilot,BE/FE/기획,SoT,,
docs/v2_specs/00_sot_meta/00_A_sot_code_ops_chk/learned_/inventory/v2_ticket_enum_sot_ko.md,inventory,SoT,v1.0,2026-01-18,GitHub Copilot,BE/FE/기획,SoT,,
docs/v2_specs/00_sot_meta/00_A_sot_code_ops_chk/learned_/level/07.level.md,level,,,,,,,2026-02-04,
docs/v2_specs/00_sot_meta/00_A_sot_code_ops_chk/learned_/level/20260128_level_daily_xp_limit_discarded_update.md,level,,,,,,,,
docs/v2_specs/00_sot_meta/00_A_sot_code_ops_chk/learned_/level/20260204_v2_sot_consolidation.md,level,,,,,,,,
docs/v2_specs/00_sot_meta/00_A_sot_code_ops_chk/learned_/level/learned_context_summary_level.md,level,,,,,,,,
docs/v2_specs/00_sot_meta/00_A_sot_code_ops_chk/learned_/level/v2_level_point_sot_ko.md,level,SoT,v1.0,2026-01-18,GitHub Copilot,BE/FE/기획,SoT,,
docs/v2_specs/00_sot_meta/00_A_sot_code_ops_chk/learned_/level/v2_level_point_storage_sot_ko.md,level,SoT,v1.0,2026-01-19,GitHub Copilot,BE/FE/기획,SoT,,
docs/v2_specs/00_sot_meta/00_A_sot_code_ops_chk/learned_/level/v2_level_reward_table_sot_ko.md,level,SoT,v1.0,2026-01-18,GitHub Copilot,BE/FE/기획,SoT,,
docs/v2_specs/00_sot_meta/00_A_sot_code_ops_chk/learned_/level/v2_progression_schema_ko.md,level,데이터 스키마 / 아키텍처 표준,v2.0,2026-01-19,GitHub Copilot,BE/FE/운영,SoT,,
docs/v2_specs/00_sot_meta/00_A_sot_code_ops_chk/learned_/mission/09.mission.md,mission,,,,,,,2026-01-26,
docs/v2_specs/00_sot_meta/00_A_sot_code_ops_chk/learned_/mission/10.mission_actionable_guides.md,mission,,,,,,,,
docs/v2_specs/00_sot_meta/00_A_sot_code_ops_chk/learned_/mission/20260126_mission_rewardType_enum_drift_update.md,mission,,,,,,,,
docs/v2_specs/00_sot_meta/00_A_sot_code_ops_chk/learned_/mission/20260127_mission_admin_builder_rules_update.md,mission,,,,,,,,
docs/v2_specs/00_sot_meta/00_A_sot_code_ops_chk/learned_/mission/20260127_mission_builder_auto_logickey_update.md,mission,,,,,,,,
docs/v2_specs/00_sot_meta/00_A_sot_code_ops_chk/learned_/mission/20260127_mission_error_update.md,mission,,,,,,,,
docs/v2_specs/00_sot_meta/00_A_sot_code_ops_chk/learned_/mission/20260127_mission_preset_expansion.md,mission,,,,,,,,
docs/v2_specs/00_sot_meta/00_A_sot_code_ops_chk/learned_/mission/20260129_mission_logic_alignment_update.md,mission,,,,,,,,
docs/v2_specs/00_sot_meta/00_A_sot_code_ops_chk/learned_/mission/20260129_telegram_mission_reliability_update.md,mission,,,,,,,,
docs/v2_specs/00_sot_meta/00_A_sot_code_ops_chk/learned_/mission/20260130_mission_admin_features_update.md,mission,,,,,,,,
docs/v2_specs/00_sot_meta/00_A_sot_code_ops_chk/learned_/mission/learned_context_summary_mission.md,mission,,,,,,,2026-01-26,
docs/v2_specs/00_sot_meta/00_A_sot_code_ops_chk/learned_/mission/mission_channel_join.md,mission,,,,,,,,
docs/v2_specs/00_sot_meta/00_A_sot_code_ops_chk/learned_/ops/20260203_ops_marketing_w1_w2_automation_tracking.md,ops,learned,v1.0,2026-02-03,GitHub Copilot,운영/기획/BE/FE,SoT 후보,,
docs/v2_specs/00_sot_meta/00_A_sot_code_ops_chk/learned_/ops/20260206_funnel_friction_activity_logging_requirements.md,ops,learned,v1.0,2026-02-06,GitHub Copilot,운영/기획/BE/FE,SoT 후보,,
docs/v2_specs/00_sot_meta/00_A_sot_code_ops_chk/learned_/ops/v2_redis_keys_channels_sot_ko.md,ops,SoT,v1.0,2026-01-18,GitHub Copilot,BE/FE/기획,SoT,,
docs/v2_specs/00_sot_meta/00_A_sot_code_ops_chk/learned_/segment/20260202_segment_new_user_window_rule.md,segment,learned,v1.0,2026-02-02,GitHub Copilot,BE/FE/DB/운영,SoT 후보,,
docs/v2_specs/00_sot_meta/00_A_sot_code_ops_chk/learned_/segment/20260202_segment_unification_common_vip_whale_at_risk.md,segment,learned,v1.0,2026-02-02,GitHub Copilot,BE/FE/DB/운영,SoT 후보,,
docs/v2_specs/00_sot_meta/00_A_sot_code_ops_chk/learned_/segment/v2_user_segment_policy_sot_ko.md,segment,SoT,v1.2,2026-02-02,GitHub Copilot,BE/운영/기획,SoT,,
docs/v2_specs/00_sot_meta/00_A_sot_code_ops_chk/learned_/shop/06.shop.md,shop,,,,,,,2026-02-05,
docs/v2_specs/00_sot_meta/00_A_sot_code_ops_chk/learned_/shop/06.shop_patch_guide.md,shop,,,,,,,,
docs/v2_specs/00_sot_meta/00_A_sot_code_ops_chk/learned_/shop/20260127_shop_cost_type_fix.md,shop,변경 로그,v1.1,2026-01-27,GitHub Copilot,,,,
docs/v2_specs/00_sot_meta/00_A_sot_code_ops_chk/learned_/shop/20260127_shop_purchase_vault_balance_ui_refresh_fix.md,shop,변경 로그,v1.0,2026-01-27,GitHub Copilot,,✅ 해결됨,,
docs/v2_specs/00_sot_meta/00_A_sot_code_ops_chk/learned_/shop/20260205_shop_cost_type_expansion.md,shop,,,,,,,,
docs/v2_specs/00_sot_meta/00_A_sot_code_ops_chk/learned_/shop/learned_context_summary_shop.md,shop,,,,,,,,
docs/v2_specs/00_sot_meta/00_A_sot_code_ops_chk/learned_/shop/v2_shop_exchange_policy_sot_ko.md,shop,경제/상점 정책,v1.1,2026-01-19,Antigravity Agent,기획/운영 팀,SoT,,
docs/v2_specs/00_sot_meta/00_A_sot_code_ops_chk/learned_/shop/v2_shop_inventory_service_design_ko.md,shop,설계,v1.0,2026-01-19,GitHub Copilot,BE/FE/기획,SoT,,
docs/v2_specs/00_sot_meta/00_A_sot_code_ops_chk/learned_/teambattle/04.team_battle.md,teambattle,,,,,,,2026-01-26,
docs/v2_specs/00_sot_meta/00_A_sot_code_ops_chk/learned_/teambattle/20260126_team_battle_nickname_lookup_update.md,teambattle,,,,,,,,
docs/v2_specs/00_sot_meta/00_A_sot_code_ops_chk/learned_/teambattle/20260127_team_battle_rankings_endpoint_update.md,teambattle,learned 패치 노트,v1.0,2026-01-27,GitHub Copilot,BE/OPS,SoT 보조(learned_),,
docs/v2_specs/00_sot_meta/00_A_sot_code_ops_chk/learned_/teambattle/20260127_team_battle_status_endpoint_update.md,teambattle,learned 패치 노트,v1.0,2026-01-27,GitHub Copilot,BE/OPS,SoT 보조(learned_),,
docs/v2_specs/00_sot_meta/00_A_sot_code_ops_chk/learned_/teambattle/learned_context_summary_team_battle.md,teambattle,,,,,,,,
docs/v2_specs/00_sot_meta/00_A_sot_code_ops_chk/learned_/user/02.user.md,user,,,,,,,2026-02-04,
docs/v2_specs/00_sot_meta/00_A_sot_code_ops_chk/learned_/user/20260126_user_delete_api_path_fix.md,user,,,,,,,,
docs/v2_specs/00_sot_meta/00_A_sot_code_ops_chk/learned_/user/20260127_admin_user_level_sync_fix.md,user,,,,,,,,
docs/v2_specs/00_sot_meta/00_A_sot_code_ops_chk/learned_/user/20260127_cc_deposit_step_limit_removed_update.md,user,,,,,,,,
docs/v2_specs/00_sot_meta/00_A_sot_code_ops_chk/learned_/user/20260127_user_integrity_execution_plan.md,user,,,,,,,,
docs/v2_specs/00_sot_meta/00_A_sot_code_ops_chk/learned_/user/20260127_user_login_jit_sync_implementation.md,user,,,,,,,,
docs/v2_specs/00_sot_meta/00_A_sot_code_ops_chk/learned_/user/20260127_user_table_unification_plan.md,user,,,,,,,,
docs/v2_specs/00_sot_meta/00_A_sot_code_ops_chk/learned_/user/20260128_auth_v2_telegram_pure_implementation.md,user,,,,,,,,
docs/v2_specs/00_sot_meta/00_A_sot_code_ops_chk/learned_/user/20260202_prospect_linking_implementation.md,user,,,,,,,,
docs/v2_specs/00_sot_meta/00_A_sot_code_ops_chk/learned_/user/learned_context_summary_user.md,user,,,,,,,,
docs/v2_specs/00_sot_meta/00_A_sot_code_ops_chk/learned_/user/user_consistency_guide.md,user,,,,,,,,
docs/v2_specs/00_sot_meta/00_A_sot_code_ops_chk/learned_/user/v2_user_sot_ko.md,user,SoT,v1.0,2026-01-19,GitHub Copilot,BE/FE/기획,SoT,2026-01-26,
docs/v2_specs/00_sot_meta/00_A_sot_code_ops_chk/learned_/vault/08.vault.md,vault,,,,,,,2026-01-26,
docs/v2_specs/00_sot_meta/00_A_sot_code_ops_chk/learned_/vault/09.vault_remediation_guide.md,vault,,,,,,,,
docs/v2_specs/00_sot_meta/00_A_sot_code_ops_chk/learned_/vault/2026-01-26_vault_withdrawal_condition_consistency_report.md,vault,,,,,,,,
docs/v2_specs/00_sot_meta/00_A_sot_code_ops_chk/learned_/vault/20260127_dice_vault_deduction_fix.md,vault,,,,,,,,
docs/v2_specs/00_sot_meta/00_A_sot_code_ops_chk/learned_/vault/20260127_vault_daily_spent_tracks_v2_shop_purchase.md,vault,,,,,,,,
docs/v2_specs/00_sot_meta/00_A_sot_code_ops_chk/learned_/vault/20260127_vault_play_count_update.md,vault,,,,,,,,
docs/v2_specs/00_sot_meta/00_A_sot_code_ops_chk/learned_/vault/20260127_vault_today_spent_shop_purchase_update.md,vault,,,,,,,,
docs/v2_specs/00_sot_meta/00_A_sot_code_ops_chk/learned_/vault/20260127_vault_withdrawal_modal_condition_delivery_fix.md,vault,,,,,,,,
docs/v2_specs/00_sot_meta/00_A_sot_code_ops_chk/learned_/vault/20260128_vault_balance_sync_update.md,vault,,,,,,,,
docs/v2_specs/00_sot_meta/00_A_sot_code_ops_chk/learned_/vault/20260204_vault_ledger_bypass_critical_fix.md,vault,패치 내역,,,,,완료 ✅,,
docs/v2_specs/00_sot_meta/00_A_sot_code_ops_chk/learned_/vault/20260204_vault_ledger_reward_alignment.md,vault,패치,v1.0,2026-02-04,GitHub Copilot,V2 운영/개발 담당자,적용 완료,,
docs/v2_specs/00_sot_meta/00_A_sot_code_ops_chk/learned_/vault/learned_context_summary_vault.md,vault,,,,,,,,
docs/v2_specs/00_sot_meta/00_A_sot_code_ops_chk/learned_/vault/v2_strict_vault_policy_sot_ko.md,vault,,,,,,,2026-01-26,
docs/v2_specs/00_sot_meta/00_A_sot_code_ops_chk/learned_/vault/v2_vault_glossary_sot_ko.md,vault,SoT,v1.0,2026-01-18,GitHub Copilot,BE/FE/기획,SoT,2026-01-26,
docs/v2_specs/00_sot_meta/00_INDEX.md,meta,인덱스,,,,,,,
docs/v2_specs/00_sot_meta/00_v2_migration_plan.md,meta,,,,,,,,
docs/v2_specs/00_sot_meta/01_V2_DOCUMENTATION_RULES.md,meta,가이드,v1.0,2026-01-18,GitHub Copilot,V2 문서 작성자,SoT,,
docs/v2_specs/00_sot_meta/02_golden_v2_realtime_architecture.md,meta,,,,,,,,
docs/v2_specs/00_sot_meta/03_AI_BASE_GUIDE_2026_v1.0.md,meta,가이드,v1.1,2026-01-22,GitHub Copilot,AI 코딩 에이전트,SoT,,
docs/v2_specs/00_sot_meta/03_논리추론샘플_20260125_v2_games_500_errors_fix.md,meta,,,,,,,,
docs/v2_specs/00_sot_meta/1차_2026_deployment_action_items.md,meta,,,,,,,,
docs/v2_specs/00_sot_meta/1차_2026_v2_final_deployment_master_checklist_ko.md,meta,,,,,,,,
docs/v2_specs/00_sot_meta/1차_2026_v2_production_deployment_checklist_ko.md,meta,,,,,,,,
docs/v2_specs/00_sot_meta/artifacts/20260124/backend/db_snapshots.md,meta,,,,,,,,
docs/v2_specs/00_sot_meta/artifacts/20260124/backend/test_results_20260124.md,meta,,,,,,,,
docs/v2_specs/00_sot_meta/artifacts/20260126_mission_trigger_handler_code_list.md,meta,,,,,,,,
docs/v2_specs/00_sot_meta/artifacts/20260126_mission_trigger_handler_guide.md,meta,,,,,,,,
docs/v2_specs/00_sot_meta/artifacts/v2__game_failures_for_ai_fuck20260125.md,meta,게임 장애 전수검사 기록,v1.0,2026-01-25,GitHub Copilot,BE/FE/QA,Draft,,
docs/v2_specs/00_sot_meta/artifacts/v2_game_failures_for_ai_20260124.md,meta,문제 보고 (AI 수정을 위한 정리),v1.0,2026-01-24,GitHub Copilot,,,,
docs/v2_specs/00_sot_meta/artifacts/v2_game_failures_for_ai_20260125.md,meta,문제 보고 (AI 수정을 위한 정리),v1.0,2026-01-25,GitHub Copilot,,,,
docs/v2_specs/00_sot_meta/artifacts/v2_verification_log_template_ko.md,meta,로그 템플릿,v1.0,2026-01-23,GitHub Copilot,V2 배포/검증 담당자,Draft,,
docs/v2_specs/00_sot_meta/artifacts/v2_verification_test_logs_20260123.md,meta,검증 로그 스니펫,,2026-01-23,GitHub Copilot,,,,
docs/v2_specs/00_sot_meta/artifacts/v2_verification_test_logs_20260124.md,meta,,v1.0,2026-01-24,Antigravity (AI Agent),V2 배포/검증 담당자,Draft,,
docs/v2_specs/00_sot_meta/artifacts/v2_verification_test_logs_AUTOGEN.md,meta,,,,,,,,
docs/v2_specs/00_sot_meta/sentry_setup_guide_ko.md,meta,,,,,,,,
docs/v2_specs/00_sot_meta/v2_admin_frontend_sot_verification_plan_ko.md,meta,검증 계획 (Verification Plan),v1.0,2026-01-24,GitHub Copilot,"Frontend Developer, QA",SoT,,
docs/v2_specs/00_sot_meta/v2_backend_test_master_flowchart.md,meta,가이드,v1.0,2026-01-20,Antigravity (User Request Based),,Draft,,
docs/v2_specs/00_sot_meta/v2_core_economy_glossary_ko.md,meta,,,,,,,,
docs/v2_specs/00_sot_meta/v2_document_ops_playbook_ko.md,meta,가이드,v1.0,2026-02-06,GitHub Copilot,BE/FE/기획/운영,SoT,,
docs/v2_specs/00_sot_meta/v2_implementation_progress_checklist_ko.md,meta,체크리스트/가이드,v2.1,2026-01-23,GitHub Copilot,BE/FE/운영,SoT,,
docs/v2_specs/00_sot_meta/v2_kst_api_response_policy_v1.0.md,meta,가이드,v1.1,2026-01-24,GitHub Copilot,,Draft,,
docs/v2_specs/00_sot_meta/v2_legacy_user_migration_audit_20260130.md,meta,감사 리포트,v1.0,2026-01-30,GitHub Copilot,V2 마이그레이션 작업자,Active,,
docs/v2_specs/00_sot_meta/v2_phase2_core_economy_plan.md,meta,구현 계획 (Implementation Plan),v1.0,2026-01-19,Antigravity Agent,BE/FE 개발팀,Draft,,
docs/v2_specs/00_sot_meta/v2_pre_release_auth_policy_ko.md,meta,정책 (SoT),v1.0,2026-01-25,GitHub Copilot,Backend/Frontend/QA,SoT,,
docs/v2_specs/00_sot_meta/v2_shared_dependency_inventory_20260124_ko.md,meta,인벤토리/리포트,v1.1,2026-01-24,GitHub Copilot,BE/FE/운영,Active,,
docs/v2_specs/00_sot_meta/v2_sig_import_cleanup_guide_v1.0.md,meta,가이드,v1.4,2026-01-23,GitHub Copilot,,,,
docs/v2_specs/00_sot_meta/v2_slugger_sot_ko.md,meta,설계,v1.0,2026-01-24,GitHub Copilot,,,,
docs/v2_specs/00_sot_meta/v2_user_frontend_sot_verification_plan_ko.md,meta,검증 계획 (Verification Plan),v1.0,2026-01-24,GitHub Copilot,"Frontend Developer, QA",SoT,,
docs/v2_specs/00_sot_meta/v2_v1_dependency_inventory_ko.md,meta,가이드,v1.2,2026-01-23,GitHub Copilot,V2 마이그레이션 작업자,Draft,,
docs/v2_specs/00_sot_meta/v2_verification_checklist_ko.md,meta,가이드,v1.33,2026-01-24,GitHub Copilot,V2 배포/검증 담당자,Draft,,
docs/v2_specs/01_core/flow_feature_mapping_v1_v2.md,core,,,,,,,,
docs/v2_specs/01_core/golden_v2_system_definition_ko.md,core,정책/규격,v1.0,2026-01-19,Antigravity Agent,기획/개발/운영 팀,SoT,,
docs/v2_specs/01_core/level_reward_table_20260126.md,core,,,,,,,,
docs/v2_specs/01_core/reward_type_sot_mapping_v2.md,core,,,,,,,,
docs/v2_specs/01_core/reward_type_sot_mapping_v2_fulltable.md,core,,,,,,,,
docs/v2_specs/01_core/v2_cc_deposit_sot_ko.md,core,,,,,,,2026-01-26,
docs/v2_specs/01_core/v2_error_messages_audit.md,core,,,,,,,,
docs/v2_specs/01_core/v2_front_admin_page_index.md,core,,,,,,,,
docs/v2_specs/01_core/v2_gifticon_naming_sot_ko.md,core,SoT,v1.0,2026-01-18,GitHub Copilot,BE/FE/기획,SoT,,
docs/v2_specs/01_core/v2_grade_segment_sot_ko.md,core,SoT,v1.0,2026-01-18,GitHub Copilot,BE/FE/운영,SoT,,
docs/v2_specs/01_core/v2_item_inventory_sot_ko.md,core,핵심 로직/정책,v1.3,2026-01-21,GitHub Copilot,BE/FE/기획,SoT,,
docs/v2_specs/01_core/v2_level_point_extension_sot_ko.md,core,SoT,v1.0,2026-01-18,GitHub Copilot,BE/FE/기획,SoT,,
docs/v2_specs/01_core/v2_level_point_sot_ko.md,core,안내(리다이렉트),v1.0,2026-02-06,GitHub Copilot,BE/FE/기획/운영,Redirect,,../00_sot_meta/00_A_sot_code_ops_chk/learned_/level/v2_level_point_sot_ko.md
docs/v2_specs/01_core/v2_level_point_storage_sot_ko.md,core,안내(리다이렉트),v1.0,2026-02-06,GitHub Copilot,BE/FE/기획/운영,Redirect,,../00_sot_meta/00_A_sot_code_ops_chk/learned_/level/v2_level_point_storage_sot_ko.md
docs/v2_specs/01_core/v2_level_reward_table_sot_ko.md,core,안내(리다이렉트),v1.0,2026-02-06,GitHub Copilot,BE/FE/기획/운영,Redirect,,../00_sot_meta/00_A_sot_code_ops_chk/learned_/level/v2_level_reward_table_sot_ko.md
docs/v2_specs/01_core/v2_progression_schema_ko.md,core,안내(리다이렉트),v1.0,2026-02-06,GitHub Copilot,BE/FE/기획/운영,Redirect,,../00_sot_meta/00_A_sot_code_ops_chk/learned_/level/v2_progression_schema_ko.md
docs/v2_specs/01_core/v2_redis_keys_channels_sot_ko.md,core,안내(리다이렉트),v1.0,2026-02-06,GitHub Copilot,BE/FE/기획/운영,Redirect,,../00_sot_meta/00_A_sot_code_ops_chk/learned_/ops/v2_redis_keys_channels_sot_ko.md
docs/v2_specs/01_core/v2_reward_mapping_sot_ko.md,core,안내(리다이렉트),v1.0,2026-02-06,GitHub Copilot,BE/FE/기획/운영,Redirect,,../00_sot_meta/00_A_sot_code_ops_chk/learned_/inventory/v2_reward_mapping_sot_ko.md
docs/v2_specs/01_core/v2_reward_type_standard_sot_ko.md,core,안내(리다이렉트),v1.0,2026-02-06,GitHub Copilot,BE/FE/기획/운영,Redirect,,../00_sot_meta/00_A_sot_code_ops_chk/learned_/inventory/v2_reward_type_standard_sot_ko.md
docs/v2_specs/01_core/v2_shop_exchange_policy_sot_ko.md,core,안내(리다이렉트),v1.0,2026-02-06,GitHub Copilot,BE/FE/기획/운영,Redirect,,../00_sot_meta/00_A_sot_code_ops_chk/learned_/shop/v2_shop_exchange_policy_sot_ko.md
docs/v2_specs/01_core/v2_shop_inventory_service_design_ko.md,core,안내(리다이렉트),v1.0,2026-02-06,GitHub Copilot,BE/FE/기획/운영,Redirect,,../00_sot_meta/00_A_sot_code_ops_chk/learned_/shop/v2_shop_inventory_service_design_ko.md
docs/v2_specs/01_core/v2_strict_vault_policy_sot_ko.md,core,안내(리다이렉트),v1.0,2026-02-06,GitHub Copilot,BE/FE/기획/운영,Redirect,,../00_sot_meta/00_A_sot_code_ops_chk/learned_/vault/v2_strict_vault_policy_sot_ko.md
docs/v2_specs/01_core/v2_ticket_conversion_sot_ko.md,core,안내(리다이렉트),v1.0,2026-02-06,GitHub Copilot,BE/FE/기획/운영,Redirect,,../00_sot_meta/00_A_sot_code_ops_chk/learned_/inventory/v2_ticket_conversion_sot_ko.md
docs/v2_specs/01_core/v2_ticket_enum_code_alignment_sot_ko.md,core,안내(리다이렉트),v1.0,2026-02-06,GitHub Copilot,BE/FE/기획/운영,Redirect,,../00_sot_meta/00_A_sot_code_ops_chk/learned_/inventory/v2_ticket_enum_code_alignment_sot_ko.md
docs/v2_specs/01_core/v2_ticket_enum_sot_ko.md,core,안내(리다이렉트),v1.0,2026-02-06,GitHub Copilot,BE/FE/기획/운영,Redirect,,../00_sot_meta/00_A_sot_code_ops_chk/learned_/inventory/v2_ticket_enum_sot_ko.md
docs/v2_specs/01_core/v2_user_segment_policy_sot_ko.md,core,안내(리다이렉트),v1.0,2026-02-06,GitHub Copilot,BE/FE/기획/운영,Redirect,,../00_sot_meta/00_A_sot_code_ops_chk/learned_/segment/v2_user_segment_policy_sot_ko.md
docs/v2_specs/01_core/v2_user_sot_ko.md,core,안내(리다이렉트),v1.0,2026-02-06,GitHub Copilot,BE/FE/기획/운영,Redirect,,../00_sot_meta/00_A_sot_code_ops_chk/learned_/user/v2_user_sot_ko.md
docs/v2_specs/01_core/v2_vault_glossary_sot_ko.md,core,SoT,v1.0,2026-01-18,GitHub Copilot,BE/FE/기획,SoT,2026-01-26,
docs/v2_specs/02_game/v2_admin_game_config_schema_ko.md,02_game,API 스키마 / 운영 표준,v2.0,2026-01-18,GitHub Copilot,BE/FE/운영,SoT,,
docs/v2_specs/02_game/v2_attendance_streak_logic_sot_ko.md,02_game,게임 정책/로직,v1.0,2026-01-19,Antigravity Agent,기획/개발 팀,SoT,,
docs/v2_specs/02_game/v2_game_action_schema_sot_ko.md,02_game,,,,,,,,
docs/v2_specs/02_game/v2_game_engine_sot_ko.md,02_game,SoT,v1.0,2026-01-19,GitHub Copilot,V2 게임 엔진 설계/구현/검증 담당자,SoT,,
docs/v2_specs/02_game/v2_game_engine_standardization_design_ko.md,02_game,설계,v1.0,2026-01-19,GitHub Copilot,V2 게임 엔진 설계/구현 담당자,Draft,,
docs/v2_specs/02_game/v2_golden_hour_policy_sot_ko.md,02_game,게임 정책/로직,v1.0,2026-01-19,Antigravity Agent,기획/개발/운영 팀,SoT,,
docs/v2_specs/02_game/v2_mission_glossary_sot_ko.md,02_game,SoT,v2.0,2026-01-19,GitHub Copilot,BE/FE/운영,SoT,,
docs/v2_specs/02_game/v2_new_user_mission_logic_sot_ko.md,02_game,게임 정책/로직,v1.0,2026-01-19,Antigravity Agent,기획/개발 팀,SoT,,
docs/v2_specs/02_game/v2_team_battle_rebuild_plan_v1.0.md,02_game,가이드,v1.1,2026-01-24,GitHub Copilot,,,,
docs/v2_specs/02_game/v2_team_battle_sot_ko.md,02_game,SoT,v1.1,2026-01-19,GitHub Copilot,BE/FE/운영,SoT,,
docs/v2_specs/02_game/v2_ticket_zero_policy_sot_ko.md,02_game,게임 정책/로직,v1.0,2026-01-19,Antigravity Agent,기획/개발 팀,SoT,,
docs/v2_specs/03_api/v1/v1_api_discrepancy_report.md,03_api,,,,,,,,
docs/v2_specs/03_api/v1/v1_legacy_api_list_ko.md,03_api,,,,,,,,
docs/v2_specs/03_api/v2_admin_ops_api_contract_ko.md,03_api,API 계약,v1.3,2026-01-19,GitHub Copilot,BE/FE/운영,SoT,,
docs/v2_specs/03_api/v2_api_contract_ko.md,03_api,API,v1.0,2026-01-30,GitHub Copilot,BE/FE/QA/운영,SoT,,
docs/v2_specs/03_api/v2_api_contract_sot_ko.md,03_api,API,v1.0,2026-01-24,GitHub Copilot,,,,
docs/v2_specs/03_api/v2_api_integration_guide_ko.md,03_api,개발 가이드 (Integration Guide),v1.0,2026-01-19,Antigravity Agent,Backend/Frontend 개발자,Draft,2026-01-26,
docs/v2_specs/03_api/v2_auth_user_api_contract_ko.md,03_api,API 계약,v2.0,2026-01-30,GitHub Copilot,BE/FE/QA/운영,SoT,,
docs/v2_specs/03_api/v2_economy_asset_log_routes_ko_v1.0.md,03_api,API,v1.1,2026-01-21,GitHub Copilot,,,,
docs/v2_specs/03_api/v2_game_api_contract_ko.md,03_api,API 계약,v1.0,2026-01-19,GitHub Copilot,V2 게임 API 설계/구현/검증 담당자,Draft,,
docs/v2_specs/03_api/v2_golden_api_contract_ko.md,03_api,API 계약,v1.0,2026-01-19,GitHub Copilot,BE/FE/운영,Draft,,
docs/v2_specs/03_api/v2_inventory_shop_api_contract_ko.md,03_api,API 계약,v1.0,2026-01-19,GitHub Copilot,BE/FE/기획,SoT,,
docs/v2_specs/03_api/v2_mission_streak_api_contract_ko.md,03_api,API 계약,v1.0,2026-01-19,GitHub Copilot,BE/FE/기획,SoT,,
docs/v2_specs/03_api/v2_notification_feed_schema_ko.md,03_api,API 스키마 / 아키텍처 표준,v2.0,2026-01-18,GitHub Copilot,BE/FE/운영,SoT,,
docs/v2_specs/03_api/v2_system_api_contract_ko.md,03_api,API 계약,v1.1,2026-01-30,GitHub Copilot,BE/FE/QA/운영,SoT,,
docs/v2_specs/03_api/v2_team_battle_api_contract_ko.md,03_api,API 계약,v1.0,2026-01-19,GitHub Copilot,BE/FE/기획,SoT,,
docs/v2_specs/03_api/v2_ticket_zero_api_contract_ko.md,03_api,API 계약,v1.0,2026-01-19,GitHub Copilot,BE/FE/기획,SoT,,
docs/v2_specs/04_db/v2_db_admin_message_inbox_ko.md,04_db,DB 스키마,v1.0,2026-01-19,GitHub Copilot,BE/DB/운영,SoT,,
docs/v2_specs/04_db/v2_db_admin_message_ko.md,04_db,DB 스키마,v1.0,2026-01-19,GitHub Copilot,BE/DB/운영,SoT,,
docs/v2_specs/04_db/v2_db_baseline_snapshot_ko.md,04_db,DB 스키마/마이그레이션,v1.0,2026-01-19,GitHub Copilot,BE/DB/운영,SoT,,
docs/v2_specs/04_db/v2_db_dice_ko.md,04_db,DB 스키마,v1.0,2026-01-19,GitHub Copilot,BE/DB/운영,SoT,,
docs/v2_specs/04_db/v2_db_exchange_log_ko.md,04_db,DB 스키마,v1.0,2026-01-19,GitHub Copilot,BE/DB/운영,SoT,,
docs/v2_specs/04_db/v2_db_golden_data_map_ko.md,04_db,DB 스키마,v1.0,2026-01-19,GitHub Copilot,BE/DB/운영,Draft,,
docs/v2_specs/04_db/v2_db_level_reward_table_ko.md,04_db,DB 스키마,v1.0,2026-01-19,GitHub Copilot,BE/DB/운영,SoT,,
docs/v2_specs/04_db/v2_db_lottery_ko.md,04_db,DB 스키마,v1.0,2026-01-19,GitHub Copilot,BE/DB/운영,SoT,,
docs/v2_specs/04_db/v2_db_ops_execution_result_ko.md,04_db,DB 스키마,v1.0,2026-01-19,GitHub Copilot,BE/DB/운영,SoT,,
docs/v2_specs/04_db/v2_db_roulette_ko.md,04_db,DB 스키마,v1.0,2026-01-19,GitHub Copilot,BE/DB/운영,SoT,,
docs/v2_specs/04_db/v2_db_segment_rule_ko.md,04_db,DB 스키마,v1.2,2026-02-02,GitHub Copilot,BE/DB/운영,SoT,,
docs/v2_specs/04_db/v2_db_shop_order_ko.md,04_db,DB 스키마,v1.0,2026-01-19,GitHub Copilot,BE/DB/운영,SoT,2026-01-26,
docs/v2_specs/04_db/v2_db_snapshot_regeneration_policy_ko.md,04_db,운영/DB 정책,v1.0,2026-01-19,GitHub Copilot,BE/DB/운영,SoT,,
docs/v2_specs/04_db/v2_db_ticket_conversion_policy_ko.md,04_db,DB 스키마,v1.0,2026-01-19,GitHub Copilot,BE/DB/운영,SoT,,
docs/v2_specs/04_db/v2_db_ticket_zero_log_ko.md,04_db,DB 스키마,v1.0,2026-01-19,GitHub Copilot,BE/DB/운영,SoT,,
docs/v2_specs/04_db/v2_db_user_ko.md,04_db,DB 스키마,v1.0,2026-01-19,GitHub Copilot,BE/DB/운영,SoT,2026-01-26,
docs/v2_specs/04_db/v2_db_user_segment_ko.md,04_db,DB 스키마,v1.2,2026-02-02,GitHub Copilot,BE/DB/운영,SoT,,
docs/v2_specs/05_ops/0000_2026_v2_deployment_troubleshooting_guide_ko.md,05_ops,,,,,,,,
docs/v2_specs/05_ops/0000_2026_v2_fullstack_deployment_runbook_ko.md,05_ops,,,,,,,,
docs/v2_specs/05_ops/0000_2026_v2_server_deployment_guide_ko.md,05_ops,,,,,,,,
docs/v2_specs/05_ops/deployment/v2_deployment_automation_script_ko.md,05_ops,운영 가이드,v1.1,2026-01-30,GitHub Copilot,DevOps/Backend,SoT,,
docs/v2_specs/05_ops/deployment/v2_deployment_docker_compose_guide_ko.md,05_ops,운영 가이드,v1.1,2026-01-30,GitHub Copilot,DevOps/Backend,SoT,,
docs/v2_specs/05_ops/deployment/v2_deployment_rollback_script_ko.md,05_ops,운영 가이드,v1.1,2026-01-30,GitHub Copilot,DevOps/Backend,SoT,,
docs/v2_specs/05_ops/golden_v2_operational_logic_ko.md,05_ops,운영 정책/규격,v1.0,2026-01-19,Antigravity Agent,운영/개발 팀,SoT,,
docs/v2_specs/05_ops/v2_admin_message_policy_sot_ko.md,05_ops,SoT,v1.1,2026-01-19,GitHub Copilot,BE/운영/기획,SoT,,
docs/v2_specs/05_ops/v2_mission_timezone_fix_20260122_ko.md,05_ops,,,,,,,,
docs/v2_specs/05_ops/v2_ops_action_glossary_sot_ko.md,05_ops,,,,,,,,
docs/v2_specs/05_ops/v2_ops_execution_api_contract_ko.md,05_ops,API 계약,v1.0,2026-01-19,GitHub Copilot,BE/FE/운영,SoT,,
docs/v2_specs/05_ops/v2_ops_plan_execution_schema_sot_ko.md,05_ops,,,,,,,,
docs/v2_specs/05_ops/v2_patch_execution_log_ko.md,05_ops,Implementation Plan + Execution Log,v2.0,2026-02-02,GitHub Copilot,V2 운영/개발,SoT,,
docs/v2_specs/05_ops/v2_shop_products_ui_config_sot_ko.md,05_ops,SoT,v1.0,2026-01-19,GitHub Copilot,BE/FE/운영,SoT,2026-01-26,
docs/v2_specs/05_ops/v2_system_ops_sot_ko.md,05_ops,SoT,v1.1,2026-01-30,GitHub Copilot,BE/운영/QA,SoT,,
docs/v2_specs/06_design/V2_admin_pages_list.md,06_design,,,,,,,2026-01-26,
docs/v2_specs/06_design/V2_user_pages_list.md,06_design,가이드,v2.0 (Redesign Phase),2026-01-22,GitHub Copilot,,🚧 Redesign In Progress,,
docs/v2_specs/06_design/roulette_figma_svg_manual_v2_20260125.md,06_design,,,,,,,,
docs/v2_specs/06_design/v2_GSAP_USAGE_GUIDE.md,06_design,가이드,v2.0 (Redesign Phase),,,,🚧 Redesign In Progress,,
docs/v2_specs/06_design/v2_admin_master_plan_ko.md,06_design,계획서 (Master Plan),v2.0,2026-01-20,Antigravity Agent,"어드민 개발자, 운영팀",SoT,2026-01-26,
docs/v2_specs/06_design/v2_design_analysis_report_ko.md,06_design,분석 보고서 (Analysis Report),v1.0,2026-01-24,Antigravity Agent,디자인/개발팀,✅ Completed,2026-01-26,
docs/v2_specs/06_design/v2_frontend_master_plan_ko.md,06_design,계획서 (Master Plan),v2.2 (Glassmorphism & Magic UI Phase),2026-01-24,Antigravity Agent,"프론트엔드 개발자, 디자이너",🚧 Redesign In Progress,,
docs/v2_specs/06_design/v2_gsap_reference_ko.md,06_design,가이드,v2.0 (Redesign Phase),,,,🚧 Redesign In Progress,,
docs/v2_specs/06_design/v2_prompting_guide_ko.md,06_design,가이드 (Guide),v1.0,2026-01-24,Antigravity Agent,"기획자, 개발자",🚀 Active,2026-01-26,
docs/v2_specs/07_golden/00_golden_project_status_v2_ko copy.md,07_golden,통합 현황,v2.3,2026-01-26,GitHub Copilot,전체 팀,SoT,,
docs/v2_specs/07_golden/02_golden_v2_realtime_architecture.md,07_golden,,,,,,,,
docs/v2_specs/07_golden/2026_01_28_golden_frontend_spec.md,07_golden,,,,,,,,
docs/v2_specs/07_golden/2026_01_28_golden_v2_ops_plan_expansion_spec.md,07_golden,,,,,,,,
docs/v2_specs/07_golden/2026_01_29_golden_v2_ab_test_framework_impl_plan_ko.md,07_golden,,,,,,,,
docs/v2_specs/07_golden/2026_01_29_golden_v2_circuit_breaker_impl_plan_ko.md,07_golden,,,,,,,,
docs/v2_specs/07_golden/2026_01_29_golden_v2_daily_nudge_impl_plan_ko.md,07_golden,,,,,,,,
docs/v2_specs/07_golden/2026_01_29_golden_v2_feature_routing_map_ko.md,07_golden,,,,,,,,
docs/v2_specs/07_golden/2026_01_29_golden_v2_latency_survival_spec_ko.md,07_golden,,,,,,,,
docs/v2_specs/07_golden/2026_01_29_golden_v2_remaining_implementation_guide_ko.md,07_golden,,,,,,,,
docs/v2_specs/07_golden/2026_01_29_golden_v2_roi_calculator_impl_plan_ko.md,07_golden,,,,,,,,
docs/v2_specs/07_golden/2026_01_29_golden_v2_rollback_policy_impl_plan_ko.md,07_golden,,,,,,,,
docs/v2_specs/07_golden/2026_02_04_v2_integrated_spending_logic_ko.md,07_golden,,,,,,,,
docs/v2_specs/07_golden/LLM/00_golden_project_status_v2_ko.md,07_golden,통합 현황,v2.5 (2026-01-28),2026-01-28,Antigravity (Senior Fullstack Architect),전체 팀,SoT (Full Restoration & V2 Expansion),,
docs/v2_specs/07_golden/LLM/2026_01_28_golden_phase3_flexible_care_spec.md,07_golden,,,,,,,,
docs/v2_specs/07_golden/LLM/2026_01_28_golden_phase4_latency_mitigation_spec.md,07_golden,,,,,,,,
docs/v2_specs/07_golden/LLM/v2_db_golden_data_map_ko.md,07_golden,DB 스키마,v1.0,2026-01-19,GitHub Copilot,BE/DB/운영,Draft,,
docs/v2_specs/07_golden/LLM/v2_golden_api_contract_ko.md,07_golden,API 계약,v1.1,2026-01-19,GitHub Copilot,BE/FE/운영,SoT,,
docs/v2_specs/07_golden/golden_v2_core_economy_glossary_ko.md,07_golden,,,,,,,,
docs/v2_specs/07_golden/golden_v2_intervention_logic_ko.md,07_golden,게임 정책/로직,v1.2,2026-01-19,Antigravity Agent,기획/개발 팀,SoT,,
docs/v2_specs/07_golden/golden_v2_operational_logic_ko.md,07_golden,운영 정책/규격,v1.2,2026-01-19,Antigravity Agent,운영/개발 팀,SoT,,
docs/v2_specs/07_golden/golden_v2_system_definition_ko.md,07_golden,정책/규격,v1.3,2026-01-19,Antigravity Agent,기획/개발/운영 팀,SoT,,
docs/v2_specs/07_golden/integrated_working_tree.md,07_golden,,,,,,,,
docs/v2_specs/07_golden/v2_golden_hour_policy_sot_ko.md,07_golden,게임 정책/로직,v1.2,2026-01-19,Antigravity Agent,기획/개발/운영 팀,SoT,,
docs/v2_specs/07_golden/v2_golden_hq_margin_cc_deposit_auto_reflection_design_ko.md,07_golden,설계,v2.0,2026-02-03,GitHub Copilot,백엔드/운영/어드민,구현완료,,
docs/v2_specs/07_golden/v2_patch_execution_log_ko.md,07_golden,,v3.6,2026-02-02,GitHub Copilot,V2 운영/개발,SoT,,
docs/v2_specs/08_changelog/20260121_roulette_gold_diamond_key_fix_ko.md,08_changelog,,,,,,,,
docs/v2_specs/08_changelog/20260121_user_detail_drawer_vault_sync_fix_ko.md,08_changelog,,,,,,,,
docs/v2_specs/08_changelog/v2_mission_timezone_fix_20260122_ko.md,08_changelog,기술설계서/변경로그,v1.0,2026-01-22,GitHub Copilot,BE/FE 개발자,구현 예정,,
docs/v2_specs/08_changelog/통합/v2_frontend_routing_sot_ko.md,08_changelog,,,,,,,,
docs/v2_specs/08_changelog/통합/v2_fullstack_integration_deploy_guide_ko.md,08_changelog,가이드,v1.0,2026-01-24,GitHub Copilot,,,,
docs/v2_specs/08_changelog/통합/v2_fullstack_integration_ground_sot_ko.md,08_changelog,설계,v1.0,2026-01-24,GitHub Copilot,,,,
docs/v2_specs/08_changelog/통합/v2_fullstack_integration_test_final_verification_20260124.md,08_changelog,최종검증,v1.2,2026-01-24,GitHub Copilot,,,,
docs/v2_specs/08_changelog/통합/v2_fullstack_integration_test_logs_20260124.md,08_changelog,테스트 로그,v1.5,2026-01-24,GitHub Copilot,,,,
docs/v2_specs/08_changelog/통합/v2_fullstack_integration_test_logs_admin_20260124.md,08_changelog,테스트 로그 (Admin),v1.0,2026-01-24,GitHub Copilot,,,,
docs/v2_specs/08_changelog/통합/v2_fullstack_integration_test_logs_auth_20260124.md,08_changelog,테스트 로그 (Auth),v1.0,2026-01-24,GitHub Copilot,,,,
docs/v2_specs/08_changelog/통합/v2_fullstack_integration_test_logs_game_20260124.md,08_changelog,테스트 로그 (Game),v1.2,2026-01-24,GitHub Copilot,,,,
docs/v2_specs/08_changelog/통합/v2_fullstack_integration_test_logs_mission_20260124.md,08_changelog,테스트 로그,v1.0,2026-01-24,GitHub Copilot,,,,
docs/v2_specs/08_changelog/통합/v2_fullstack_integration_test_logs_public_20260124.md,08_changelog,테스트 로그 (Public),v1.1,2026-01-24,GitHub Copilot,,,,
docs/v2_specs/08_changelog/통합/v2_fullstack_integration_test_logs_shop_inventory_20260124.md,08_changelog,테스트 로그,v1.0,2026-01-24,GitHub Copilot,,,,
docs/v2_specs/08_changelog/통합/v2_fullstack_integration_test_logs_vault_20260124.md,08_changelog,테스트 로그,v1.0,2026-01-24,GitHub Copilot,,,,
docs/v2_specs/08_changelog/통합/v2_fullstack_observation_mapping_20260124.md,08_changelog,,,2026-01-24,GitHub Copilot,,Draft,,
docs/v2_specs/09_ops/20260128_marketing-ideas.md,09_ops,,,,,,,,
docs/v2_specs/09_ops/20260128_marketing-psychology.md,09_ops,,,,,,,,
docs/v2_specs/90_troubleshooting/README.md,90_troubleshooting,가이드,v1.1,2026-02-01,GitHub Copilot,V2 운영/개발 담당자,SoT,,
docs/v2_specs/90_troubleshooting/W05_FRONTEND_troubleshooting.md,90_troubleshooting,,,,,,,,
docs/v2_specs/90_troubleshooting/W06_AUTH_troubleshooting.md,90_troubleshooting,트러블슈팅,,,,,진행 중 ⏳,,
docs/v2_specs/90_troubleshooting/W06_DB_troubleshooting.md,90_troubleshooting,트러블슈팅,,,,,진행 중 ⏳,,
docs/v2_specs/90_troubleshooting/W06_FRONTEND_prospect_pagination.md,90_troubleshooting,,,,,,,,
docs/v2_specs/90_troubleshooting/W06_FRONTEND_troubleshooting.md,90_troubleshooting,트러블슈팅,,,,,진행 중 ⏳,,
docs/v2_specs/90_troubleshooting/W06_GAME_troubleshooting.md,90_troubleshooting,트러블슈팅,,,,,진행 중 ⏳,,
docs/v2_specs/90_troubleshooting/W06_INFRA_troubleshooting.md,90_troubleshooting,트러블슈팅,,,,,진행 중 ⏳,,
docs/v2_specs/90_troubleshooting/W06_INVENTORY_troubleshooting.md,90_troubleshooting,트러블슈팅,,,,,진행 중 ⏳,,
docs/v2_specs/90_troubleshooting/W06_LEVEL_troubleshooting.md,90_troubleshooting,트러블슈팅,,,,,진행 중 ⏳,,
docs/v2_specs/90_troubleshooting/W06_MISSION_troubleshooting.md,90_troubleshooting,트러블슈팅,,,,,진행 중 ⏳,,
docs/v2_specs/90_troubleshooting/W06_VAULT_troubleshooting.md,90_troubleshooting,트러블슈팅,,,,,진행 중 ⏳,,
docs/v2_specs/90_troubleshooting/archive/0125_v2_classification_and_resolved.md,90_troubleshooting,,,,,,,,
docs/v2_specs/90_troubleshooting/archive/20260127_admin_login_integrity_error_fix.md,90_troubleshooting,,,,,,,,
docs/v2_specs/90_troubleshooting/archive/20260130_deployment_verification_report.md,90_troubleshooting,,,,,,,,
docs/v2_specs/90_troubleshooting/archive/20260130_error_triage_checklist.md,90_troubleshooting,,,,,,,,
docs/v2_specs/90_troubleshooting/archive/20260131_mission_login_v2_fk_patch.md,90_troubleshooting,트러블슈팅,v1.0,2026-01-31,GitHub Copilot,,RESOLVED,,
docs/v2_specs/90_troubleshooting/archive/20260131_v2_sot_compliance_baseline.md,90_troubleshooting,,,,,,,,
docs/v2_specs/90_troubleshooting/archive/20260131_복권_퍼즐조각_미지급_버그.md,90_troubleshooting,,,,,,,,
docs/v2_specs/90_troubleshooting/archive/2026_01_30_fk_mission_sentry.md,90_troubleshooting,,,,,,,,
docs/v2_specs/90_troubleshooting/archive/2026_01_31_auth_recovery.md,90_troubleshooting,,,,,,,,
docs/v2_specs/90_troubleshooting/archive/2026_01_31_cc_deposit_mission_xp.md,90_troubleshooting,,,,,,,,
docs/v2_specs/90_troubleshooting/archive/2026_01_31_dice_golden_hour.md,90_troubleshooting,,,,,,,,
docs/v2_specs/90_troubleshooting/archive/2026_01_31_game_module_import.md,90_troubleshooting,,,,,,,,
docs/v2_specs/90_troubleshooting/archive/2026_01_31_multi_table_fk_fix.md,90_troubleshooting,,,,,,,,
docs/v2_specs/90_troubleshooting/archive/2026_01_31_sentry_config_update.md,90_troubleshooting,,,,,,,,
docs/v2_specs/90_troubleshooting/archive/2026_01_31_v2_domain_audit.md,90_troubleshooting,,,,,,,,
docs/v2_specs/90_troubleshooting/archive/2026_01_31_v2_expanded_audit.md,90_troubleshooting,,,,,,,,
docs/v2_specs/90_troubleshooting/archive/2026_01_31_v2_troubleshooting.md,90_troubleshooting,,,,,,,,
docs/v2_specs/90_troubleshooting/archive/2026_01_31_v2_user_profile.md,90_troubleshooting,,,,,,,,
docs/v2_specs/90_troubleshooting/archive/daily/20260202_20260204/20260202_latency_survival_user_ui_implementation.md,90_troubleshooting,,,,,,,,
docs/v2_specs/90_troubleshooting/archive/daily/20260202_20260204/20260203_production_data_reset_report.md,90_troubleshooting,,,,,,,,
docs/v2_specs/90_troubleshooting/archive/daily/20260202_20260204/20260204_frontend_build_fix_and_docker_cleanup.md,90_troubleshooting,,,,,,,,
docs/v2_specs/90_troubleshooting/archive/daily/20260202_20260204/20260204_hq_import_redesign_and_git_secret_fix.md,90_troubleshooting,,,,,,,,
docs/v2_specs/90_troubleshooting/archive/daily/20260202_20260204/20260204_hq_margin_segment_verification.md,90_troubleshooting,트러블슈팅,,,,,검증 완료 ✅,,
docs/v2_specs/90_troubleshooting/archive/daily/20260202_20260204/20260204_legacy_code_cleanup_report.md,90_troubleshooting,,,,,,,,
docs/v2_specs/90_troubleshooting/archive/daily/20260202_20260204/20260204_legacy_purge_and_v2_migration_completion.md,90_troubleshooting,,,,,,,,
docs/v2_specs/90_troubleshooting/archive/daily/20260202_20260204/20260204_paste_import_enhancement.md,90_troubleshooting,,,,,,,,
docs/v2_specs/90_troubleshooting/archive/daily/20260202_20260204/20260204_production_backup_and_cleanup_report.md,90_troubleshooting,,,,,,,,
docs/v2_specs/90_troubleshooting/archive/daily/20260202_20260204/20260204_reward_service_refactor_and_test_reset.md,90_troubleshooting,,,,,,,,
docs/v2_specs/90_troubleshooting/archive/daily/20260202_20260204/20260204_streak_claim_button_not_showing.md,90_troubleshooting,,,,,,,,
docs/v2_specs/90_troubleshooting/archive/streak_continuity_verification_guide.md,90_troubleshooting,,,,,,,,
docs/v2_specs/90_troubleshooting/archive/v2_csv_import_pipeline_guide_ko.md,90_troubleshooting,,,,,,,,
docs/v2_specs/90_troubleshooting/archive/v2_golden_realtime_monitoring_guide_ko.md,90_troubleshooting,,,,,,,,
docs/v2_specs/90_troubleshooting/archive/v2_troubleshooting_20260120_alembic_legacy_ko.md,90_troubleshooting,트러블슈팅,v1.0,2026-01-20,Antigravity,BE/DB 팀,완료,,
docs/v2_specs/90_troubleshooting/archive/v2_troubleshooting_20260120_backend_runtime_ko.md,90_troubleshooting,,,,,,,,
docs/v2_specs/90_troubleshooting/archive/v2_troubleshooting_20260120_frontend_startup_ko.md,90_troubleshooting,,,,,,,,
docs/v2_specs/90_troubleshooting/archive/v2_troubleshooting_20260120_permission_restriction_ko.md,90_troubleshooting,,,,,,,,
docs/v2_specs/90_troubleshooting/archive/v2_troubleshooting_20260120_undefined_error_ko.md,90_troubleshooting,,,,,,,,
docs/v2_specs/90_troubleshooting/archive/v2_troubleshooting_20260121_ticket_inventory_search_ko.md,90_troubleshooting,트러블슈팅,v1.1,2026-01-21,GitHub Copilot,,,,
docs/v2_specs/90_troubleshooting/archive/v2_troubleshooting_game_token_issues_ko.md,90_troubleshooting,가이드,v1.1,2026-01-21,GitHub Copilot,,,,
docs/v2_specs/90_troubleshooting/archive/weekly/W05_AUTH_troubleshooting.md,90_troubleshooting,트러블슈팅 (주간),,,,,ACTIVE,,
docs/v2_specs/90_troubleshooting/archive/weekly/W05_DB_troubleshooting.md,90_troubleshooting,트러블슈팅 (주간),,,,,ACTIVE,,
docs/v2_specs/90_troubleshooting/archive/weekly/W05_FRONTEND_troubleshooting.md,90_troubleshooting,,,,,,,,
docs/v2_specs/90_troubleshooting/archive/weekly/W05_GAME_troubleshooting.md,90_troubleshooting,트러블슈팅 (주간),,,,,ACTIVE,,
docs/v2_specs/90_troubleshooting/archive/weekly/W05_INFRA_troubleshooting.md,90_troubleshooting,트러블슈팅 (주간),,,,,ACTIVE,,
docs/v2_specs/90_troubleshooting/archive/weekly/W05_MISSION_troubleshooting.md,90_troubleshooting,트러블슈팅 (주간),,,,,ACTIVE,,
docs/v2_specs/90_troubleshooting/archive/weekly/W05_VAULT_troubleshooting.md,90_troubleshooting,,,,,,,,
docs/v2_specs/90_troubleshooting/learned_hq_margin_max_token_analysis.md,90_troubleshooting,,,,,,,,
docs/v2_specs/999_활용/우리V2_실전_초기_홍보_운영_실행안_20260203.md,999_활용,,v1.0,2026-02-03,GitHub Copilot,,실전 실행,,
docs/v2_specs/999_활용/우리V2_코드서비스_홍보방안_20260203_텔레그램남성.md,999_활용,,v1.1,2026-02-03,GitHub Copilot,,제안,,
docs/v2_specs/999_활용/우리V2_프로젝트_초기_홍보_운영계획_20260203.md,999_활용,,v1.0,2026-02-03,GitHub Copilot,,제안,,
docs/v2_specs/999_활용/우리V2_홍보_운영_전략_통합테이블_20260203 copy.md,999_활용,,v1.0,2026-02-03,GitHub Copilot,,통합 정리,,
docs/v2_specs/999_활용/우리V2_홍보_운영_전략_통합테이블_20260203.md,999_활용,,v1.0,2026-02-03,GitHub Copilot,,통합 정리,,
docs/v2_specs/99_guides/v2_admin_dashboard_manual_ko.md,99_guides,,,,,,,,
docs/v2_specs/99_qa/v2_test_execution_log.md,99_qa,,,,,,,,
docs/v2_specs/99_verification/e2e/20260126_inbox_e2e.md,99_verification,,,,,,,,
docs/v2_specs/99_verification/sot_consistency_report_20260119.md,99_verification,,,,,,,,
docs/v2_specs/99_verification/sot_consistency_report_20260119_v2.md,99_verification,,,,,,,,
docs/v2_specs/99_verification/sot_verification_report_shop.md,99_verification,,,,,,,,
docs/v2_specs/99_verification/v1_to_v2_shop_products_conversion_ko.md,99_verification,운영 가이드,v1.0,2026-01-19,GitHub Copilot,운영/개발,SoT,,
docs/v2_specs/99_verification/v2_admin_ops_verification_report_ko.md,99_verification,검증 보고서,v1.1,2026-01-19,GitHub Copilot,BE/FE/운영/기획,검증 완료 + 수정 적용 완료,,
docs/v2_specs/99_verification/v2_api_sot_coverage_report_ko.md,99_verification,검증 리포트,v1.1,2026-01-20,Antigravity Agent,개발 팀,SoT (Verified / Pass),,
docs/v2_specs/99_verification/v2_db_sot_coverage_report_ko.md,99_verification,,,,,,,,
docs/v2_specs/99_verification/v2_game_sot_coverage_report_ko.md,99_verification,검증 리포트,v1.0,2026-01-20,Antigravity Agent,기획/개발 팀,SoT,,
docs/v2_specs/99_verification/v2_global_sot_verification_report_ko.md,99_verification,전역 검증 보고서,v1.3,2026-01-19,GitHub Copilot,BE/FE/운영/기획/QA,검증 완료 + HIGH PRIORITY 수정 완료,,
docs/v2_specs/99_verification/v2_high_priority_fixes_complete_ko.md,99_verification,수정 완료 보고서,v1.0,2026-01-19,GitHub Copilot,FE 팀,완료,,
docs/v2_specs/99_verification/v2_legacy_gap_report_20260119.md,99_verification,,,,,,,,
docs/v2_specs/99_verification/v2_ops_sot_coverage_report_ko.md,99_verification,,,,,,,,
docs/v2_specs/99_verification/v2_sot_batch4_verification_report_ko.md,99_verification,검증 리포트,v1.0,2026-01-20,Antigravity Agent,기획/개발/운영 팀,SoT (Verified),,
docs/v2_specs/99_verification/v2_streak_backtest_20260122_ko.md,99_verification,검증/백테스트 리포트,v1.0,2026-01-22,GitHub Copilot,BE 개발자,검증 완료,,
docs/v2_specs/99_verification/주사위 어드민 설정 풀스택 검증 완료.md,99_verification,,,,,,,,
docs/v2_specs/admin_data_auto_upload_implementation_plan.md,admin_data_auto_upload_implementation_plan.md,,,,,,,,
docs/v2_specs/ai손대지말것_NOTOUCH.md,ai손대지말것_NOTOUCH.md,,,,,,,,
docs/v2_specs/critical_fix_plan_xp_cc.md,critical_fix_plan_xp_cc.md,,,,,,,,
docs/v2_specs/marketing_analysis_results/MARKETING_w2.md,marketing_analysis_results,,,,,,,,
docs/v2_specs/marketing_analysis_results/MARKETING_w3.md,marketing_analysis_results,,,,,,,,
docs/v2_specs/marketing_analysis_results/MARKETING_w4.md,marketing_analysis_results,,,,,,,,
docs/v2_specs/marketing_analysis_results/v1 실패리포트.md,marketing_analysis_results,,,,,,,,
docs/v2_specs/marketing_analysis_results/v2_CC개선방안1주차.md,marketing_analysis_results,,,,,,,,
docs/v2_specs/marketing_analysis_results/v2_CC개선방안1주차_피드백.md,marketing_analysis_results,,,,,,,,
docs/v2_specs/marketing_analysis_results/v2_funnel_since_20260204.md,marketing_analysis_results,,,,,,,,
docs/v2_specs/marketing_analysis_results/v2_integrated_marketing_ops_sot.md,marketing_analysis_results,,,,,,,,
docs/v2_specs/marketing_analysis_results/개선방안1주_2주플레이북.md,marketing_analysis_results,,,,,,,,
docs/v2_specs/marketing_analysis_results/개선방안_개요.md,marketing_analysis_results,,,,,,,,
docs/v2_specs/marketing_analysis_results/마케팅_전문가_관리자_리포트.md,marketing_analysis_results,,,,,,,,
docs/v2_specs/marketing_analysis_results/보관/MARKETING_FAILURE_REPORT.md,marketing_analysis_results,,,,,,,,
docs/v2_specs/marketing_analysis_results/보관/MARKETING_IMPROVEMENT_GUIDE.md,marketing_analysis_results,,,,,,,,
docs/v2_specs/marketing_analysis_results/보관/MARKETING_w1 copy.md,marketing_analysis_results,,,,,,,,
docs/v2_specs/marketing_analysis_results/보관/MARKETING_w2 copy.md,marketing_analysis_results,,,,,,,,
docs/v2_specs/marketing_analysis_results/보관/MARKETING_w3 copy.md,marketing_analysis_results,,,,,,,,
docs/v2_specs/marketing_analysis_results/보관/MARKETING_w4 copy.md,marketing_analysis_results,,,,,,,,
